designator,title,doc_type,category,family,tags,aliases,status,version_count,latest_date,doc_url,latest_url
12,SMPTE Time and Control Code,12,"Timing, synchronization, and control",,Synchronization; Timecode; Timing,12; SMPTE Time and Control Code; Synchronization; time code; Timecode; Timing,unknown,0,,https://pub.smpte.org/doc/12/,
159,8mm Type S,159,General standards and recommended practices,,,159; 8mm Type S,unknown,0,,https://pub.smpte.org/doc/159/,
2001,XML Representation of SMPTE Registered Data,2001,"Metadata, captions, subtitles, and identifiers",,Metadata,2001; meta data; Metadata; XML Representation of SMPTE Registered Data,unknown,0,,https://pub.smpte.org/doc/2001/,
2016,Active Format Description,2016,"IP, networking, and remote control",,IP Video; Networking; PTP; RTP,2016; Active Format Description; IP Video; Networking; precision time protocol; PTP; real-time transport protocol; RTP; smpte 2110; st 2110,unknown,0,,https://pub.smpte.org/doc/2016/,
2019,VC-3 Video Compression,2019,"Files, wrappers, and interchange",,Bitstream; Codec; Compression,2019; Bitstream; Codec; Compression; VC-3 Video Compression,unknown,0,,https://pub.smpte.org/doc/2019/,
2020,Audio Metadata,2020,Audio,,Audio; Identifier; Loudness; Metadata; Registry; Sound,2020; Audio; Audio Metadata; Identifier; Loudness; meta data; Metadata; Registry; Sound,unknown,0,,https://pub.smpte.org/doc/2020/,
2021,Broadcast Exchange Format (BXF),2021,"Files, wrappers, and interchange",,Files,2021; Broadcast Exchange Format (BXF); Files,unknown,0,,https://pub.smpte.org/doc/2021/,
2022,MPEG-2 Streams on IP Networks,2022,"IP, networking, and remote control",,Bitstream; Codec; Compression; IP Video; Networking; PTP; RTP,2022; Bitstream; Codec; Compression; IP Video; MPEG-2 Streams on IP Networks; Networking; precision time protocol; PTP; real-time transport protocol; RTP; smpte 2110; st 2110,unknown,0,,https://pub.smpte.org/doc/2022/,
2032,Media Dispatch Protocol (MDP),2032,General standards and recommended practices,,,2032; Media Dispatch Protocol (MDP),unknown,0,,https://pub.smpte.org/doc/2032/,
2034,Archive eXchange Format (AXF),2034,"Files, wrappers, and interchange",,Archive; Recording; Storage,2034; Archive; Archive eXchange Format (AXF); Recording; Storage,unknown,0,,https://pub.smpte.org/doc/2034/,
2036,Ultra High Definition Television,2036,"Video formats, interfaces, and signal transport",,Video formats,2036; Ultra High Definition Television; Video formats,unknown,0,,https://pub.smpte.org/doc/2036/,
2041,Compressed Audio Formats in AES3,2041,Audio,,Audio; Loudness; Sound,2041; Audio; Compressed Audio Formats in AES3; Loudness; Sound,unknown,0,,https://pub.smpte.org/doc/2041/,
2042,VC-2 Compression,2042,"Files, wrappers, and interchange",,Bitstream; Codec; Compression,2042; Bitstream; Codec; Compression; VC-2 Compression,unknown,0,,https://pub.smpte.org/doc/2042/,
2046,Safe Areas for Television,2046,"Video formats, interfaces, and signal transport",,Video formats,2046; Safe Areas for Television; Video formats,unknown,0,,https://pub.smpte.org/doc/2046/,
2047,Carriage of VC-2 Compressed Video,2047,"Files, wrappers, and interchange",,Bitstream; Codec; Compression,2047; Bitstream; Carriage of VC-2 Compressed Video; Codec; Compression,unknown,0,,https://pub.smpte.org/doc/2047/,
2048,Digital Cinematography Product Image Format FS/709,2048,"Cinema, film, projection, and mastering",,Cinema package; D-Cinema; DCP; Digital Cinema,2048; Cinema package; D-Cinema; DCP; digital cinema; digital cinema package; Digital Cinematography Product Image Format FS/709,unknown,0,,https://pub.smpte.org/doc/2048/,
2050,4:2:2 / 4:2:0 Format Conversion Minimizing Color Difference Signal Degradation in Concatenated Operations,2050,"Color, HDR, imaging, and display",,Color; Display; Imaging,2050; 4:2:2 / 4:2:0 Format Conversion Minimizing Color Difference Signal Degradation in Concatenated Operations; Color; Display; Imaging,unknown,0,,https://pub.smpte.org/doc/2050/,
2052,Timed Text Format (SMPTE-TT),2052,General standards and recommended practices,,,2052; Timed Text Format (SMPTE-TT),unknown,0,,https://pub.smpte.org/doc/2052/,
2058,VC-4 Video Compression,2058,"Files, wrappers, and interchange",,Bitstream; Codec; Compression,2058; Bitstream; Codec; Compression; VC-4 Video Compression,unknown,0,,https://pub.smpte.org/doc/2058/,
2059,Precision Time Protocol in Professional Broadcast Applications,2059,General standards and recommended practices,,,2059; Precision Time Protocol in Professional Broadcast Applications,unknown,0,,https://pub.smpte.org/doc/2059/,
2064,Audio to Video Synchronization Measurement,2064,"Timing, synchronization, and control",,Audio; Calibration; Loudness; Measurement; Sound; Test Method,2064; Audio; Audio to Video Synchronization Measurement; Calibration; Loudness; Measurement; Sound; Test Method,unknown,0,,https://pub.smpte.org/doc/2064/,
2065,Academy,2065,General standards and recommended practices,,,2065; Academy,unknown,0,,https://pub.smpte.org/doc/2065/,
2067,Interoperable Master Format (IMF),2067,General standards and recommended practices,,File interchange; IMF; Interoperable Master Format; Mastering,2067; File interchange; IMF; interoperable master format; Interoperable Master Format (IMF); Mastering,unknown,0,,https://pub.smpte.org/doc/2067/,
2070,Stereoscopic 3D in MXF,2070,"Files, wrappers, and interchange",,Essence; File interchange; Material Exchange Format; MXF; Wrapper,2070; Essence; File interchange; Material Exchange Format; MXF; Stereoscopic 3D in MXF; Wrapper,unknown,0,,https://pub.smpte.org/doc/2070/,
2071,Media Device Control Framework (MDCF),2071,General standards and recommended practices,,,2071; Media Device Control Framework (MDCF),unknown,0,,https://pub.smpte.org/doc/2071/,
2073,VC-5 Compression,2073,"Files, wrappers, and interchange",,Bitstream; Codec; Compression,2073; Bitstream; Codec; Compression; VC-5 Compression,unknown,0,,https://pub.smpte.org/doc/2073/,
2076,Stereoscopic (S3D) or Multi-Camera Array,2076,General standards and recommended practices,,,2076; Stereoscopic (S3D) or Multi-Camera Array,unknown,0,,https://pub.smpte.org/doc/2076/,
2080,Luminance Level and Chromaticity,2080,"Color, HDR, imaging, and display",,Color; Display; Imaging,2080; Color; Display; Imaging; Luminance Level and Chromaticity,unknown,0,,https://pub.smpte.org/doc/2080/,
2081,6G-SDI,2081,"Video formats, interfaces, and signal transport",,SDI; Signal transport; Video interface,2081; 6G-SDI; SDI; serial digital interface; Signal transport; Video interface,unknown,0,,https://pub.smpte.org/doc/2081/,
2082,12G-SDI,2082,"Video formats, interfaces, and signal transport",,SDI; Signal transport; Video interface,12G-SDI; 2082; SDI; serial digital interface; Signal transport; Video interface,unknown,0,,https://pub.smpte.org/doc/2082/,
2091,Ruggedized Fiber-Optic Connectors,2091,General standards and recommended practices,,,2091; Ruggedized Fiber-Optic Connectors,unknown,0,,https://pub.smpte.org/doc/2091/,
2092,Advertising Digital Identifier (Ad-ID),2092,"Metadata, captions, subtitles, and identifiers",,Identifier; Metadata; Registry,2092; Advertising Digital Identifier (Ad-ID); Identifier; meta data; Metadata; Registry,unknown,0,,https://pub.smpte.org/doc/2092/,
2094,Dynamic Metadata for Color Volume Transform,2094,"Color, HDR, imaging, and display",,Color; Display; Identifier; Imaging; Metadata; Registry,2094; Color; Display; Dynamic Metadata for Color Volume Transform; Identifier; Imaging; meta data; Metadata; Registry,unknown,0,,https://pub.smpte.org/doc/2094/,
2095,Cinema Sound,2095,Audio,,Audio; Loudness; Sound,2095; Audio; Cinema Sound; Loudness; Sound,unknown,0,,https://pub.smpte.org/doc/2095/,
2096,Cinema Sound Calibration,2096,Audio,,Audio; Calibration; Loudness; Measurement; Sound; Test Method,2096; Audio; Calibration; Cinema Sound Calibration; Loudness; Measurement; Sound; Test Method,unknown,0,,https://pub.smpte.org/doc/2096/,
2098,Immersive Audio,2098,Audio,,Audio; Loudness; Sound,2098; Audio; Immersive Audio; Loudness; Sound,unknown,0,,https://pub.smpte.org/doc/2098/,
2100,Haptic-Tactile Essence for Broadcast Production Applications,2100,"Files, wrappers, and interchange",,Files,2100; Files; Haptic-Tactile Essence for Broadcast Production Applications,unknown,0,,https://pub.smpte.org/doc/2100/,
2108,HDR and WCG Metadata,2108,"Color, HDR, imaging, and display",,Display; HDR; Identifier; Metadata; Perceptual Quantizer; PQ; Registry,2108; Display; HDR; HDR and WCG Metadata; high dynamic range; Identifier; meta data; Metadata; Perceptual Quantizer; PQ; Registry,unknown,0,,https://pub.smpte.org/doc/2108/,
2110,Professional Media Over Managed IP Networks,2110,"IP, networking, and remote control",,IP Video; Networking; PTP; RTP,2110; IP Video; Networking; precision time protocol; Professional Media Over Managed IP Networks; PTP; real-time transport protocol; RTP; smpte 2110; st 2110,unknown,0,,https://pub.smpte.org/doc/2110/,
2111,SDI Roadmap,2111,"Video formats, interfaces, and signal transport",,SDI; Signal transport; Video interface,2111; SDI; SDI Roadmap; serial digital interface; Signal transport; Video interface,unknown,0,,https://pub.smpte.org/doc/2111/,
2112,Open Binding of Content Identifiers (OBID),2112,"Metadata, captions, subtitles, and identifiers",,Identifier; Metadata; Registry,2112; Identifier; meta data; Metadata; Open Binding of Content Identifiers (OBID); Registry,unknown,0,,https://pub.smpte.org/doc/2112/,
2117,VC-6 Video compression,2117,"Files, wrappers, and interchange",,Bitstream; Codec; Compression,2117; Bitstream; Codec; Compression; VC-6 Video compression,unknown,0,,https://pub.smpte.org/doc/2117/,
2120,Extensible Time Label,2120,"Metadata, captions, subtitles, and identifiers",,Identifier; Metadata; Registry,2120; Extensible Time Label; Identifier; meta data; Metadata; Registry,unknown,0,,https://pub.smpte.org/doc/2120/,
2127,Metadata-Guided Audio (MGA),2127,Audio,,Audio; Identifier; Loudness; Metadata; Registry; Sound,2127; Audio; Identifier; Loudness; meta data; Metadata; Metadata-Guided Audio (MGA); Registry; Sound,unknown,0,,https://pub.smpte.org/doc/2127/,
2136,Common LUT Format,2136,General standards and recommended practices,,,2136; Common LUT Format,unknown,0,,https://pub.smpte.org/doc/2136/,
219,Color Bar Signals,219,"Color, HDR, imaging, and display",,Color; Display; Imaging,219; Color; Color Bar Signals; Display; Imaging,unknown,0,,https://pub.smpte.org/doc/219/,
268,Digital Moving-Picture Exchange (DPX),268,"Files, wrappers, and interchange",,Files,268; Digital Moving-Picture Exchange (DPX); Files,unknown,0,,https://pub.smpte.org/doc/268/,
27,TV Test Patterns,27,"Color, HDR, imaging, and display",,Calibration; Measurement; Test Method,27; Calibration; Measurement; Test Method; TV Test Patterns,unknown,0,,https://pub.smpte.org/doc/27/,
291,Ancillary Data,291,"Video formats, interfaces, and signal transport",,Ancillary Data; Mapping; Payload,291; Ancillary Data; Mapping; Payload,unknown,0,,https://pub.smpte.org/doc/291/,
292,Serial Digital Interface 1.5 Gb/s,292,"Video formats, interfaces, and signal transport",,SDI; Signal transport; Video interface,292; SDI; serial digital interface; Serial Digital Interface 1.5 Gb/s; Signal transport; Video interface,unknown,0,,https://pub.smpte.org/doc/292/,
297,"Multi-Link and Multi-Channel 1.5G, 3G, 6G and 12G-SDI",297,"Video formats, interfaces, and signal transport",,SDI; Signal transport; Video interface,"297; Multi-Link and Multi-Channel 1.5G, 3G, 6G and 12G-SDI; SDI; serial digital interface; Signal transport; Video interface",unknown,0,,https://pub.smpte.org/doc/297/,
299,24-Bit Digital Audio Format,299,Audio,,Audio; Loudness; Sound,24-Bit Digital Audio Format; 299; Audio; Loudness; Sound,unknown,0,,https://pub.smpte.org/doc/299/,
334,Caption,334,"Metadata, captions, subtitles, and identifiers",,Accessibility; Captions; Subtitles,334; Accessibility; Caption; Captions; Subtitles,unknown,0,,https://pub.smpte.org/doc/334/,
363,Declarative Data Essence,363,"Files, wrappers, and interchange",,Files,363; Declarative Data Essence; Files,unknown,0,,https://pub.smpte.org/doc/363/,
377,Material Exchange Format (MXF),377,"Files, wrappers, and interchange",,Essence; File interchange; Material Exchange Format; MXF; Wrapper,377; Essence; File interchange; Material Exchange Format; Material Exchange Format (MXF); MXF; Wrapper,unknown,0,,https://pub.smpte.org/doc/377/,
379,MXF Generic Container,379,"Files, wrappers, and interchange",,Essence; File interchange; Material Exchange Format; MXF; Wrapper,379; Essence; File interchange; Material Exchange Format; MXF; MXF Generic Container; Wrapper,unknown,0,,https://pub.smpte.org/doc/379/,
381,MXF Mapping Streams into Generic Container,381,"Files, wrappers, and interchange",,Ancillary Data; Essence; File interchange; Mapping; Material Exchange Format; MXF; Payload; Wrapper,381; Ancillary Data; Essence; File interchange; Mapping; Material Exchange Format; MXF; MXF Mapping Streams into Generic Container; Payload; Wrapper,unknown,0,,https://pub.smpte.org/doc/381/,
425,Bit-Serial Interfaces at 3 Gb/s,425,"Video formats, interfaces, and signal transport",,SDI; Signal transport; Video interface,425; Bit-Serial Interfaces at 3 Gb/s; SDI; serial digital interface; Signal transport; Video interface,unknown,0,,https://pub.smpte.org/doc/425/,
428,D-Cinema Distribution Master,428,"Cinema, film, projection, and mastering",,Cinema package; D-Cinema; DCP; Digital Cinema,428; Cinema package; D-Cinema; D-Cinema Distribution Master; DCP; digital cinema; digital cinema package,unknown,0,,https://pub.smpte.org/doc/428/,
429,D-Cinema Packaging,429,"Cinema, film, projection, and mastering",,Cinema package; D-Cinema; DCP; Digital Cinema,429; Cinema package; D-Cinema; D-Cinema Packaging; DCP; digital cinema; digital cinema package,unknown,0,,https://pub.smpte.org/doc/429/,
430,D-Cinema Operations,430,"Cinema, film, projection, and mastering",,Cinema package; D-Cinema; DCP; Digital Cinema,430; Cinema package; D-Cinema; D-Cinema Operations; DCP; digital cinema; digital cinema package,unknown,0,,https://pub.smpte.org/doc/430/,
431,D-Cinema Quality,431,"Cinema, film, projection, and mastering",,Cinema package; D-Cinema; DCP; Digital Cinema,431; Cinema package; D-Cinema; D-Cinema Quality; DCP; digital cinema; digital cinema package,unknown,0,,https://pub.smpte.org/doc/431/,
432,D-Cinema Signal Processing,432,"Cinema, film, projection, and mastering",,Cinema package; D-Cinema; DCP; Digital Cinema,432; Cinema package; D-Cinema; D-Cinema Signal Processing; DCP; digital cinema; digital cinema package,unknown,0,,https://pub.smpte.org/doc/432/,
435,10 Gb/s Serial Signal/Data Interface,435,"Video formats, interfaces, and signal transport",,SDI; Signal transport; Video interface,10 Gb/s Serial Signal/Data Interface; 435; SDI; serial digital interface; Signal transport; Video interface,unknown,0,,https://pub.smpte.org/doc/435/,
436,Mapping of VI and ANC Data in MXF,436,"Files, wrappers, and interchange",,Ancillary Data; Essence; File interchange; Mapping; Material Exchange Format; MXF; Payload; Wrapper,436; Ancillary Data; Essence; File interchange; Mapping; Mapping of VI and ANC Data in MXF; Material Exchange Format; MXF; Payload; Wrapper,unknown,0,,https://pub.smpte.org/doc/436/,
59,Interoperable Master Format,59,General standards and recommended practices,,File interchange; IMF; Interoperable Master Format; Mastering,59; File interchange; IMF; Interoperable Master Format; Mastering,unknown,0,,https://pub.smpte.org/doc/59/,
EG 1,Alignment Color Bar Test Signal for Television Picture Monitors,EG,"Color, HDR, imaging, and display",EG 1,Calibration; Color; Display; Imaging; Measurement; Test Method,Alignment Color Bar Test Signal for Television Picture Monitors; Calibration; Color; Display; EG 1; Imaging; Measurement; Test Method,stabilized,1,1990-03-28,https://pub.smpte.org/doc/eg1/,https://pub.smpte.org/doc/eg1/19900328-pub/
EG 2,Edge Identification of Motion-Picture Raw Stock Containers,EG,"Storage, recording, and physical media",EG 2,Storage,Edge Identification of Motion-Picture Raw Stock Containers; EG 2; Storage,stabilized,1,1999-11-05,https://pub.smpte.org/doc/eg2/,https://pub.smpte.org/doc/eg2/19991105-pub/
EG 3,Projection for Technical Conferences,EG,"Cinema, film, projection, and mastering",EG 3,Cinema,Cinema; EG 3; Projection for Technical Conferences,stabilized,1,1994-02-08,https://pub.smpte.org/doc/eg3/,https://pub.smpte.org/doc/eg3/19940208-pub/
EG 5,"Projected Image Quality of 70-, 35- and 16-mm Motion-Picture Projection Systems",EG,"Cinema, film, projection, and mastering",EG 5,Cinema,"Cinema; EG 5; Projected Image Quality of 70-, 35- and 16-mm Motion-Picture Projection Systems",stabilized,1,2003-10-20,https://pub.smpte.org/doc/eg5/,https://pub.smpte.org/doc/eg5/20031020-pub/
EG 7,"Audio Sync Pulse for 8-mm Type S Cameras, Magnetic Audio Recorders and Rerecording Projectors",EG,"Storage, recording, and physical media",EG 7,Archive; Audio; Loudness; Recording; Sound; Storage,"Archive; Audio; Audio Sync Pulse for 8-mm Type S Cameras, Magnetic Audio Recorders and Rerecording Projectors; EG 7; Loudness; Recording; Sound; Storage",stabilized,1,1994-09-01,https://pub.smpte.org/doc/eg7/,https://pub.smpte.org/doc/eg7/19940901-pub/
EG 8,Specifications for Motion-Picture Camera Equipment Used in Space Environment,EG,"Cinema, film, projection, and mastering",EG 8,IP Video; Networking; PTP; RTP,EG 8; IP Video; Networking; precision time protocol; PTP; real-time transport protocol; RTP; smpte 2110; Specifications for Motion-Picture Camera Equipment Used in Space Environment; st 2110,stabilized,1,1993-11-17,https://pub.smpte.org/doc/eg8/,https://pub.smpte.org/doc/eg8/19931117-pub/
EG 9,Audio Recording Reference Level for Post-Production of Motion-Picture Related Materials,EG,Audio,EG 9,Archive; Audio; Loudness; Recording; Sound; Storage,Archive; Audio; Audio Recording Reference Level for Post-Production of Motion-Picture Related Materials; EG 9; Loudness; Recording; Sound; Storage,withdrawn,1,2005-05-04,https://pub.smpte.org/doc/eg9/,https://pub.smpte.org/doc/eg9/20050504-pub/
EG 10,Tape Transport Geometry Parameters for 19-mm Type D-1 Television Digital Component Recording,EG,"Storage, recording, and physical media",EG 10,Archive; Recording; Storage,Archive; EG 10; Recording; Storage; Tape Transport Geometry Parameters for 19-mm Type D-1 Television Digital Component Recording,stabilized,1,2003-02-07,https://pub.smpte.org/doc/eg10/,https://pub.smpte.org/doc/eg10/20030207-pub/
EG 12,Control of Basic Parameters in the Manufacture of SMPTE Photographic and Magnetic Audio Test Films,EG,Audio,EG 12,Archive; Audio; Calibration; Loudness; Measurement; Recording; Sound; Storage; Test Method,Archive; Audio; Calibration; Control of Basic Parameters in the Manufacture of SMPTE Photographic and Magnetic Audio Test Films; EG 12; Loudness; Measurement; Recording; Sound; Storage; Test Method,stabilized,1,1994-02-08,https://pub.smpte.org/doc/eg12/,https://pub.smpte.org/doc/eg12/19940208-pub/
EG 13,Use of Audio Magnetic Test Films,EG,Audio,EG 13,Archive; Audio; Calibration; Loudness; Measurement; Recording; Sound; Storage; Test Method,Archive; Audio; Calibration; EG 13; Loudness; Measurement; Recording; Sound; Storage; Test Method; Use of Audio Magnetic Test Films,stabilized,2,2012-02-14,https://pub.smpte.org/doc/eg13/,https://pub.smpte.org/doc/eg13/20120214-pub/
EG 14,Acoustical Background Noise Levels in Dubbing Stages,EG,General standards and recommended practices,EG 14,,Acoustical Background Noise Levels in Dubbing Stages; EG 14,stabilized,1,2005-12-16,https://pub.smpte.org/doc/eg14/,https://pub.smpte.org/doc/eg14/20051216-pub/
EG 15,Level for Analog Recording of Dialog in Motion-Picture Production,EG,"Cinema, film, projection, and mastering",EG 15,Archive; Recording; Storage,Archive; EG 15; Level for Analog Recording of Dialog in Motion-Picture Production; Recording; Storage,stabilized,1,2005-04-04,https://pub.smpte.org/doc/eg15/,https://pub.smpte.org/doc/eg15/20050404-pub/
EG 16,Measurement Methods for Film and Digital Motion-Picture Camera Acoustical Noise — Field Method,EG,"Cinema, film, projection, and mastering",EG 16,Calibration; Measurement; Test Method,Calibration; EG 16; Measurement; Measurement Methods for Film and Digital Motion-Picture Camera Acoustical Noise — Field Method; Test Method,stabilized,2,2014-02-11,https://pub.smpte.org/doc/eg16/,https://pub.smpte.org/doc/eg16/20140211-pub/
EG 17,B-Chain Electroacoustical Response for Preparing Magnetic Masters for Transfer to 16-mm or 35/32-mm Monaural Photographic Film,EG,"Cinema, film, projection, and mastering",EG 17,Archive; Recording; Storage,Archive; B-Chain Electroacoustical Response for Preparing Magnetic Masters for Transfer to 16-mm or 35/32-mm Monaural Photographic Film; EG 17; Recording; Storage,stabilized,1,2002-07-26,https://pub.smpte.org/doc/eg17/,https://pub.smpte.org/doc/eg17/20020726-pub/
EG 18,Design of Effective Cine Theaters,EG,"Cinema, film, projection, and mastering",EG 18,Cinema,Cinema; Design of Effective Cine Theaters; EG 18,withdrawn,1,1994-03-25,https://pub.smpte.org/doc/eg18/,https://pub.smpte.org/doc/eg18/19940325-pub/
EG 20,Tape Transport Geometry Parameters for 19-mm Type D-2 Composite Format for Television Digital Recording,EG,"Storage, recording, and physical media",EG 20,Archive; Recording; Storage,Archive; EG 20; Recording; Storage; Tape Transport Geometry Parameters for 19-mm Type D-2 Composite Format for Television Digital Recording,stabilized,1,1997-09-18,https://pub.smpte.org/doc/eg20/,https://pub.smpte.org/doc/eg20/19970918-pub/
EG 21,Nomenclature for Television Digital Recording of 19-mm Type D-1 Component and Type D-2 Composite Formats,EG,"Storage, recording, and physical media",EG 21,Archive; Recording; Storage,Archive; EG 21; Nomenclature for Television Digital Recording of 19-mm Type D-1 Component and Type D-2 Composite Formats; Recording; Storage,stabilized,1,1997-09-18,https://pub.smpte.org/doc/eg21/,https://pub.smpte.org/doc/eg21/19970918-pub/
EG 22,Description and Index of Documents for 19-mm Type D-2 Composite Television Digital Recording,EG,"IP, networking, and remote control",EG 22,Archive; IP Video; Networking; PTP; Recording; RTP; Storage,Archive; Description and Index of Documents for 19-mm Type D-2 Composite Television Digital Recording; EG 22; IP Video; Networking; precision time protocol; PTP; real-time transport protocol; Recording; RTP; smpte 2110; st 2110; Storage,stabilized,1,1997-09-18,https://pub.smpte.org/doc/eg22/,https://pub.smpte.org/doc/eg22/19970918-pub/
EG 23,Transfer of Two-Channel Stereo Audio from Audio Magnetic Film or Tape to Video Tape,EG,Audio,EG 23,Archive; Audio; Loudness; Recording; Sound; Storage,Archive; Audio; EG 23; Loudness; Recording; Sound; Storage; Transfer of Two-Channel Stereo Audio from Audio Magnetic Film or Tape to Video Tape,stabilized,1,2005-12-16,https://pub.smpte.org/doc/eg23/,https://pub.smpte.org/doc/eg23/20051216-pub/
EG 24,Video and Audio Alignment Tapes and Procedures for 1-in Type C Helical-Scan Television Analog Recorders,EG,"Storage, recording, and physical media",EG 24,Archive; Audio; Calibration; Loudness; Measurement; Recording; Sound; Storage; Test Method,Archive; Audio; Calibration; EG 24; Loudness; Measurement; Recording; Sound; Storage; Test Method; Video and Audio Alignment Tapes and Procedures for 1-in Type C Helical-Scan Television Analog Recorders,stabilized,1,1995-10-07,https://pub.smpte.org/doc/eg24/,https://pub.smpte.org/doc/eg24/19951007-pub/
EG 25,Telecine Scanning for Film Transfer to Television,EG,"Cinema, film, projection, and mastering",EG 25,Cinema,Cinema; EG 25; Telecine Scanning for Film Transfer to Television,stabilized,1,2003-07-17,https://pub.smpte.org/doc/eg25/,https://pub.smpte.org/doc/eg25/20030717-pub/
EG 26,Audio Channel Assignments for Digital Television Tape Recorders with AES/EBU Digital Audio Input,EG,Audio,EG 26,Archive; Audio; Loudness; Recording; Sound; Storage,Archive; Audio; Audio Channel Assignments for Digital Television Tape Recorders with AES/EBU Digital Audio Input; EG 26; Loudness; Recording; Sound; Storage,active,1,1995-08-10,https://pub.smpte.org/doc/eg26/,https://pub.smpte.org/doc/eg26/19950810-pub/
EG 27,Supplemental Information for ANSI/SMPTE 170M and Background on the Development of NTSC Color Standards,EG,"Color, HDR, imaging, and display",EG 27,Color; Display; Imaging,Color; Display; EG 27; Imaging; Supplemental Information for ANSI/SMPTE 170M and Background on the Development of NTSC Color Standards,stabilized,1,2004-11-08,https://pub.smpte.org/doc/eg27/,https://pub.smpte.org/doc/eg27/20041108-pub/
EG 28,Annotated Glossary of Essential Terms for Electronic Production,EG,General standards and recommended practices,EG 28,,Annotated Glossary of Essential Terms for Electronic Production; EG 28,stabilized,1,1993-05-01,https://pub.smpte.org/doc/eg28/,https://pub.smpte.org/doc/eg28/19930501-pub/
EG 29,Remote Control of Television Equipment,EG,"IP, networking, and remote control",EG 29,IP Video; Networking; PTP; RTP,EG 29; IP Video; Networking; precision time protocol; PTP; real-time transport protocol; Remote Control of Television Equipment; RTP; smpte 2110; st 2110,stabilized,1,1993-07-01,https://pub.smpte.org/doc/eg29/,https://pub.smpte.org/doc/eg29/19930701-pub/
EG 30,Implementation of ESlan Standards,EG,General standards and recommended practices,EG 30,,EG 30; Implementation of ESlan Standards,stabilized,1,1995-01-01,https://pub.smpte.org/doc/eg30/,https://pub.smpte.org/doc/eg30/19950101-pub/
EG 31,Considerations for Cassette Bar Code Readers,EG,General standards and recommended practices,EG 31,,Considerations for Cassette Bar Code Readers; EG 31,stabilized,1,1995-03-01,https://pub.smpte.org/doc/eg31/,https://pub.smpte.org/doc/eg31/19950301-pub/
EG 32,Emphasis of AES/EBU Audio in Television Systems and Preferred Audio Sampling Rate,EG,Audio,EG 32,Audio; Loudness; Sound,Audio; EG 32; Emphasis of AES/EBU Audio in Television Systems and Preferred Audio Sampling Rate; Loudness; Sound,stabilized,1,1996-10-01,https://pub.smpte.org/doc/eg32/,https://pub.smpte.org/doc/eg32/19961001-pub/
EG 33,Jitter Characteristics and Measurements,EG,"Measurement, calibration, and test methods",EG 33,Calibration; Measurement; Test Method,Calibration; EG 33; Jitter Characteristics and Measurements; Measurement; Test Method,active,1,2004-11-30,https://pub.smpte.org/doc/eg33/,https://pub.smpte.org/doc/eg33/20041130-pub/
EG 34,Pathological Conditions in Serial Digital Video Systems,EG,"Video formats, interfaces, and signal transport",EG 34,SDI; Signal transport; Video interface,EG 34; Pathological Conditions in Serial Digital Video Systems; SDI; serial digital interface; Signal transport; Video interface,stabilized,1,2004-10-08,https://pub.smpte.org/doc/eg34/,https://pub.smpte.org/doc/eg34/20041008-pub/
EG 35,"Time and Control Code: Time Address Clock Precision for Television, Audio and Film",EG,"Timing, synchronization, and control",EG 35,Audio; Loudness; Sound; Synchronization; Timecode; Timing,"Audio; EG 35; Loudness; Sound; Synchronization; Time and Control Code: Time Address Clock Precision for Television, Audio and Film; time code; Timecode; Timing",active,2,2012-10-31,https://pub.smpte.org/doc/eg35/,https://pub.smpte.org/doc/eg35/20121031-pub/
EG 36,Transformations Between Television Component Color Signals,EG,"Color, HDR, imaging, and display",EG 36,Color; Display; Imaging,Color; Display; EG 36; Imaging; Transformations Between Television Component Color Signals,stabilized,1,2000-03-23,https://pub.smpte.org/doc/eg36/,https://pub.smpte.org/doc/eg36/20000323-pub/
EG 37,Node Structure for the SMPTE Metadata Dictionary,EG,"Metadata, captions, subtitles, and identifiers",EG 37,Identifier; Metadata; Registry,EG 37; Identifier; meta data; Metadata; Node Structure for the SMPTE Metadata Dictionary; Registry,withdrawn,1,2001-09-18,https://pub.smpte.org/doc/eg37/,https://pub.smpte.org/doc/eg37/20010918-pub/
EG 38,MPEG-2 Operating Range Applications,EG,"Files, wrappers, and interchange",EG 38,Bitstream; Codec; Compression,Bitstream; Codec; Compression; EG 38; MPEG-2 Operating Range Applications,stabilized,1,2001-08-30,https://pub.smpte.org/doc/eg38/,https://pub.smpte.org/doc/eg38/20010830-pub/
EG 39,Overview of Declarative Data Essence,EG,"Files, wrappers, and interchange",EG 39,Files,EG 39; Files; Overview of Declarative Data Essence,stabilized,1,2003-01-08,https://pub.smpte.org/doc/eg39/,https://pub.smpte.org/doc/eg39/20030108-pub/
EG 40,"Conversion of Time Values between SMPTE ST 12-1 Time Code, MPEG-2 PCR Time Base and Absoute Time",EG,"Files, wrappers, and interchange",EG 40,Bitstream; Codec; Compression; Synchronization; Timecode; Timing,"Bitstream; Codec; Compression; Conversion of Time Values between SMPTE ST 12-1 Time Code, MPEG-2 PCR Time Base and Absoute Time; EG 40; Synchronization; time code; Timecode; Timing",active,3,2016-07-29,https://pub.smpte.org/doc/eg40/,https://pub.smpte.org/doc/eg40/20160729-pub/
EG 41,Material Exchange Format (MXF) - Engineering Guideline,EG,"Files, wrappers, and interchange",EG 41,Essence; File interchange; Material Exchange Format; MXF; Wrapper,EG 41; Essence; File interchange; Material Exchange Format; Material Exchange Format (MXF) - Engineering Guideline; MXF; Wrapper,withdrawn,1,2004-09-22,https://pub.smpte.org/doc/eg41/,https://pub.smpte.org/doc/eg41/20040922-pub/
EG 42,Material Exchange Format (MXF) - MXF Descriptive Metadata,EG,"Files, wrappers, and interchange",EG 42,Essence; File interchange; Identifier; IP Video; Material Exchange Format; Metadata; MXF; Networking; PTP; Registry; RTP; Wrapper,EG 42; Essence; File interchange; Identifier; IP Video; Material Exchange Format; Material Exchange Format (MXF) - MXF Descriptive Metadata; meta data; Metadata; MXF; Networking; precision time protocol; PTP; real-time transport protocol; Registry; RTP; smpte 2110; st 2110; Wrapper,active,2,2015-08-30,https://pub.smpte.org/doc/eg42/,https://pub.smpte.org/doc/eg42/20150830-pub/
EG 43,System Implementation of CEA-708-B and CEA-608-B Closed Captioning,EG,"Metadata, captions, subtitles, and identifiers",EG 43,Accessibility; Captions; Subtitles,Accessibility; Captions; EG 43; Subtitles; System Implementation of CEA-708-B and CEA-608-B Closed Captioning,stabilized,1,2009-10-23,https://pub.smpte.org/doc/eg43/,https://pub.smpte.org/doc/eg43/20091023-pub/
EG 44,"Care, Storage, Operation, Handling and Shipping of Magnetic Recording Tape for Television",EG,"Storage, recording, and physical media",EG 44,Archive; IP Video; Networking; PTP; Recording; RTP; Storage,"Archive; Care, Storage, Operation, Handling and Shipping of Magnetic Recording Tape for Television; EG 44; IP Video; Networking; precision time protocol; PTP; real-time transport protocol; Recording; RTP; smpte 2110; st 2110; Storage",active,1,2005-11-30,https://pub.smpte.org/doc/eg44/,https://pub.smpte.org/doc/eg44/20051130-pub/
EG 377-3,Material Exchange Format (MXF) —Engineering Guideline (Informative),EG,"Files, wrappers, and interchange",EG 377,Essence; File interchange; Material Exchange Format; MXF; Wrapper,EG 377; EG 377-3; Essence; File interchange; Material Exchange Format; Material Exchange Format (MXF) —Engineering Guideline (Informative); MXF; Wrapper,active,1,2013-01-29,https://pub.smpte.org/doc/eg377-3/,https://pub.smpte.org/doc/eg377-3/20130129-pub/
EG 428-23,D-Cinema Distribution Master — Mastering Guideline for Japanese Timed Text,EG,"Cinema, film, projection, and mastering",EG 428,Cinema package; D-Cinema; DCP; Digital Cinema,Cinema package; D-Cinema; D-Cinema Distribution Master — Mastering Guideline for Japanese Timed Text; DCP; digital cinema; digital cinema package; EG 428; EG 428-23,active,1,2026-04-28,https://pub.smpte.org/doc/eg428-23/,https://pub.smpte.org/doc/eg428-23/20260428-pub/
EG 432-1,Color Processing for D-Cinema,EG,"Cinema, film, projection, and mastering",EG 432,Cinema package; Color; D-Cinema; DCP; Digital Cinema; Display; Imaging,Cinema package; Color; Color Processing for D-Cinema; D-Cinema; DCP; digital cinema; digital cinema package; Display; EG 432; EG 432-1; Imaging,stabilized,1,2010-11-10,https://pub.smpte.org/doc/eg432-1/,https://pub.smpte.org/doc/eg432-1/20101110-pub/
EG 432-2,D-Cinema Low Frequency Effects (LFE) Channel Audio Characteristics,EG,Audio,EG 432,Audio; Cinema package; D-Cinema; DCP; Digital Cinema; Loudness; Sound,Audio; Cinema package; D-Cinema; D-Cinema Low Frequency Effects (LFE) Channel Audio Characteristics; DCP; digital cinema; digital cinema package; EG 432; EG 432-2; Loudness; Sound,stabilized,1,2006-12-29,https://pub.smpte.org/doc/eg432-2/,https://pub.smpte.org/doc/eg432-2/20061229-pub/
EG 2021-3,SMPTE Engineering Guideline BXF Use Cases,EG,General standards and recommended practices,EG 2021,,EG 2021; EG 2021-3; SMPTE Engineering Guideline BXF Use Cases,active,7,2022-02-18,https://pub.smpte.org/doc/eg2021-3/,https://pub.smpte.org/doc/eg2021-3/20220218-pub/
EG 2021-4,Broadcast Exchange Format (BXF) Schema Documentation,EG,"Files, wrappers, and interchange",EG 2021,Files,Broadcast Exchange Format (BXF) Schema Documentation; EG 2021; EG 2021-4; Files,active,5,2017-07-12,https://pub.smpte.org/doc/eg2021-4/,https://pub.smpte.org/doc/eg2021-4/20170712-pub/
EG 2032-4,Engineering Guideline (Informative),EG,General standards and recommended practices,EG 2032,,EG 2032; EG 2032-4; Engineering Guideline (Informative),stabilized,1,2014-12-14,https://pub.smpte.org/doc/eg2032-4/,https://pub.smpte.org/doc/eg2032-4/20141214-pub/
EG 2039,Inspection and Cleaning Processes for the 304M Hybrid Connector,EG,General standards and recommended practices,EG 2039,,EG 2039; Inspection and Cleaning Processes for the 304M Hybrid Connector,active,1,2008-10-30,https://pub.smpte.org/doc/eg2039/,https://pub.smpte.org/doc/eg2039/20081030-pub/
EG 2046-3,Safe Areas for Television,EG,"Video formats, interfaces, and signal transport",EG 2046,Video formats,EG 2046; EG 2046-3; Safe Areas for Television; Video formats,active,1,2010-02-23,https://pub.smpte.org/doc/eg2046-3/,https://pub.smpte.org/doc/eg2046-3/20100223-pub/
EG 2050-2,Application,EG,General standards and recommended practices,EG 2050,,Application; EG 2050; EG 2050-2,active,1,2012-01-31,https://pub.smpte.org/doc/eg2050-2/,https://pub.smpte.org/doc/eg2050-2/20120131-pub/
EG 2059-10,Introduction to the New Synchronization System (SMPTE ST 2059),EG,"Timing, synchronization, and control",EG 2059,Timing,EG 2059; EG 2059-10; Introduction to the New Synchronization System (SMPTE ST 2059); Timing,active,2,2022-11-11,https://pub.smpte.org/doc/eg2059-10/,https://pub.smpte.org/doc/eg2059-10/20221111-pub/
EG 2061,Stereoscopic Distribution Master - Glossary,EG,General standards and recommended practices,EG 2061,,EG 2061; Stereoscopic Distribution Master - Glossary,stabilized,1,2016-07-29,https://pub.smpte.org/doc/eg2061/,https://pub.smpte.org/doc/eg2061/20160729-pub/
EG 2069,Optical SDI Networks,EG,"IP, networking, and remote control",EG 2069,IP Video; Networking; PTP; RTP; SDI; Signal transport; Video interface,EG 2069; IP Video; Networking; Optical SDI Networks; precision time protocol; PTP; real-time transport protocol; RTP; SDI; serial digital interface; Signal transport; smpte 2110; st 2110; Video interface,active,1,2012-08-01,https://pub.smpte.org/doc/eg2069/,https://pub.smpte.org/doc/eg2069/20120801-pub/
EG 2074,SMPTE Metadata Naming Guidelines,EG,"Metadata, captions, subtitles, and identifiers",EG 2074,Identifier; Metadata; Registry,EG 2074; Identifier; meta data; Metadata; Registry; SMPTE Metadata Naming Guidelines,stabilized,1,2013-05-10,https://pub.smpte.org/doc/eg2074/,https://pub.smpte.org/doc/eg2074/20130510-pub/
EG 2076-2,"Image Identification, Alignment, Transport and System Guidance for Stereoscopic (S3D) or Multi-Camera Array",EG,"Measurement, calibration, and test methods",EG 2076,Calibration; Measurement; Test Method,"Calibration; EG 2076; EG 2076-2; Image Identification, Alignment, Transport and System Guidance for Stereoscopic (S3D) or Multi-Camera Array; Measurement; Test Method",active,1,2016-08-24,https://pub.smpte.org/doc/eg2076-2/,https://pub.smpte.org/doc/eg2076-2/20160824-pub/
EG 2098-3,Immersive Audio Renderer Expectations and Testing Recommendations,EG,Audio,EG 2098,Audio; Calibration; Loudness; Measurement; Sound; Test Method,Audio; Calibration; EG 2098; EG 2098-3; Immersive Audio Renderer Expectations and Testing Recommendations; Loudness; Measurement; Sound; Test Method,active,1,2020-07-06,https://pub.smpte.org/doc/eg2098-3/,https://pub.smpte.org/doc/eg2098-3/20200706-pub/
EG 2111-1,SD-SDI and HD-SDI Standards Roadmap,EG,"Video formats, interfaces, and signal transport",EG 2111,SDI; Signal transport; Video interface,EG 2111; EG 2111-1; SD-SDI and HD-SDI Standards Roadmap; SDI; serial digital interface; Signal transport; Video interface,active,1,2020-12-02,https://pub.smpte.org/doc/eg2111-1/,https://pub.smpte.org/doc/eg2111-1/20201202-pub/
EG 2111-2,3/6/12 & 24 Gbit/s SDI Standards Roadmap,EG,"Video formats, interfaces, and signal transport",EG 2111,SDI; Signal transport; Video interface,3/6/12 & 24 Gbit/s SDI Standards Roadmap; EG 2111; EG 2111-2; SDI; serial digital interface; Signal transport; Video interface,active,1,2018-12-03,https://pub.smpte.org/doc/eg2111-2/,https://pub.smpte.org/doc/eg2111-2/20181203-pub/
EG 2111-3,10G-SDI Standards Roadmap,EG,"Video formats, interfaces, and signal transport",EG 2111,SDI; Signal transport; Video interface,10G-SDI Standards Roadmap; EG 2111; EG 2111-3; SDI; serial digital interface; Signal transport; Video interface,active,1,2020-12-02,https://pub.smpte.org/doc/eg2111-3/,https://pub.smpte.org/doc/eg2111-3/20201202-pub/
EG 2112-2,Audience Measurement Ecosystem,EG,"Measurement, calibration, and test methods",EG 2112,Calibration; Measurement; Test Method,Audience Measurement Ecosystem; Calibration; EG 2112; EG 2112-2; Measurement; Test Method,active,2,2020-04-24,https://pub.smpte.org/doc/eg2112-2/,https://pub.smpte.org/doc/eg2112-2/20200424-pub/
OV 292-0,Roadmap for the 292 Document Suite,OV,General standards and recommended practices,OV 292,,OV 292; OV 292-0; Roadmap for the 292 Document Suite,active,2,2018-05-16,https://pub.smpte.org/doc/ov292-0/,https://pub.smpte.org/doc/ov292-0/20180516-pub/
OV 297-0,Overview for the 297 Document Suite,OV,General standards and recommended practices,OV 297,,OV 297; OV 297-0; Overview for the 297 Document Suite,active,1,2017-01-06,https://pub.smpte.org/doc/ov297-0/,https://pub.smpte.org/doc/ov297-0/20170106-pub/
OV 299-0,24-Bit Digital Audio Format forSMPTE 292 Bit-Serial Interface —Roadmap for the 299 Document Suite,OV,Audio,OV 299,Audio; Loudness; SDI; Signal transport; Sound; Video interface,24-Bit Digital Audio Format forSMPTE 292 Bit-Serial Interface —Roadmap for the 299 Document Suite; Audio; Loudness; OV 299; OV 299-0; SDI; serial digital interface; Signal transport; Sound; Video interface,active,1,2010-07-21,https://pub.smpte.org/doc/ov299-0/,https://pub.smpte.org/doc/ov299-0/20100721-pub/
OV 379-0,Overview for the SMPTE ST 379 Document Suite,OV,General standards and recommended practices,OV 379,Essence; File interchange; Material Exchange Format; MXF; Wrapper,Essence; File interchange; Material Exchange Format; MXF; OV 379; OV 379-0; Overview for the SMPTE ST 379 Document Suite; Wrapper,active,1,2015-12-24,https://pub.smpte.org/doc/ov379-0/,https://pub.smpte.org/doc/ov379-0/20151224-pub/
OV 425-0,Roadmap for the 425 Document Suite,OV,General standards and recommended practices,OV 425,,OV 425; OV 425-0; Roadmap for the 425 Document Suite,active,3,2014-02-20,https://pub.smpte.org/doc/ov425-0/,https://pub.smpte.org/doc/ov425-0/20140220-pub/
OV 435-0,Roadmap,OV,General standards and recommended practices,OV 435,,OV 435; OV 435-0; Roadmap,active,1,2012-09-27,https://pub.smpte.org/doc/ov435-0/,https://pub.smpte.org/doc/ov435-0/20120927-pub/
OV 2021-0,Roadmap for the 2021 Document Suite,OV,General standards and recommended practices,OV 2021,,OV 2021; OV 2021-0; Roadmap for the 2021 Document Suite,active,6,2020-06-08,https://pub.smpte.org/doc/ov2021-0/,https://pub.smpte.org/doc/ov2021-0/20200608-pub/
OV 2036-0,Ultra High Definition Television,OV,"Video formats, interfaces, and signal transport",OV 2036,Video formats,OV 2036; OV 2036-0; Ultra High Definition Television; Video formats,active,3,2015-03-27,https://pub.smpte.org/doc/ov2036-0/,https://pub.smpte.org/doc/ov2036-0/20150327-pub/
OV 2048-0,Roadmap for the 2048 Document Suite,OV,General standards and recommended practices,OV 2048,,OV 2048; OV 2048-0; Roadmap for the 2048 Document Suite,active,2,2012-09-29,https://pub.smpte.org/doc/ov2048-0/,https://pub.smpte.org/doc/ov2048-0/20120929-pub/
OV 2052-0,Roadmap for the 2052 Document Suite,OV,General standards and recommended practices,OV 2052,,OV 2052; OV 2052-0; Roadmap for the 2052 Document Suite,active,2,2014-08-14,https://pub.smpte.org/doc/ov2052-0/,https://pub.smpte.org/doc/ov2052-0/20140814-pub/
OV 2067-0,Interoperable Master Format,OV,General standards and recommended practices,OV 2067,File interchange; IMF; Interoperable Master Format; Mastering,File interchange; IMF; Interoperable Master Format; Mastering; OV 2067; OV 2067-0,active,3,2021-05-25,https://pub.smpte.org/doc/ov2067-0/,https://pub.smpte.org/doc/ov2067-0/20210525-pub/
OV 2073-0,Document Suite Overview,OV,General standards and recommended practices,OV 2073,,Document Suite Overview; OV 2073; OV 2073-0,active,3,2023-02-23,https://pub.smpte.org/doc/ov2073-0/,https://pub.smpte.org/doc/ov2073-0/20230223-pub/
OV 2081-0,6G-SDI Bit-Serial Interfaces Roadmap for the SMPTE ST 2081 Document Suite,OV,"Video formats, interfaces, and signal transport",OV 2081,SDI; Signal transport; Video interface,6G-SDI Bit-Serial Interfaces Roadmap for the SMPTE ST 2081 Document Suite; OV 2081; OV 2081-0; SDI; serial digital interface; Signal transport; Video interface,active,3,2018-05-02,https://pub.smpte.org/doc/ov2081-0/,https://pub.smpte.org/doc/ov2081-0/20180502-pub/
OV 2082-0,Overview for the SMPTE ST 2082 Document Suite,OV,General standards and recommended practices,OV 2082,,OV 2082; OV 2082-0; Overview for the SMPTE ST 2082 Document Suite,active,3,2018-05-02,https://pub.smpte.org/doc/ov2082-0/,https://pub.smpte.org/doc/ov2082-0/20180502-pub/
OV 2094-0,Overview for the SMPTE ST 2094 Document Suite,OV,General standards and recommended practices,OV 2094,,OV 2094; OV 2094-0; Overview for the SMPTE ST 2094 Document Suite,active,1,2017-01-06,https://pub.smpte.org/doc/ov2094-0/,https://pub.smpte.org/doc/ov2094-0/20170106-pub/
OV 2110-0,Roadmap for the 2110 Document Suite,OV,General standards and recommended practices,OV 2110,,OV 2110; OV 2110-0; Roadmap for the 2110 Document Suite,active,1,2018-12-04,https://pub.smpte.org/doc/ov2110-0/,https://pub.smpte.org/doc/ov2110-0/20181204-pub/
OV 2112-0,Roadmap for the 2112 Document Suite,OV,General standards and recommended practices,OV 2112,,OV 2112; OV 2112-0; Roadmap for the 2112 Document Suite,active,1,2018-09-25,https://pub.smpte.org/doc/ov2112-0/,https://pub.smpte.org/doc/ov2112-0/20180925-pub/
RDD 1,DDRMON-MIB-1 - A Digital Disk Recorder Simple Network Management Protocol Management Information Base,RDD,"IP, networking, and remote control",RDD 1,IP Video; Networking; PTP; RTP,DDRMON-MIB-1 - A Digital Disk Recorder Simple Network Management Protocol Management Information Base; IP Video; Networking; precision time protocol; PTP; RDD 1; real-time transport protocol; RTP; smpte 2110; st 2110,active,1,2003-07-28,https://pub.smpte.org/doc/rdd1/,https://pub.smpte.org/doc/rdd1/20030728-pub/
RDD 2,Use of Logarithmic Non-Linear Transfer Characteristic for Transmission of Linear Signals through Limited-Bit-Depth Image Representations and Interfaces,RDD,"Color, HDR, imaging, and display",RDD 2,SDI; Signal transport; Video interface,RDD 2; SDI; serial digital interface; Signal transport; Use of Logarithmic Non-Linear Transfer Characteristic for Transmission of Linear Signals through Limited-Bit-Depth Image Representations and Interfaces; Video interface,active,1,2007-01-18,https://pub.smpte.org/doc/rdd2/,https://pub.smpte.org/doc/rdd2/20070118-pub/
RDD 3,e-VTR MXF Interoperability Specification,RDD,"Cinema, film, projection, and mastering",RDD 3,Essence; File interchange; Material Exchange Format; MXF; Wrapper,e-VTR MXF Interoperability Specification; Essence; File interchange; Material Exchange Format; MXF; RDD 3; Wrapper,active,1,2008-07-11,https://pub.smpte.org/doc/rdd3/,https://pub.smpte.org/doc/rdd3/20080711-pub/
RDD 4,Pro-AV MIB-1 - A Professional Audio/Visual Product Simple Network Management Protocol Management Information Base,RDD,"IP, networking, and remote control",RDD 4,Audio; IP Video; Loudness; Networking; PTP; RTP; Sound,Audio; IP Video; Loudness; Networking; precision time protocol; Pro-AV MIB-1 - A Professional Audio/Visual Product Simple Network Management Protocol Management Information Base; PTP; RDD 4; real-time transport protocol; RTP; smpte 2110; Sound; st 2110,active,1,2005-06-14,https://pub.smpte.org/doc/rdd4/,https://pub.smpte.org/doc/rdd4/20050614-pub/
RDD 5,Film Grain Technology - Specifications for H.264 / MPEG-4 AVC Bitstreams,RDD,"Files, wrappers, and interchange",RDD 5,Bitstream; Codec; Compression,Bitstream; Codec; Compression; Film Grain Technology - Specifications for H.264 / MPEG-4 AVC Bitstreams; RDD 5,active,1,2006-03-06,https://pub.smpte.org/doc/rdd5/,https://pub.smpte.org/doc/rdd5/20060306-pub/
RDD 6,Description and Guide to the Use of the Dolby® E Audio Metadata Serial Bitstream,RDD,Audio,RDD 6,Audio; Bitstream; Codec; Compression; Identifier; IP Video; Loudness; Metadata; Networking; PTP; Registry; RTP; Sound,Audio; Bitstream; Codec; Compression; Description and Guide to the Use of the Dolby® E Audio Metadata Serial Bitstream; Identifier; IP Video; Loudness; meta data; Metadata; Networking; precision time protocol; PTP; RDD 6; real-time transport protocol; Registry; RTP; smpte 2110; Sound; st 2110,active,1,2008-03-12,https://pub.smpte.org/doc/rdd6/,https://pub.smpte.org/doc/rdd6/20080312-pub/
RDD 8,Storage and Distribution of Teletext Subtitles and VBI Data for High-Definition Television,RDD,"Metadata, captions, subtitles, and identifiers",RDD 8,Accessibility; Archive; Captions; Recording; Storage; Subtitles,Accessibility; Archive; Captions; RDD 8; Recording; Storage; Storage and Distribution of Teletext Subtitles and VBI Data for High-Definition Television; Subtitles,active,1,2008-09-17,https://pub.smpte.org/doc/rdd8/,https://pub.smpte.org/doc/rdd8/20080917-pub/
RDD 9,MXF Interoperability Specification of Sony MPEG Long GOP Products,RDD,"Files, wrappers, and interchange",RDD 9,Bitstream; Codec; Compression; Essence; File interchange; Material Exchange Format; MXF; Wrapper,Bitstream; Codec; Compression; Essence; File interchange; Material Exchange Format; MXF; MXF Interoperability Specification of Sony MPEG Long GOP Products; RDD 9; Wrapper,active,3,2013-02-06,https://pub.smpte.org/doc/rdd9/,https://pub.smpte.org/doc/rdd9/20130206-pub/
RDD 10,"An Open Transport and Navigational Specification, Optionally Supporting Multiple Conditional Access Systems",RDD,"IP, networking, and remote control",RDD 10,IP Video; Networking; PTP; RTP,"An Open Transport and Navigational Specification, Optionally Supporting Multiple Conditional Access Systems; IP Video; Networking; precision time protocol; PTP; RDD 10; real-time transport protocol; RTP; smpte 2110; st 2110",active,1,2006-09-06,https://pub.smpte.org/doc/rdd10/,https://pub.smpte.org/doc/rdd10/20060906-pub/
RDD 11,Bitstream Syntax and Semantics for Carriage of HDSDI Ancillary Data in an MPEG-2 Transport System,RDD,"Video formats, interfaces, and signal transport",RDD 11,Ancillary Data; Bitstream; Codec; Compression; Mapping; Payload; SDI; Signal transport; Video interface,Ancillary Data; Bitstream; Bitstream Syntax and Semantics for Carriage of HDSDI Ancillary Data in an MPEG-2 Transport System; Codec; Compression; Mapping; Payload; RDD 11; SDI; serial digital interface; Signal transport; Video interface,active,1,2007-07-10,https://pub.smpte.org/doc/rdd11/,https://pub.smpte.org/doc/rdd11/20070710-pub/
RDD 14,General Exchange Format-2,RDD,"Files, wrappers, and interchange",RDD 14,Files,Files; General Exchange Format-2; RDD 14,active,1,2010-07-10,https://pub.smpte.org/doc/rdd14/,https://pub.smpte.org/doc/rdd14/20100710-pub/
RDD 15,Software Scripting Language for Pixel-Based Color Transformations,RDD,"Color, HDR, imaging, and display",RDD 15,Color; Display; Imaging; IP Video; Networking; PTP; RTP,Color; Display; Imaging; IP Video; Networking; precision time protocol; PTP; RDD 15; real-time transport protocol; RTP; smpte 2110; Software Scripting Language for Pixel-Based Color Transformations; st 2110,active,1,2007-09-24,https://pub.smpte.org/doc/rdd15/,https://pub.smpte.org/doc/rdd15/20070924-pub/
RDD 16,Broadcast Cameras — Hybrid Electrical and Fiber-Optic Ball-Lock Connector Type-OPS,RDD,General standards and recommended practices,RDD 16,,Broadcast Cameras — Hybrid Electrical and Fiber-Optic Ball-Lock Connector Type-OPS; RDD 16,active,1,2008-11-25,https://pub.smpte.org/doc/rdd16/,https://pub.smpte.org/doc/rdd16/20081125-pub/
RDD 17,Television —Advertising Digital Identification (Ad-ID),RDD,"Video formats, interfaces, and signal transport",RDD 17,Video formats,RDD 17; Television —Advertising Digital Identification (Ad-ID); Video formats,active,1,2009-10-22,https://pub.smpte.org/doc/rdd17/,https://pub.smpte.org/doc/rdd17/20091022-pub/
RDD 18,Acquisition Metadata Sets for Video Camera Parameters,RDD,"Metadata, captions, subtitles, and identifiers",RDD 18,Identifier; Metadata; Registry,Acquisition Metadata Sets for Video Camera Parameters; Identifier; meta data; Metadata; RDD 18; Registry,active,3,2021-07-01,https://pub.smpte.org/doc/rdd18/,https://pub.smpte.org/doc/rdd18/20210701-pub/
RDD 19,Guidelines on the Use of Dolby® E with Video Signals at Frame Rates Greater than 30 Hz,RDD,"Video formats, interfaces, and signal transport",RDD 19,Video formats,Guidelines on the Use of Dolby® E with Video Signals at Frame Rates Greater than 30 Hz; RDD 19; Video formats,active,1,2011-02-04,https://pub.smpte.org/doc/rdd19/,https://pub.smpte.org/doc/rdd19/20110204-pub/
RDD 20,Cinelink 2 Specification,RDD,"Video formats, interfaces, and signal transport",RDD 20,Video formats,Cinelink 2 Specification; RDD 20; Video formats,active,1,2010-04-12,https://pub.smpte.org/doc/rdd20/,https://pub.smpte.org/doc/rdd20/20100412-pub/
RDD 22,Film Transfer – 2048x1556 Image Container and Signal Interface,RDD,"Cinema, film, projection, and mastering",RDD 22,SDI; Signal transport; Video interface,Film Transfer – 2048x1556 Image Container and Signal Interface; RDD 22; SDI; serial digital interface; Signal transport; Video interface,active,1,2012-03-12,https://pub.smpte.org/doc/rdd22/,https://pub.smpte.org/doc/rdd22/20120312-pub/
RDD 24,Specification of the FIMS Media SOA Framework,RDD,General standards and recommended practices,RDD 24,,RDD 24; Specification of the FIMS Media SOA Framework,active,1,2013-11-07,https://pub.smpte.org/doc/rdd24/,https://pub.smpte.org/doc/rdd24/20131107-pub/
RDD 25,AVC MXF Proxies,RDD,"Files, wrappers, and interchange",RDD 25,Bitstream; Codec; Compression; Essence; File interchange; Material Exchange Format; MXF; Wrapper,AVC MXF Proxies; Bitstream; Codec; Compression; Essence; File interchange; Material Exchange Format; MXF; RDD 25; Wrapper,active,1,2014-04-01,https://pub.smpte.org/doc/rdd25/,https://pub.smpte.org/doc/rdd25/20140401-pub/
RDD 26,MXF OP-1b Specification for AVC with Chunk Audio,RDD,"Files, wrappers, and interchange",RDD 26,Audio; Bitstream; Codec; Compression; Essence; File interchange; Loudness; Material Exchange Format; MXF; Sound; Wrapper,Audio; Bitstream; Codec; Compression; Essence; File interchange; Loudness; Material Exchange Format; MXF; MXF OP-1b Specification for AVC with Chunk Audio; RDD 26; Sound; Wrapper,active,2,2015-05-06,https://pub.smpte.org/doc/rdd26/,https://pub.smpte.org/doc/rdd26/20150506-pub/
RDD 28,Dolby Atmos® Print Master File Specification,RDD,"Files, wrappers, and interchange",RDD 28,Files,Dolby Atmos® Print Master File Specification; Files; RDD 28,active,1,2014-06-15,https://pub.smpte.org/doc/rdd28/,https://pub.smpte.org/doc/rdd28/20140615-pub/
RDD 29,Dolby Atmos® Bitstream Specification,RDD,"Video formats, interfaces, and signal transport",RDD 29,Bitstream; Codec; Compression,Bitstream; Codec; Compression; Dolby Atmos® Bitstream Specification; RDD 29,active,2,2018-11-20,https://pub.smpte.org/doc/rdd29/,https://pub.smpte.org/doc/rdd29/20181120-pub/
RDD 30,ARRIRAW Image File Structure and Interpretation Supporting Deferred Demosaicing to a Logarithmic Encoding,RDD,"Files, wrappers, and interchange",RDD 30,Files,ARRIRAW Image File Structure and Interpretation Supporting Deferred Demosaicing to a Logarithmic Encoding; Files; RDD 30,active,1,2014-08-16,https://pub.smpte.org/doc/rdd30/,https://pub.smpte.org/doc/rdd30/20140816-pub/
RDD 31,Deferred Demosaicing of an ARRIRAW Image File to a Wide-Gamut Logarithmic Encoding,RDD,"Files, wrappers, and interchange",RDD 31,Files,Deferred Demosaicing of an ARRIRAW Image File to a Wide-Gamut Logarithmic Encoding; Files; RDD 31,active,1,2014-08-16,https://pub.smpte.org/doc/rdd31/,https://pub.smpte.org/doc/rdd31/20140816-pub/
RDD 32,XAVCTM MXF Mapping and Operating Points,RDD,"Files, wrappers, and interchange",RDD 32,Ancillary Data; Bitstream; Codec; Compression; Essence; File interchange; Mapping; Material Exchange Format; MXF; Payload; Wrapper,Ancillary Data; Bitstream; Codec; Compression; Essence; File interchange; Mapping; Material Exchange Format; MXF; Payload; RDD 32; Wrapper; XAVCTM MXF Mapping and Operating Points,active,2,2017-08-30,https://pub.smpte.org/doc/rdd32/,https://pub.smpte.org/doc/rdd32/20170830-pub/
RDD 33,Format for Non-PCM Audio and Data in AES3 — Dolby-E® Data Type,RDD,Audio,RDD 33,Audio; Loudness; Sound,Audio; Format for Non-PCM Audio and Data in AES3 — Dolby-E® Data Type; Loudness; RDD 33; Sound,active,1,2015-03-27,https://pub.smpte.org/doc/rdd33/,https://pub.smpte.org/doc/rdd33/20150327-pub/
RDD 34,LLVC - Low Latency Video Codec for Network Transfer,RDD,"IP, networking, and remote control",RDD 34,IP Video; Networking; PTP; RTP,IP Video; LLVC - Low Latency Video Codec for Network Transfer; Networking; precision time protocol; PTP; RDD 34; real-time transport protocol; RTP; smpte 2110; st 2110,active,1,2015-09-01,https://pub.smpte.org/doc/rdd34/,https://pub.smpte.org/doc/rdd34/20150901-pub/
RDD 35,TICO Lightweight Codec Used in IP Networked or in SDI Infrastructures,RDD,"IP, networking, and remote control",RDD 35,IP Video; Networking; PTP; RTP; SDI; Signal transport; Video interface,IP Video; Networking; precision time protocol; PTP; RDD 35; real-time transport protocol; RTP; SDI; serial digital interface; Signal transport; smpte 2110; st 2110; TICO Lightweight Codec Used in IP Networked or in SDI Infrastructures; Video interface,active,1,2016-03-24,https://pub.smpte.org/doc/rdd35/,https://pub.smpte.org/doc/rdd35/20160324-pub/
RDD 36,Apple ProRes Bitstream Syntax and Decoding Process,RDD,"Video formats, interfaces, and signal transport",RDD 36,Bitstream; Codec; Compression,Apple ProRes Bitstream Syntax and Decoding Process; Bitstream; Codec; Compression; RDD 36,active,2,2022-09-09,https://pub.smpte.org/doc/rdd36/,https://pub.smpte.org/doc/rdd36/20220909-pub/
RDD 37,Uncompressed Video Transport Over MPEG-2 Transport Stream,RDD,"Video formats, interfaces, and signal transport",RDD 37,Bitstream; Codec; Compression,Bitstream; Codec; Compression; RDD 37; Uncompressed Video Transport Over MPEG-2 Transport Stream,active,1,2016-02-26,https://pub.smpte.org/doc/rdd37/,https://pub.smpte.org/doc/rdd37/20160226-pub/
RDD 38,Networked Device Control Protocol - Message Data Structure and Method of Communication,RDD,"IP, networking, and remote control",RDD 38,IP Video; Networking; PTP; RTP,IP Video; Networked Device Control Protocol - Message Data Structure and Method of Communication; Networking; precision time protocol; PTP; RDD 38; real-time transport protocol; RTP; smpte 2110; st 2110,active,1,2016-06-30,https://pub.smpte.org/doc/rdd38/,https://pub.smpte.org/doc/rdd38/20160630-pub/
RDD 39,MXF OP-1a Interoperability Specification for AVC-ULTRA,RDD,"Files, wrappers, and interchange",RDD 39,Bitstream; Codec; Compression; Essence; File interchange; Material Exchange Format; MXF; Wrapper,Bitstream; Codec; Compression; Essence; File interchange; Material Exchange Format; MXF; MXF OP-1a Interoperability Specification for AVC-ULTRA; RDD 39; Wrapper,active,1,2016-07-06,https://pub.smpte.org/doc/rdd39/,https://pub.smpte.org/doc/rdd39/20160706-pub/
RDD 40,Essence-independent IP Live Networked Media Transport,RDD,"IP, networking, and remote control",RDD 40,IP Video; Networking; PTP; RTP,Essence-independent IP Live Networked Media Transport; IP Video; Networking; precision time protocol; PTP; RDD 40; real-time transport protocol; RTP; smpte 2110; st 2110,active,1,2016-10-11,https://pub.smpte.org/doc/rdd40/,https://pub.smpte.org/doc/rdd40/20161011-pub/
RDD 41,MDA D-Cinema Application,RDD,"Cinema, film, projection, and mastering",RDD 41,Cinema package; D-Cinema; DCP; Digital Cinema,Cinema package; D-Cinema; DCP; digital cinema; digital cinema package; MDA D-Cinema Application; RDD 41,active,1,2016-08-23,https://pub.smpte.org/doc/rdd41/,https://pub.smpte.org/doc/rdd41/20160823-pub/
RDD 42,MDA Program Specification,RDD,General standards and recommended practices,RDD 42,,MDA Program Specification; RDD 42,active,1,2016-08-23,https://pub.smpte.org/doc/rdd42/,https://pub.smpte.org/doc/rdd42/20160823-pub/
RDD 43,MDA Bitstream Specification,RDD,"Video formats, interfaces, and signal transport",RDD 43,Bitstream; Codec; Compression,Bitstream; Codec; Compression; MDA Bitstream Specification; RDD 43,active,1,2016-08-23,https://pub.smpte.org/doc/rdd43/,https://pub.smpte.org/doc/rdd43/20160823-pub/
RDD 44,Material Exchange Format — Mapping and Application of Apple ProRes,RDD,"Files, wrappers, and interchange",RDD 44,Ancillary Data; Essence; File interchange; Mapping; Material Exchange Format; MXF; Payload; Wrapper,Ancillary Data; Essence; File interchange; Mapping; Material Exchange Format; Material Exchange Format — Mapping and Application of Apple ProRes; MXF; Payload; RDD 44; Wrapper,active,3,2022-06-01,https://pub.smpte.org/doc/rdd44/,https://pub.smpte.org/doc/rdd44/20220601-pub/
RDD 45,Interoperable Master Format – Application ProRes,RDD,General standards and recommended practices,RDD 45,File interchange; IMF; Interoperable Master Format; Mastering,File interchange; IMF; interoperable master format; Interoperable Master Format – Application ProRes; Mastering; RDD 45,active,2,2022-06-27,https://pub.smpte.org/doc/rdd45/,https://pub.smpte.org/doc/rdd45/20220627-pub/
RDD 46,SMPTE Timecode Extensions – Relationships to Higher Rates and Date-Time,RDD,"IP, networking, and remote control",RDD 46,IP Video; Networking; PTP; RTP; Synchronization; Timecode; Timing,IP Video; Networking; precision time protocol; PTP; RDD 46; real-time transport protocol; RTP; smpte 2110; SMPTE Timecode Extensions – Relationships to Higher Rates and Date-Time; st 2110; Synchronization; time code; Timecode; Timing,active,1,2019-03-05,https://pub.smpte.org/doc/rdd46/,https://pub.smpte.org/doc/rdd46/20190305-pub/
RDD 47,Interoperable Master Format – Isochronous Stream of XML Documents (ISXD) Plugin,RDD,"Metadata, captions, subtitles, and identifiers",RDD 47,File interchange; IMF; Interoperable Master Format; Mastering,File interchange; IMF; interoperable master format; Interoperable Master Format – Isochronous Stream of XML Documents (ISXD) Plugin; Mastering; RDD 47,active,1,2018-10-12,https://pub.smpte.org/doc/rdd47/,https://pub.smpte.org/doc/rdd47/20181012-pub/
RDD 48,MXF Archive and Preservation Format Registered Disclosure Document,RDD,"Files, wrappers, and interchange",RDD 48,Archive; Essence; File interchange; Material Exchange Format; MXF; Recording; Storage; Wrapper,Archive; Essence; File interchange; Material Exchange Format; MXF; MXF Archive and Preservation Format Registered Disclosure Document; RDD 48; Recording; Storage; Wrapper,active,2,2022-02-22,https://pub.smpte.org/doc/rdd48/,https://pub.smpte.org/doc/rdd48/20220222-am1-pub/
RDD 49,Professional Metadata (PMD) Specification,RDD,"Metadata, captions, subtitles, and identifiers",RDD 49,Identifier; Metadata; Registry,Identifier; meta data; Metadata; Professional Metadata (PMD) Specification; RDD 49; Registry,active,1,2019-01-25,https://pub.smpte.org/doc/rdd49/,https://pub.smpte.org/doc/rdd49/20190125-pub/
RDD 50,Avid DNxUncompressed – Packing definition and mapping to the MXF Generic Container,RDD,"Files, wrappers, and interchange",RDD 50,Ancillary Data; Essence; File interchange; Mapping; Material Exchange Format; MXF; Payload; Wrapper,Ancillary Data; Avid DNxUncompressed – Packing definition and mapping to the MXF Generic Container; Essence; File interchange; Mapping; Material Exchange Format; MXF; Payload; RDD 50; Wrapper,active,1,2019-07-30,https://pub.smpte.org/doc/rdd50/,https://pub.smpte.org/doc/rdd50/20190730-pub/
RDD 51,High Density Image Encoding for ARRIRAW Files,RDD,"Files, wrappers, and interchange",RDD 51,Files,Files; High Density Image Encoding for ARRIRAW Files; RDD 51,active,1,2020-04-09,https://pub.smpte.org/doc/rdd51/,https://pub.smpte.org/doc/rdd51/20200409-pub/
RDD 52,D-Cinema Packaging — SMPTE DCP Bv2.1 Application Profile,RDD,"Cinema, film, projection, and mastering",RDD 52,Cinema package; D-Cinema; DCP; Digital Cinema,Cinema package; D-Cinema; D-Cinema Packaging — SMPTE DCP Bv2.1 Application Profile; DCP; digital cinema; digital cinema package; RDD 52,active,1,2020-05-18,https://pub.smpte.org/doc/rdd52/,https://pub.smpte.org/doc/rdd52/20200518-pub/
RDD 54,Material Exchange Format — Mapping ARRIRAW Bitstreams into the MXF Generic Container,RDD,"Files, wrappers, and interchange",RDD 54,Ancillary Data; Bitstream; Codec; Compression; Essence; File interchange; Mapping; Material Exchange Format; MXF; Payload; Wrapper,Ancillary Data; Bitstream; Codec; Compression; Essence; File interchange; Mapping; Material Exchange Format; Material Exchange Format — Mapping ARRIRAW Bitstreams into the MXF Generic Container; MXF; Payload; RDD 54; Wrapper,active,1,2022-05-05,https://pub.smpte.org/doc/rdd54/,https://pub.smpte.org/doc/rdd54/20220505-pub/
RDD 55,Material Exchange Format — Carriage of ARRI Camera System Metadata,RDD,"Files, wrappers, and interchange",RDD 55,Essence; File interchange; Identifier; Material Exchange Format; Metadata; MXF; Registry; Wrapper,Essence; File interchange; Identifier; Material Exchange Format; Material Exchange Format — Carriage of ARRI Camera System Metadata; meta data; Metadata; MXF; RDD 55; Registry; Wrapper,active,1,2022-05-05,https://pub.smpte.org/doc/rdd55/,https://pub.smpte.org/doc/rdd55/20220505-pub/
RDD 56,Track File for JPEG 2000 Codestreams with Time-Synchronous Metadata,RDD,"Files, wrappers, and interchange",RDD 56,Bitstream; Codec; Compression; Identifier; Metadata; Registry,Bitstream; Codec; Compression; Identifier; meta data; Metadata; RDD 56; Registry; Track File for JPEG 2000 Codestreams with Time-Synchronous Metadata,active,1,2021-02-25,https://pub.smpte.org/doc/rdd56/,https://pub.smpte.org/doc/rdd56/20210225-pub/
RDD 57,SMPTE ST 2098-2 Immersive Audio Bitstream and Packaging Constraints: IAB Application Profile 1,RDD,Audio,RDD 57,Audio; Bitstream; Codec; Compression; Loudness; Sound,Audio; Bitstream; Codec; Compression; Loudness; RDD 57; SMPTE ST 2098-2 Immersive Audio Bitstream and Packaging Constraints: IAB Application Profile 1; Sound,active,1,2021-02-25,https://pub.smpte.org/doc/rdd57/,https://pub.smpte.org/doc/rdd57/20210225-pub/
RDD 58,Carriage of Live Production Metadata,RDD,"Metadata, captions, subtitles, and identifiers",RDD 58,Identifier; Metadata; Registry,Carriage of Live Production Metadata; Identifier; meta data; Metadata; RDD 58; Registry,active,1,2021-05-10,https://pub.smpte.org/doc/rdd58/,https://pub.smpte.org/doc/rdd58/20210510-pub/
RDD 59-1,Application DPP (ProRes),RDD,General standards and recommended practices,RDD 59,,Application DPP (ProRes); RDD 59; RDD 59-1,active,1,2022-09-16,https://pub.smpte.org/doc/rdd59-1/,https://pub.smpte.org/doc/rdd59-1/20220916-pub/
RDD 60,Material Exchange Format (MXF) — Mapping Immersive Audio Bitstream into the MXF Generic Container for Repository File Formats,RDD,"Files, wrappers, and interchange",RDD 60,Ancillary Data; Audio; Bitstream; Codec; Compression; Essence; File interchange; Loudness; Mapping; Material Exchange Format; MXF; Payload; Sound; Wrapper,Ancillary Data; Audio; Bitstream; Codec; Compression; Essence; File interchange; Loudness; Mapping; Material Exchange Format; Material Exchange Format (MXF) — Mapping Immersive Audio Bitstream into the MXF Generic Container for Repository File Formats; MXF; Payload; RDD 60; Sound; Wrapper,active,1,2025-05-12,https://pub.smpte.org/doc/rdd60/,https://pub.smpte.org/doc/rdd60/20250512-pub/
RDD 61,Material Exchange Format — Mapping ARRICORE Bitstreams into the MXF Generic Container,RDD,"Files, wrappers, and interchange",RDD 61,Ancillary Data; Bitstream; Codec; Compression; Essence; File interchange; Mapping; Material Exchange Format; MXF; Payload; Wrapper,Ancillary Data; Bitstream; Codec; Compression; Essence; File interchange; Mapping; Material Exchange Format; Material Exchange Format — Mapping ARRICORE Bitstreams into the MXF Generic Container; MXF; Payload; RDD 61; Wrapper,active,1,2025-05-12,https://pub.smpte.org/doc/rdd61/,https://pub.smpte.org/doc/rdd61/20250512-pub/
RP 6,Recorded Carrier Frequencies and Preemphasis Characteristics for 2-in Quadruplex Video Magnetic Tape Recording for 525-Line/60-Field Television Systems,RP,"Storage, recording, and physical media",RP 6,Archive; Color; Display; Imaging; Recording; Storage,Archive; Color; Display; Imaging; Recorded Carrier Frequencies and Preemphasis Characteristics for 2-in Quadruplex Video Magnetic Tape Recording for 525-Line/60-Field Television Systems; Recording; RP 6; Storage,stabilized,1,1994-02-28,https://pub.smpte.org/doc/rp6/,https://pub.smpte.org/doc/rp6/19940228-pub/
RP 9,Dimensions of Double-Frame 35-mm 2x2 Slides for Precise Applications in Television,RP,"Video formats, interfaces, and signal transport",RP 9,Video formats,Dimensions of Double-Frame 35-mm 2x2 Slides for Precise Applications in Television; RP 9; Video formats,stabilized,1,1995-07-06,https://pub.smpte.org/doc/rp9/,https://pub.smpte.org/doc/rp9/19950706-pub/
RP 11,Tape Vacuum Guide Configuration and Position for Quadruplex Video Magnetic Tape Recording,RP,"Storage, recording, and physical media",RP 11,Archive; Recording; Storage,Archive; Recording; RP 11; Storage; Tape Vacuum Guide Configuration and Position for Quadruplex Video Magnetic Tape Recording,stabilized,1,1994-02-28,https://pub.smpte.org/doc/rp11/,https://pub.smpte.org/doc/rp11/19940228-pub/
RP 12,Screen Luminance for Drive-In Theaters,RP,"Cinema, film, projection, and mastering",RP 12,Color; Display; Imaging,Color; Display; Imaging; RP 12; Screen Luminance for Drive-In Theaters,stabilized,1,1997-01-08,https://pub.smpte.org/doc/rp12/,https://pub.smpte.org/doc/rp12/19970108-pub/
RP 14,Plotting Data from Sensitometric Strips Exposed on Type Ib (Intensity Scale) Sensitometers,RP,"IP, networking, and remote control",RP 14,IP Video; Networking; PTP; RTP,IP Video; Networking; Plotting Data from Sensitometric Strips Exposed on Type Ib (Intensity Scale) Sensitometers; precision time protocol; PTP; real-time transport protocol; RP 14; RTP; smpte 2110; st 2110,stabilized,1,1997-01-22,https://pub.smpte.org/doc/rp14/,https://pub.smpte.org/doc/rp14/19970122-pub/
RP 15,Calibration of Densitometers Used for Black-and-White Photographic Density Measurement,RP,"Measurement, calibration, and test methods",RP 15,Calibration; Measurement; Test Method,Calibration; Calibration of Densitometers Used for Black-and-White Photographic Density Measurement; Measurement; RP 15; Test Method,stabilized,1,1997-01-22,https://pub.smpte.org/doc/rp15/,https://pub.smpte.org/doc/rp15/19970122-pub/
RP 16,Specifications of Tracking Control Record for 2-in Quadruplex Video Magnetic Tape Recordings,RP,"Storage, recording, and physical media",RP 16,Archive; Recording; Storage,Archive; Recording; RP 16; Specifications of Tracking Control Record for 2-in Quadruplex Video Magnetic Tape Recordings; Storage,stabilized,1,1993-03-05,https://pub.smpte.org/doc/rp16/,https://pub.smpte.org/doc/rp16/19930305-pub/
RP 17,Photographic Recording Technique for Measuring High-Speed Camera Image Unsteadiness,RP,"Storage, recording, and physical media",RP 17,Archive; Recording; Storage,Archive; Photographic Recording Technique for Measuring High-Speed Camera Image Unsteadiness; Recording; RP 17; Storage,stabilized,1,1964-04-12,https://pub.smpte.org/doc/rp17/,https://pub.smpte.org/doc/rp17/19640412-pub/
RP 18,Specifications for Test Film for Subjective Checking of 16-mm Motion-Picture Audio Projectors,RP,"Cinema, film, projection, and mastering",RP 18,Audio; Calibration; Loudness; Measurement; Sound; Test Method,Audio; Calibration; Loudness; Measurement; RP 18; Sound; Specifications for Test Film for Subjective Checking of 16-mm Motion-Picture Audio Projectors; Test Method,stabilized,1,1995-08-10,https://pub.smpte.org/doc/rp18/,https://pub.smpte.org/doc/rp18/19950810-pub/
RP 19,Specifications for 8-mm Type R Registration Test Film,RP,"Cinema, film, projection, and mastering",RP 19,Calibration; Measurement; Test Method,Calibration; Measurement; RP 19; Specifications for 8-mm Type R Registration Test Film; Test Method,stabilized,1,2003-10-20,https://pub.smpte.org/doc/rp19/,https://pub.smpte.org/doc/rp19/20031020-pub/
RP 20,Specifications for 16-mm Registration Test Film,RP,"Cinema, film, projection, and mastering",RP 20,Calibration; Measurement; Test Method,Calibration; Measurement; RP 20; Specifications for 16-mm Registration Test Film; Test Method,stabilized,1,2003-10-20,https://pub.smpte.org/doc/rp20/,https://pub.smpte.org/doc/rp20/20031020-pub/
RP 21,Dimensions of 35-mm and 70-mm Motion-Picture Rewind Spindles,RP,"Cinema, film, projection, and mastering",RP 21,Cinema,Cinema; Dimensions of 35-mm and 70-mm Motion-Picture Rewind Spindles; RP 21,stabilized,2,2015-02-24,https://pub.smpte.org/doc/rp21/,https://pub.smpte.org/doc/rp21/20150224-pub/
RP 24,Dimensions for 16-mm Motion-Picture Camera,RP,"Cinema, film, projection, and mastering",RP 24,Cinema,Cinema; Dimensions for 16-mm Motion-Picture Camera; RP 24,stabilized,1,1997-09-18,https://pub.smpte.org/doc/rp24/,https://pub.smpte.org/doc/rp24/19970918-pub/
RP 25,Audio and Picture Synchronization in Motion-Picture Film Relative to Leaders for Television and Theatrical Presentation for Analog Magnetic and Photographic Records,RP,"Cinema, film, projection, and mastering",RP 25,Archive; Audio; Loudness; Recording; Sound; Storage,Archive; Audio; Audio and Picture Synchronization in Motion-Picture Film Relative to Leaders for Television and Theatrical Presentation for Analog Magnetic and Photographic Records; Loudness; Recording; RP 25; Sound; Storage,stabilized,2,2011-12-05,https://pub.smpte.org/doc/rp25/,https://pub.smpte.org/doc/rp25/20111205-pub/
RP 27-1,Specifications for Operational Alignment Test Pattern for Television,RP,"Measurement, calibration, and test methods",RP 27,Calibration; Measurement; Test Method,Calibration; Measurement; RP 27; RP 27-1; Specifications for Operational Alignment Test Pattern for Television; Test Method,stabilized,1,1989-02-28,https://pub.smpte.org/doc/rp27-1/,https://pub.smpte.org/doc/rp27-1/19890228-pub/
RP 27-2,Specifications for Operational Registration Test Pattern for Multiple-Channel Television Cameras,RP,Audio,RP 27,Calibration; IP Video; Measurement; Networking; PTP; RTP; Test Method,Calibration; IP Video; Measurement; Networking; precision time protocol; PTP; real-time transport protocol; RP 27; RP 27-2; RTP; smpte 2110; Specifications for Operational Registration Test Pattern for Multiple-Channel Television Cameras; st 2110; Test Method,stabilized,1,1989-02-28,https://pub.smpte.org/doc/rp27-2/,https://pub.smpte.org/doc/rp27-2/19890228-pub/
RP 27-3,Specifications for Safe Action and Safe Title Areas Test Pattern for Television Systems,RP,"Color, HDR, imaging, and display",RP 27,Calibration; Measurement; Test Method,Calibration; Measurement; RP 27; RP 27-3; Specifications for Safe Action and Safe Title Areas Test Pattern for Television Systems; Test Method,stabilized,1,1989-03-29,https://pub.smpte.org/doc/rp27-3/,https://pub.smpte.org/doc/rp27-3/19890329-pub/
RP 27-4,"Specifications for an Operational Test Pattern for Checking Jitter, Weave and Travel Ghost in Television Projectors",RP,"Cinema, film, projection, and mastering",RP 27,Calibration; Measurement; Test Method,"Calibration; Measurement; RP 27; RP 27-4; Specifications for an Operational Test Pattern for Checking Jitter, Weave and Travel Ghost in Television Projectors; Test Method",stabilized,1,1994-02-01,https://pub.smpte.org/doc/rp27-4/,https://pub.smpte.org/doc/rp27-4/19940201-pub/
RP 27-5,Specifications for Mid-Frequency Response Test Pattern for Television,RP,"Measurement, calibration, and test methods",RP 27,Calibration; Measurement; Test Method,Calibration; Measurement; RP 27; RP 27-5; Specifications for Mid-Frequency Response Test Pattern for Television; Test Method,stabilized,1,1989-03-29,https://pub.smpte.org/doc/rp27-5/,https://pub.smpte.org/doc/rp27-5/19890329-pub/
RP 32,Specifications for 8-mm Type S Test Film for Projectors and Printers Reel Spindles,RP,"Cinema, film, projection, and mastering",RP 32,Calibration; Measurement; Test Method,Calibration; Measurement; RP 32; Specifications for 8-mm Type S Test Film for Projectors and Printers Reel Spindles; Test Method,stabilized,1,1995-11-07,https://pub.smpte.org/doc/rp32/,https://pub.smpte.org/doc/rp32/19951107-pub/
RP 34,Dimensions for 16-mm Motion-Picture Projector Reel Spindles,RP,"Cinema, film, projection, and mastering",RP 34,Cinema,Cinema; Dimensions for 16-mm Motion-Picture Projector Reel Spindles; RP 34,stabilized,1,1997-09-18,https://pub.smpte.org/doc/rp34/,https://pub.smpte.org/doc/rp34/19970918-pub/
RP 36,Positioning the Headwheel and Adjacent Tape Guides for 2-in Quadruplex Video Magnetic Tape Recorders,RP,"Storage, recording, and physical media",RP 36,Archive; Recording; Storage,Archive; Positioning the Headwheel and Adjacent Tape Guides for 2-in Quadruplex Video Magnetic Tape Recorders; Recording; RP 36; Storage,stabilized,1,1999-04-22,https://pub.smpte.org/doc/rp36/,https://pub.smpte.org/doc/rp36/19990422-pub/
RP 38,Specifications for Deflection Linearity Test Pattern for Television,RP,"Color, HDR, imaging, and display",RP 38,Calibration; Measurement; Test Method,Calibration; Measurement; RP 38; Specifications for Deflection Linearity Test Pattern for Television; Test Method,stabilized,1,1989-02-27,https://pub.smpte.org/doc/rp38/,https://pub.smpte.org/doc/rp38/19890227-pub/
RP 39,Specifications for Maintaining an Emulsion-In Orientation on Theatrical Release Prints,RP,General standards and recommended practices,RP 39,,RP 39; Specifications for Maintaining an Emulsion-In Orientation on Theatrical Release Prints,stabilized,1,1993-11-03,https://pub.smpte.org/doc/rp39/,https://pub.smpte.org/doc/rp39/19931103-pub/
RP 40,Specifications for 35-mm Projector Alignment and Screen Image Quality Test Film,RP,"Cinema, film, projection, and mastering",RP 40,Calibration; Measurement; Test Method,Calibration; Measurement; RP 40; Specifications for 35-mm Projector Alignment and Screen Image Quality Test Film; Test Method,stabilized,1,2003-10-20,https://pub.smpte.org/doc/rp40/,https://pub.smpte.org/doc/rp40/20031020-pub/
RP 45,Use and Care of Sound Test Films,RP,Audio,RP 45,Audio; Calibration; Loudness; Measurement; Sound; Test Method,Audio; Calibration; Loudness; Measurement; RP 45; Sound; Test Method; Use and Care of Sound Test Films,stabilized,1,1972-04-01,https://pub.smpte.org/doc/rp45/,https://pub.smpte.org/doc/rp45/19720401-pub/
RP 47,Electronic Method of Dropout Detection and Counting,RP,"Measurement, calibration, and test methods",RP 47,Measurement,Electronic Method of Dropout Detection and Counting; Measurement; RP 47,stabilized,1,1999-04-22,https://pub.smpte.org/doc/rp47/,https://pub.smpte.org/doc/rp47/19990422-pub/
RP 48,Lubrication of 16- and 8-mm Motion-Picture Prints,RP,"Cinema, film, projection, and mastering",RP 48,Cinema,Cinema; Lubrication of 16- and 8-mm Motion-Picture Prints; RP 48,stabilized,1,1999-04-22,https://pub.smpte.org/doc/rp48/,https://pub.smpte.org/doc/rp48/19990422-pub/
RP 49,Leaders for 8-mm Type R and S Motion-Picture Release Prints Used in Continuous-Loop Cartridges,RP,"Cinema, film, projection, and mastering",RP 49,Cinema,Cinema; Leaders for 8-mm Type R and S Motion-Picture Release Prints Used in Continuous-Loop Cartridges; RP 49,stabilized,1,1995-01-05,https://pub.smpte.org/doc/rp49/,https://pub.smpte.org/doc/rp49/19950105-pub/
RP 50,Dimensions for 8-mm Type S Motion-Picture Projector Reel Spindles,RP,"Cinema, film, projection, and mastering",RP 50,Cinema,Cinema; Dimensions for 8-mm Type S Motion-Picture Projector Reel Spindles; RP 50,stabilized,1,1995-01-05,https://pub.smpte.org/doc/rp50/,https://pub.smpte.org/doc/rp50/19950105-pub/
RP 51,Screen Luminance and Viewing Conditions for 8-mm Review Rooms,RP,"Color, HDR, imaging, and display",RP 51,Color; Display; Imaging,Color; Display; Imaging; RP 51; Screen Luminance and Viewing Conditions for 8-mm Review Rooms,stabilized,1,1995-01-05,https://pub.smpte.org/doc/rp51/,https://pub.smpte.org/doc/rp51/19950105-pub/
RP 53,"Scene-Change Methods for Printing 35-mm, 16-mm and 8-mm Type S Motion-Picture Film",RP,"Cinema, film, projection, and mastering",RP 53,Cinema,"Cinema; RP 53; Scene-Change Methods for Printing 35-mm, 16-mm and 8-mm Type S Motion-Picture Film",stabilized,1,1993-05-24,https://pub.smpte.org/doc/rp53/,https://pub.smpte.org/doc/rp53/19930524-pub/
RP 54,Edge Numbering on 16-mm Release Prints,RP,General standards and recommended practices,RP 54,,Edge Numbering on 16-mm Release Prints; RP 54,stabilized,1,1999-04-22,https://pub.smpte.org/doc/rp54/,https://pub.smpte.org/doc/rp54/19990422-pub/
RP 55,8-mm Type S Sprocket Design,RP,General standards and recommended practices,RP 55,,8-mm Type S Sprocket Design; RP 55,stabilized,1,1997-09-18,https://pub.smpte.org/doc/rp55/,https://pub.smpte.org/doc/rp55/19970918-pub/
RP 56,Safe Action and Safe Title Areas for 8-mm Release Prints,RP,General standards and recommended practices,RP 56,,RP 56; Safe Action and Safe Title Areas for 8-mm Release Prints,stabilized,1,2002-07-26,https://pub.smpte.org/doc/rp56/,https://pub.smpte.org/doc/rp56/20020726-pub/
RP 58,Nomenclature for Devices Enclosing 8-mm Motion-Picture Film for Projection,RP,"Cinema, film, projection, and mastering",RP 58,Cinema,Cinema; Nomenclature for Devices Enclosing 8-mm Motion-Picture Film for Projection; RP 58,stabilized,1,1995-01-05,https://pub.smpte.org/doc/rp58/,https://pub.smpte.org/doc/rp58/19950105-pub/
RP 59,Color and Luminance of Review Room Screens for Viewing Motion-Picture Materials Intended for Slides or Film Strips,RP,"Cinema, film, projection, and mastering",RP 59,Color; Display; Imaging; IP Video; Networking; PTP; RTP,Color; Color and Luminance of Review Room Screens for Viewing Motion-Picture Materials Intended for Slides or Film Strips; Display; Imaging; IP Video; Networking; precision time protocol; PTP; real-time transport protocol; RP 59; RTP; smpte 2110; st 2110,stabilized,1,1999-11-05,https://pub.smpte.org/doc/rp59/,https://pub.smpte.org/doc/rp59/19991105-pub/
RP 63,"Specifications for Sound-Focusing Test Film for 16-mm Audio Reproducers, Photographic Type",RP,Audio,RP 63,Audio; Calibration; Loudness; Measurement; Sound; Test Method,"Audio; Calibration; Loudness; Measurement; RP 63; Sound; Specifications for Sound-Focusing Test Film for 16-mm Audio Reproducers, Photographic Type; Test Method",stabilized,1,2002-07-26,https://pub.smpte.org/doc/rp63/,https://pub.smpte.org/doc/rp63/20020726-pub/
RP 64,"Specifications for Audio-Focusing Test Film for 35-mm Audio Reproducers, Photographic Type",RP,Audio,RP 64,Audio; Calibration; Loudness; Measurement; Sound; Test Method,"Audio; Calibration; Loudness; Measurement; RP 64; Sound; Specifications for Audio-Focusing Test Film for 35-mm Audio Reproducers, Photographic Type; Test Method",stabilized,1,1999-04-22,https://pub.smpte.org/doc/rp64/,https://pub.smpte.org/doc/rp64/19990422-pub/
RP 65,Motion-Picture Enlargement/Reduction Ratios,RP,"Cinema, film, projection, and mastering",RP 65,Cinema,Cinema; Motion-Picture Enlargement/Reduction Ratios; RP 65,stabilized,1,2000-04-06,https://pub.smpte.org/doc/rp65/,https://pub.smpte.org/doc/rp65/20000406-pub/
RP 67,"Specifications for Buzz-Track Test Film for 16-mm Motion-Picture Audio Reproducers, Photographic Type",RP,"Cinema, film, projection, and mastering",RP 67,Audio; Calibration; Loudness; Measurement; Sound; Test Method,"Audio; Calibration; Loudness; Measurement; RP 67; Sound; Specifications for Buzz-Track Test Film for 16-mm Motion-Picture Audio Reproducers, Photographic Type; Test Method",stabilized,1,2002-07-26,https://pub.smpte.org/doc/rp67/,https://pub.smpte.org/doc/rp67/20020726-pub/
RP 68,Specifications for Buzz-Track Test Film for 35-mm Motion-Picture Photographic Audio Reproducers,RP,"Cinema, film, projection, and mastering",RP 68,Audio; Calibration; Loudness; Measurement; Sound; Test Method,Audio; Calibration; Loudness; Measurement; RP 68; Sound; Specifications for Buzz-Track Test Film for 35-mm Motion-Picture Photographic Audio Reproducers; Test Method,stabilized,1,2002-07-26,https://pub.smpte.org/doc/rp68/,https://pub.smpte.org/doc/rp68/20020726-pub/
RP 69,Specifications for Scanning-Beam Uniformity Test Film for 35-mm Motion-Picture Audio Reproducers,RP,"Cinema, film, projection, and mastering",RP 69,Audio; Calibration; Loudness; Measurement; Sound; Test Method,Audio; Calibration; Loudness; Measurement; RP 69; Sound; Specifications for Scanning-Beam Uniformity Test Film for 35-mm Motion-Picture Audio Reproducers; Test Method,stabilized,1,2002-07-26,https://pub.smpte.org/doc/rp69/,https://pub.smpte.org/doc/rp69/20020726-pub/
RP 70,"Specifications for Flutter Test Film for 16-mm Audio Reproducers, Photographic Type",RP,Audio,RP 70,Audio; Calibration; Loudness; Measurement; Sound; Test Method,"Audio; Calibration; Loudness; Measurement; RP 70; Sound; Specifications for Flutter Test Film for 16-mm Audio Reproducers, Photographic Type; Test Method",stabilized,1,2002-07-26,https://pub.smpte.org/doc/rp70/,https://pub.smpte.org/doc/rp70/20020726-pub/
RP 73,8-mm Type R (Regular 8) Sprocket Design,RP,General standards and recommended practices,RP 73,,8-mm Type R (Regular 8) Sprocket Design; RP 73,stabilized,1,1992-11-06,https://pub.smpte.org/doc/rp73/,https://pub.smpte.org/doc/rp73/19921106-pub/
RP 74,16-mm Sprocket Design,RP,General standards and recommended practices,RP 74,,16-mm Sprocket Design; RP 74,stabilized,1,1992-09-18,https://pub.smpte.org/doc/rp74/,https://pub.smpte.org/doc/rp74/19920918-pub/
RP 75,"Specifications for Flutter Test Film for 35-mm Studio Audio Reproducers, Magnetic Type",RP,Audio,RP 75,Archive; Audio; Calibration; Loudness; Measurement; Recording; Sound; Storage; Test Method,"Archive; Audio; Calibration; Loudness; Measurement; Recording; RP 75; Sound; Specifications for Flutter Test Film for 35-mm Studio Audio Reproducers, Magnetic Type; Storage; Test Method",stabilized,1,2002-07-26,https://pub.smpte.org/doc/rp75/,https://pub.smpte.org/doc/rp75/20020726-pub/
RP 76,"Specifications for Flutter Test Film for 16-mm Audio Reproducers, Magnetic Type",RP,Audio,RP 76,Archive; Audio; Calibration; Loudness; Measurement; Recording; Sound; Storage; Test Method,"Archive; Audio; Calibration; Loudness; Measurement; Recording; RP 76; Sound; Specifications for Flutter Test Film for 16-mm Audio Reproducers, Magnetic Type; Storage; Test Method",stabilized,1,2002-07-26,https://pub.smpte.org/doc/rp76/,https://pub.smpte.org/doc/rp76/20020726-pub/
RP 77,"Specifications for Azimuth Test Film for 35-mm Studio Audio Reproducers, Magnetic Type",RP,Audio,RP 77,Archive; Audio; Calibration; Loudness; Measurement; Recording; Sound; Storage; Test Method,"Archive; Audio; Calibration; Loudness; Measurement; Recording; RP 77; Sound; Specifications for Azimuth Test Film for 35-mm Studio Audio Reproducers, Magnetic Type; Storage; Test Method",stabilized,1,2004-11-08,https://pub.smpte.org/doc/rp77/,https://pub.smpte.org/doc/rp77/20041108-pub/
RP 78,"Specifications for Azimuth Test Film for 16-mm Audio Projectors, Magnetic Type",RP,"Cinema, film, projection, and mastering",RP 78,Archive; Audio; Calibration; Loudness; Measurement; Recording; Sound; Storage; Test Method,"Archive; Audio; Calibration; Loudness; Measurement; Recording; RP 78; Sound; Specifications for Azimuth Test Film for 16-mm Audio Projectors, Magnetic Type; Storage; Test Method",stabilized,1,2002-07-26,https://pub.smpte.org/doc/rp78/,https://pub.smpte.org/doc/rp78/20020726-pub/
RP 79,"Specifications for Flutter Test Film for 35-mm Four-Track Striped Release Print Audio Reproducers, Magnetic Type",RP,Audio,RP 79,Archive; Audio; Calibration; IP Video; Loudness; Measurement; Networking; PTP; Recording; RTP; Sound; Storage; Test Method,"Archive; Audio; Calibration; IP Video; Loudness; Measurement; Networking; precision time protocol; PTP; real-time transport protocol; Recording; RP 79; RTP; smpte 2110; Sound; Specifications for Flutter Test Film for 35-mm Four-Track Striped Release Print Audio Reproducers, Magnetic Type; st 2110; Storage; Test Method",stabilized,1,1999-04-22,https://pub.smpte.org/doc/rp79/,https://pub.smpte.org/doc/rp79/19990422-pub/
RP 81,Specifications for Scanning-Beam Uniformity Test Film for 16-mm Motion-Picture Photographic Audio Reproducers,RP,"Cinema, film, projection, and mastering",RP 81,Audio; Calibration; Loudness; Measurement; Sound; Test Method,Audio; Calibration; Loudness; Measurement; RP 81; Sound; Specifications for Scanning-Beam Uniformity Test Film for 16-mm Motion-Picture Photographic Audio Reproducers; Test Method,stabilized,1,2004-11-08,https://pub.smpte.org/doc/rp81/,https://pub.smpte.org/doc/rp81/20041108-pub/
RP 82,Specifications for 16-mm Projector Alignment and Screen Image Quality Test Film,RP,"Cinema, film, projection, and mastering",RP 82,Calibration; Measurement; Test Method,Calibration; Measurement; RP 82; Specifications for 16-mm Projector Alignment and Screen Image Quality Test Film; Test Method,stabilized,1,2005-11-08,https://pub.smpte.org/doc/rp82/,https://pub.smpte.org/doc/rp82/20051108-pub/
RP 83,Specifications of Tracking-Control Record for 1-in Type B Helical-Scan Television Analog Recording,RP,"Storage, recording, and physical media",RP 83,Archive; Recording; Storage,Archive; Recording; RP 83; Specifications of Tracking-Control Record for 1-in Type B Helical-Scan Television Analog Recording; Storage,stabilized,1,1996-11-18,https://pub.smpte.org/doc/rp83/,https://pub.smpte.org/doc/rp83/19961118-pub/
RP 84,Reference Carrier Frequencies and Preemphasis Characteristics for 1-in Type B Helical-Scan Television Analog Recording,RP,"Color, HDR, imaging, and display",RP 84,Archive; Color; Display; Imaging; Recording; Storage,Archive; Color; Display; Imaging; Recording; Reference Carrier Frequencies and Preemphasis Characteristics for 1-in Type B Helical-Scan Television Analog Recording; RP 84; Storage,stabilized,1,1996-11-18,https://pub.smpte.org/doc/rp84/,https://pub.smpte.org/doc/rp84/19961118-pub/
RP 85,Tracking-Control Record for 1-in Type C Helical-Scan Television Tape Recording,RP,"Storage, recording, and physical media",RP 85,Archive; Recording; Storage,Archive; Recording; RP 85; Storage; Tracking-Control Record for 1-in Type C Helical-Scan Television Tape Recording,stabilized,1,1999-11-05,https://pub.smpte.org/doc/rp85/,https://pub.smpte.org/doc/rp85/19991105-pub/
RP 86,Video Record Parameters for 1-in Type C Helical-Scan Television Tape Recording,RP,"Storage, recording, and physical media",RP 86,Archive; Recording; Storage,Archive; Recording; RP 86; Storage; Video Record Parameters for 1-in Type C Helical-Scan Television Tape Recording,stabilized,1,1990-06-05,https://pub.smpte.org/doc/rp86/,https://pub.smpte.org/doc/rp86/19900605-pub/
RP 87,"Reference Carrier Frequencies, Preemphasis Characteristic and Audio and Control Signals for 3/4-in Type E Helical-Scan Video Tape Cassette Recording",RP,"Storage, recording, and physical media",RP 87,Archive; Audio; Color; Display; Imaging; Loudness; Recording; Sound; Storage,"Archive; Audio; Color; Display; Imaging; Loudness; Recording; Reference Carrier Frequencies, Preemphasis Characteristic and Audio and Control Signals for 3/4-in Type E Helical-Scan Video Tape Cassette Recording; RP 87; Sound; Storage",stabilized,1,1999-11-05,https://pub.smpte.org/doc/rp87/,https://pub.smpte.org/doc/rp87/19991105-pub/
RP 90,"Specifications for Type U Audio Level and Multi-frequency Test Film for 16-mm Audio Reproducers, Magnetic Type",RP,Audio,RP 90,Archive; Audio; Calibration; Loudness; Measurement; Recording; Sound; Storage; Test Method,"Archive; Audio; Calibration; Loudness; Measurement; Recording; RP 90; Sound; Specifications for Type U Audio Level and Multi-frequency Test Film for 16-mm Audio Reproducers, Magnetic Type; Storage; Test Method",stabilized,1,2004-11-08,https://pub.smpte.org/doc/rp90/,https://pub.smpte.org/doc/rp90/20041108-pub/
RP 91,Specifications for 70-mm Projector Alignment and Screen Image Quality Test Film,RP,"Cinema, film, projection, and mastering",RP 91,Calibration; Measurement; Test Method,Calibration; Measurement; RP 91; Specifications for 70-mm Projector Alignment and Screen Image Quality Test Film; Test Method,stabilized,2,2014-11-13,https://pub.smpte.org/doc/rp91/,https://pub.smpte.org/doc/rp91/20141113-pub/
RP 92,"Specifications for Audio Level and Multifrequency Test Films for 8-mm Type S Audio Reproducers, Magnetic Type",RP,Audio,RP 92,Archive; Audio; Calibration; Loudness; Measurement; Recording; Sound; Storage; Test Method,"Archive; Audio; Calibration; Loudness; Measurement; Recording; RP 92; Sound; Specifications for Audio Level and Multifrequency Test Films for 8-mm Type S Audio Reproducers, Magnetic Type; Storage; Test Method",stabilized,1,1995-01-31,https://pub.smpte.org/doc/rp92/,https://pub.smpte.org/doc/rp92/19950131-pub/
RP 93,Requirements for Recording American National Standard Time and Control Code for 1-in Type B Helical-Scan Video Tape Recorders,RP,"Storage, recording, and physical media",RP 93,Archive; Recording; Storage; Synchronization; Timecode; Timing,Archive; Recording; Requirements for Recording American National Standard Time and Control Code for 1-in Type B Helical-Scan Video Tape Recorders; RP 93; Storage; Synchronization; time code; Timecode; Timing,stabilized,1,1999-04-22,https://pub.smpte.org/doc/rp93/,https://pub.smpte.org/doc/rp93/19990422-pub/
RP 94,Gain Determination of Front Projection Screens,RP,"Cinema, film, projection, and mastering",RP 94,Cinema,Cinema; Gain Determination of Front Projection Screens; RP 94,stabilized,1,2000-06-09,https://pub.smpte.org/doc/rp94/,https://pub.smpte.org/doc/rp94/20000609-pub/
RP 95,Installation of Gain Screens,RP,General standards and recommended practices,RP 95,,Installation of Gain Screens; RP 95,stabilized,1,2003-10-20,https://pub.smpte.org/doc/rp95/,https://pub.smpte.org/doc/rp95/20031020-pub/
RP 96,Specifications for Subjective Reference Tapes for Helical-Scan Video Tape Reproducers for Checking Receiver/Monitor Setup,RP,"Color, HDR, imaging, and display",RP 96,Archive; Color; Display; Imaging; Recording; Storage,Archive; Color; Display; Imaging; Recording; RP 96; Specifications for Subjective Reference Tapes for Helical-Scan Video Tape Reproducers for Checking Receiver/Monitor Setup; Storage,stabilized,1,1993-03-05,https://pub.smpte.org/doc/rp96/,https://pub.smpte.org/doc/rp96/19930305-pub/
RP 97,"Specifications for Flutter Test Film for 35-mm Audio Reproducers, Photographic Type",RP,Audio,RP 97,Audio; Calibration; Loudness; Measurement; Sound; Test Method,"Audio; Calibration; Loudness; Measurement; RP 97; Sound; Specifications for Flutter Test Film for 35-mm Audio Reproducers, Photographic Type; Test Method",stabilized,1,2002-07-26,https://pub.smpte.org/doc/rp97/,https://pub.smpte.org/doc/rp97/20020726-pub/
RP 98,Measurement of Screen Luminance in Theaters,RP,"Cinema, film, projection, and mastering",RP 98,Calibration; Color; Display; Imaging; Measurement; Test Method,Calibration; Color; Display; Imaging; Measurement; Measurement of Screen Luminance in Theaters; RP 98; Test Method,stabilized,1,1995-06-01,https://pub.smpte.org/doc/rp98/,https://pub.smpte.org/doc/rp98/19950601-pub/
RP 103,"Care, Storage, Operation, Handling and Shipping of Magnetic Tape for Television",RP,"Storage, recording, and physical media",RP 103,Archive; IP Video; Networking; PTP; Recording; RTP; Storage,"Archive; Care, Storage, Operation, Handling and Shipping of Magnetic Tape for Television; IP Video; Networking; precision time protocol; PTP; real-time transport protocol; Recording; RP 103; RTP; smpte 2110; st 2110; Storage",stabilized,1,1994-12-07,https://pub.smpte.org/doc/rp103/,https://pub.smpte.org/doc/rp103/19941207-pub/
RP 104,Cross-Modulation Tests for Variable-Area Photographic Audio Tracks,RP,Audio,RP 104,Audio; Calibration; Loudness; Measurement; Sound; Test Method,Audio; Calibration; Cross-Modulation Tests for Variable-Area Photographic Audio Tracks; Loudness; Measurement; RP 104; Sound; Test Method,stabilized,1,2005-12-16,https://pub.smpte.org/doc/rp104/,https://pub.smpte.org/doc/rp104/20051216-pub/
RP 105,"Method for Determining the Degree of Jump and Weave in 70-, 35- and 16-mm Motion-Picture Projected Images",RP,"Cinema, film, projection, and mastering",RP 105,Cinema,"Cinema; Method for Determining the Degree of Jump and Weave in 70-, 35- and 16-mm Motion-Picture Projected Images; RP 105",stabilized,1,2003-10-20,https://pub.smpte.org/doc/rp105/,https://pub.smpte.org/doc/rp105/20031020-pub/
RP 106,Film Tension in 35-mm Motion-Picture Systems Operating Under 0.9 m/s (180 ft / min),RP,"Cinema, film, projection, and mastering",RP 106,Cinema,Cinema; Film Tension in 35-mm Motion-Picture Systems Operating Under 0.9 m/s (180 ft / min); RP 106,stabilized,1,1994-02-08,https://pub.smpte.org/doc/rp106/,https://pub.smpte.org/doc/rp106/19940208-pub/
RP 107,Video and Audio Reference Tape for 1-in Type B Helical-Scan Format,RP,Audio,RP 107,Archive; Audio; Loudness; Recording; Sound; Storage,Archive; Audio; Loudness; Recording; RP 107; Sound; Storage; Video and Audio Reference Tape for 1-in Type B Helical-Scan Format,stabilized,1,1993-03-05,https://pub.smpte.org/doc/rp107/,https://pub.smpte.org/doc/rp107/19930305-pub/
RP 109,Spectral Response of Photographic Audio Reproducers for 8-mm Type S Motion-Picture Film,RP,"Cinema, film, projection, and mastering",RP 109,Audio; Loudness; Sound,Audio; Loudness; RP 109; Sound; Spectral Response of Photographic Audio Reproducers for 8-mm Type S Motion-Picture Film,stabilized,1,1994-02-08,https://pub.smpte.org/doc/rp109/,https://pub.smpte.org/doc/rp109/19940208-pub/
RP 110,Specifications for an Alignment Test Film for Anamorphic Attachments to 35-mm Motion-Picture Projectors,RP,"Cinema, film, projection, and mastering",RP 110,Calibration; Measurement; Test Method,Calibration; Measurement; RP 110; Specifications for an Alignment Test Film for Anamorphic Attachments to 35-mm Motion-Picture Projectors; Test Method,stabilized,1,1992-11-06,https://pub.smpte.org/doc/rp110/,https://pub.smpte.org/doc/rp110/19921106-pub/
RP 111,"Dimensions for 70-, 65- and 35-mm Motion-Picture Film Splices",RP,"Cinema, film, projection, and mastering",RP 111,Cinema,"Cinema; Dimensions for 70-, 65- and 35-mm Motion-Picture Film Splices; RP 111",stabilized,1,1999-04-22,https://pub.smpte.org/doc/rp111/,https://pub.smpte.org/doc/rp111/19990422-pub/
RP 113,Supervisory Protocol for Digital Control Interface,RP,"Video formats, interfaces, and signal transport",RP 113,SDI; Signal transport; Video interface,RP 113; SDI; serial digital interface; Signal transport; Supervisory Protocol for Digital Control Interface; Video interface,stabilized,1,1996-12-10,https://pub.smpte.org/doc/rp113/,https://pub.smpte.org/doc/rp113/19961210-pub/
RP 114,Dimensions of Photographic Control and Data Record on 16-mm Motion-Picture Film,RP,"Cinema, film, projection, and mastering",RP 114,Cinema,Cinema; Dimensions of Photographic Control and Data Record on 16-mm Motion-Picture Film; RP 114,stabilized,1,1994-02-08,https://pub.smpte.org/doc/rp114/,https://pub.smpte.org/doc/rp114/19940208-pub/
RP 115,Dimensions of Photographic Control and Data Record on 35-mm Motion-Picture Release Prints 15.00,RP,"Cinema, film, projection, and mastering",RP 115,Cinema,Cinema; Dimensions of Photographic Control and Data Record on 35-mm Motion-Picture Release Prints 15.00; RP 115,stabilized,1,1997-01-22,https://pub.smpte.org/doc/rp115/,https://pub.smpte.org/doc/rp115/19970122-pub/
RP 116,Dimensions of Photographic Control and Data Record on 35-mm Motion-Picture Camera Negatives,RP,"Cinema, film, projection, and mastering",RP 116,Cinema,Cinema; Dimensions of Photographic Control and Data Record on 35-mm Motion-Picture Camera Negatives; RP 116,stabilized,1,2000-05-30,https://pub.smpte.org/doc/rp116/,https://pub.smpte.org/doc/rp116/20000530-pub/
RP 120,Measurement of Intermodulation Distortion in Motion-Picture Audio Systems,RP,Audio,RP 120,Audio; Calibration; Loudness; Measurement; Sound; Test Method,Audio; Calibration; Loudness; Measurement; Measurement of Intermodulation Distortion in Motion-Picture Audio Systems; RP 120; Sound; Test Method,stabilized,1,2005-04-06,https://pub.smpte.org/doc/rp120/,https://pub.smpte.org/doc/rp120/20050406-pub/
RP 121,Tape Dropout Specifications for 1-in Types B and C Video Tape Recorders / Reproducers,RP,"Storage, recording, and physical media",RP 121,Archive; Recording; Storage,Archive; Recording; RP 121; Storage; Tape Dropout Specifications for 1-in Types B and C Video Tape Recorders / Reproducers,stabilized,1,1997-12-07,https://pub.smpte.org/doc/rp121/,https://pub.smpte.org/doc/rp121/19971207-pub/
RP 122,"Dimensions of Cemented Splices on 8-mm Type S Motion-Picture Film, Projection Type",RP,"Cinema, film, projection, and mastering",RP 122,Cinema,"Cinema; Dimensions of Cemented Splices on 8-mm Type S Motion-Picture Film, Projection Type; RP 122",stabilized,1,1993-03-05,https://pub.smpte.org/doc/rp122/,https://pub.smpte.org/doc/rp122/19930305-pub/
RP 123,"Dimensions of Tape Splices on 8-mm Type S Motion-Picture Film, Projection Type",RP,"Cinema, film, projection, and mastering",RP 123,Archive; Recording; Storage,"Archive; Dimensions of Tape Splices on 8-mm Type S Motion-Picture Film, Projection Type; Recording; RP 123; Storage",stabilized,1,2004-02-27,https://pub.smpte.org/doc/rp123/,https://pub.smpte.org/doc/rp123/20040227-pub/
RP 124,Insertion Pivot for Studio Lighting Units and Mating Holders for Use with Standing and Hanging Support Systems,RP,General standards and recommended practices,RP 124,,Insertion Pivot for Studio Lighting Units and Mating Holders for Use with Standing and Hanging Support Systems; RP 124,stabilized,1,1998-06-01,https://pub.smpte.org/doc/rp124/,https://pub.smpte.org/doc/rp124/19980601-pub/
RP 127,"Specifications for Type U Audio Level and Multifrequency Analog Test Film for 35-mm Studio Audio Reproducers, Magnetic Full-Coat Type",RP,Audio,RP 127,Archive; Audio; Calibration; Loudness; Measurement; Recording; Sound; Storage; Test Method,"Archive; Audio; Calibration; Loudness; Measurement; Recording; RP 127; Sound; Specifications for Type U Audio Level and Multifrequency Analog Test Film for 35-mm Studio Audio Reproducers, Magnetic Full-Coat Type; Storage; Test Method",stabilized,1,2004-11-08,https://pub.smpte.org/doc/rp127/,https://pub.smpte.org/doc/rp127/20041108-pub/
RP 128,"Specifications for Audio Level and Multifrequency Test Film for 70-mm Striped Six-Track Release Print Audio Reproducers, Magnetic Type",RP,Audio,RP 128,Archive; Audio; Calibration; IP Video; Loudness; Measurement; Networking; PTP; Recording; RTP; Sound; Storage; Test Method,"Archive; Audio; Calibration; IP Video; Loudness; Measurement; Networking; precision time protocol; PTP; real-time transport protocol; Recording; RP 128; RTP; smpte 2110; Sound; Specifications for Audio Level and Multifrequency Test Film for 70-mm Striped Six-Track Release Print Audio Reproducers, Magnetic Type; st 2110; Storage; Test Method",stabilized,1,2002-07-26,https://pub.smpte.org/doc/rp128/,https://pub.smpte.org/doc/rp128/20020726-pub/
RP 129,"Requirements for 35-, 16- and 8-mm Type S Tape Splices on Magnetic Audio Recording Motion-Picture Film",RP,"Storage, recording, and physical media",RP 129,Archive; Audio; Loudness; Recording; Sound; Storage,"Archive; Audio; Loudness; Recording; Requirements for 35-, 16- and 8-mm Type S Tape Splices on Magnetic Audio Recording Motion-Picture Film; RP 129; Sound; Storage",stabilized,1,1995-08-01,https://pub.smpte.org/doc/rp129/,https://pub.smpte.org/doc/rp129/19950801-pub/
RP 130,"Dimensions of Tape Splices on 16-mm and 8-mm Type R Motion-Picture Film, Projection Type",RP,"Cinema, film, projection, and mastering",RP 130,Archive; Recording; Storage,"Archive; Dimensions of Tape Splices on 16-mm and 8-mm Type R Motion-Picture Film, Projection Type; Recording; RP 130; Storage",stabilized,1,2004-11-08,https://pub.smpte.org/doc/rp130/,https://pub.smpte.org/doc/rp130/20041108-pub/
RP 131,Storage of Motion-Picture Films,RP,"Cinema, film, projection, and mastering",RP 131,Archive; Recording; Storage,Archive; Recording; RP 131; Storage; Storage of Motion-Picture Films,stabilized,1,2002-07-15,https://pub.smpte.org/doc/rp131/,https://pub.smpte.org/doc/rp131/20020715-pub/
RP 132,Storage of Edit Decision Lists on 8-in Flexible Diskette Media,RP,"Storage, recording, and physical media",RP 132,Archive; Recording; Storage,Archive; Recording; RP 132; Storage; Storage of Edit Decision Lists on 8-in Flexible Diskette Media,stabilized,1,1994-02-28,https://pub.smpte.org/doc/rp132/,https://pub.smpte.org/doc/rp132/19940228-pub/
RP 133,Specifications for Medical Diagnostic Imaging Test Pattern for Television Monitors and Hard-Copy Recording Cameras,RP,"Color, HDR, imaging, and display",RP 133,Archive; Calibration; Color; Display; Imaging; Measurement; Recording; Storage; Test Method,Archive; Calibration; Color; Display; Imaging; Measurement; Recording; RP 133; Specifications for Medical Diagnostic Imaging Test Pattern for Television Monitors and Hard-Copy Recording Cameras; Storage; Test Method,stabilized,1,1991-03-01,https://pub.smpte.org/doc/rp133/,https://pub.smpte.org/doc/rp133/19910301-pub/
RP 134,Polarity for Analog Audio Magnetic Recording and Reproduction,RP,"Storage, recording, and physical media",RP 134,Archive; Audio; Loudness; Recording; Sound; Storage,Archive; Audio; Loudness; Polarity for Analog Audio Magnetic Recording and Reproduction; Recording; RP 134; Sound; Storage,stabilized,1,1994-01-12,https://pub.smpte.org/doc/rp134/,https://pub.smpte.org/doc/rp134/19940112-pub/
RP 135,Use of Binary User Groups in Motion-Picture Time and Control Codes,RP,"Cinema, film, projection, and mastering",RP 135,Synchronization; Timecode; Timing,RP 135; Synchronization; time code; Timecode; Timing; Use of Binary User Groups in Motion-Picture Time and Control Codes,stabilized,1,2004-11-08,https://pub.smpte.org/doc/rp135/,https://pub.smpte.org/doc/rp135/20041108-pub/
RP 136,"Time and Control Codes for 24, 25 or 30 Frame-Per-Second Motion-Picture Systems",RP,"Cinema, film, projection, and mastering",RP 136,Synchronization; Timecode; Timing,"RP 136; Synchronization; Time and Control Codes for 24, 25 or 30 Frame-Per-Second Motion-Picture Systems; time code; Timecode; Timing",stabilized,1,2004-11-08,https://pub.smpte.org/doc/rp136/,https://pub.smpte.org/doc/rp136/20041108-pub/
RP 138,Control Message Architecture for Digital Control Interface,RP,"Video formats, interfaces, and signal transport",RP 138,SDI; Signal transport; Video interface,Control Message Architecture for Digital Control Interface; RP 138; SDI; serial digital interface; Signal transport; Video interface,stabilized,1,1996-12-10,https://pub.smpte.org/doc/rp138/,https://pub.smpte.org/doc/rp138/19961210-pub/
RP 139,Tributary Interconnection for Digital Control Interface,RP,"Video formats, interfaces, and signal transport",RP 139,SDI; Signal transport; Video interface,RP 139; SDI; serial digital interface; Signal transport; Tributary Interconnection for Digital Control Interface; Video interface,stabilized,1,1997-08-12,https://pub.smpte.org/doc/rp139/,https://pub.smpte.org/doc/rp139/19970812-pub/
RP 140,Position of Analog Photographic Audio Record for Routine One-Frame Crossmodulation Test Signals,RP,Audio,RP 140,Audio; Calibration; Loudness; Measurement; Sound; Test Method,Audio; Calibration; Loudness; Measurement; Position of Analog Photographic Audio Record for Routine One-Frame Crossmodulation Test Signals; RP 140; Sound; Test Method,stabilized,1,2005-12-16,https://pub.smpte.org/doc/rp140/,https://pub.smpte.org/doc/rp140/20051216-pub/
RP 141,Background Acoustic Noise Levels in Theaters and Review Rooms,RP,"Cinema, film, projection, and mastering",RP 141,Cinema,Background Acoustic Noise Levels in Theaters and Review Rooms; Cinema; RP 141,active,2,2020-05-28,https://pub.smpte.org/doc/rp141/,https://pub.smpte.org/doc/rp141/20200528-pub/
RP 142,Stereo Audio Track Allocations and Identification of Noise Reduction for Video Tape Recording,RP,"Storage, recording, and physical media",RP 142,Archive; Audio; Loudness; Recording; Sound; Storage,Archive; Audio; Loudness; Recording; RP 142; Sound; Stereo Audio Track Allocations and Identification of Noise Reduction for Video Tape Recording; Storage,stabilized,1,2004-11-30,https://pub.smpte.org/doc/rp142/,https://pub.smpte.org/doc/rp142/20041130-pub/
RP 143,"Specifications for Type U Audio Level and Multifrequency Test Film for 35-mm Striped Four-Track Release Print Audio Reproducers, Magnetic Type",RP,Audio,RP 143,Archive; Audio; Calibration; IP Video; Loudness; Measurement; Networking; PTP; Recording; RTP; Sound; Storage; Test Method,"Archive; Audio; Calibration; IP Video; Loudness; Measurement; Networking; precision time protocol; PTP; real-time transport protocol; Recording; RP 143; RTP; smpte 2110; Sound; Specifications for Type U Audio Level and Multifrequency Test Film for 35-mm Striped Four-Track Release Print Audio Reproducers, Magnetic Type; st 2110; Storage; Test Method",stabilized,1,2004-11-08,https://pub.smpte.org/doc/rp143/,https://pub.smpte.org/doc/rp143/20041108-pub/
RP 144,Basic System and Transport Geometry Parameters for 1/2-in Type L Format,RP,"Video formats, interfaces, and signal transport",RP 144,Video formats,Basic System and Transport Geometry Parameters for 1/2-in Type L Format; RP 144; Video formats,stabilized,1,1999-11-05,https://pub.smpte.org/doc/rp144/,https://pub.smpte.org/doc/rp144/19991105-pub/
RP 145,SMPTE C Color Monitor Colorimetry,RP,"Color, HDR, imaging, and display",RP 145,Color; Display; Imaging,Color; Display; Imaging; RP 145; SMPTE C Color Monitor Colorimetry,stabilized,1,2004-11-08,https://pub.smpte.org/doc/rp145/,https://pub.smpte.org/doc/rp145/20041108-pub/
RP 148,Relative Polarity of Stereo Audio Signals,RP,Audio,RP 148,Audio; Loudness; Sound,Audio; Loudness; Relative Polarity of Stereo Audio Signals; RP 148; Sound,stabilized,1,1987-07-27,https://pub.smpte.org/doc/rp148/,https://pub.smpte.org/doc/rp148/19870727-pub/
RP 149,Dimensions of Transverse Cemented Splices on 16-mm and 8-mm Type R Motion-Picture Film,RP,"Cinema, film, projection, and mastering",RP 149,Cinema,Cinema; Dimensions of Transverse Cemented Splices on 16-mm and 8-mm Type R Motion-Picture Film; RP 149,stabilized,1,1992-09-18,https://pub.smpte.org/doc/rp149/,https://pub.smpte.org/doc/rp149/19920918-pub/
RP 150,Channel Assignments and Test Leader for Magnetic Film Masters Intended for Transfer to Video Media Having Stereo Audio,RP,Audio,RP 150,Archive; Audio; Calibration; Loudness; Measurement; Recording; Sound; Storage; Test Method,Archive; Audio; Calibration; Channel Assignments and Test Leader for Magnetic Film Masters Intended for Transfer to Video Media Having Stereo Audio; Loudness; Measurement; Recording; RP 150; Sound; Storage; Test Method,stabilized,1,2000-03-30,https://pub.smpte.org/doc/rp150/,https://pub.smpte.org/doc/rp150/20000330-pub/
RP 151,Lubrication of 35-mm Motion-Picture Prints for Projection,RP,"Cinema, film, projection, and mastering",RP 151,Cinema,Cinema; Lubrication of 35-mm Motion-Picture Prints for Projection; RP 151,stabilized,1,1999-04-23,https://pub.smpte.org/doc/rp151/,https://pub.smpte.org/doc/rp151/19990423-pub/
RP 152,Edge Identification of Leader and Picture for 35-mm Release Prints,RP,General standards and recommended practices,RP 152,,Edge Identification of Leader and Picture for 35-mm Release Prints; RP 152,stabilized,1,1994-02-28,https://pub.smpte.org/doc/rp152/,https://pub.smpte.org/doc/rp152/19940228-pub/
RP 153,Method for Measuring 35- and 70-mm Shutter Efficiency,RP,"Color, HDR, imaging, and display",RP 153,Color; Display; Imaging,Color; Display; Imaging; Method for Measuring 35- and 70-mm Shutter Efficiency; RP 153,stabilized,1,1999-11-05,https://pub.smpte.org/doc/rp153/,https://pub.smpte.org/doc/rp153/19991105-pub/
RP 155,Reference Levels for Analog and Digital Audio Systems,RP,Audio,RP 155,Audio; Loudness; Sound,Audio; Loudness; Reference Levels for Analog and Digital Audio Systems; RP 155; Sound,stabilized,2,2014-11-13,https://pub.smpte.org/doc/rp155/,https://pub.smpte.org/doc/rp155/20141113-pub/
RP 156,Bar Code Labeling for Type D-1 Component and Type D-2 Composite Cassette Identification,RP,"Metadata, captions, subtitles, and identifiers",RP 156,Identifier; Metadata; Registry,Bar Code Labeling for Type D-1 Component and Type D-2 Composite Cassette Identification; Identifier; meta data; Metadata; Registry; RP 156,stabilized,1,1999-11-05,https://pub.smpte.org/doc/rp156/,https://pub.smpte.org/doc/rp156/19991105-pub/
RP 157,Key and Alpha Signals,RP,General standards and recommended practices,RP 157,,Key and Alpha Signals; RP 157,stabilized,2,2012-11-01,https://pub.smpte.org/doc/rp157/,https://pub.smpte.org/doc/rp157/20121101-pub/
RP 158,Basic System and Transport Geometry Parameters for 1/2-in Type M-2 Format,RP,"Video formats, interfaces, and signal transport",RP 158,Video formats,Basic System and Transport Geometry Parameters for 1/2-in Type M-2 Format; RP 158; Video formats,stabilized,1,1999-11-05,https://pub.smpte.org/doc/rp158/,https://pub.smpte.org/doc/rp158/19991105-pub/
RP 160,Three-Channel Parallel Analog Component High-Definition Video Interface,RP,"Video formats, interfaces, and signal transport",RP 160,SDI; Signal transport; Video interface,RP 160; SDI; serial digital interface; Signal transport; Three-Channel Parallel Analog Component High-Definition Video Interface; Video interface,active,1,1997-06-01,https://pub.smpte.org/doc/rp160/,https://pub.smpte.org/doc/rp160/19970601-pub/
RP 161,Logic Design for Decoding Digital Audio Control Words in D-1 Helical Data and Control Records,RP,Audio,RP 161,Audio; Loudness; Sound,Audio; Logic Design for Decoding Digital Audio Control Words in D-1 Helical Data and Control Records; Loudness; RP 161; Sound,stabilized,1,1999-11-05,https://pub.smpte.org/doc/rp161/,https://pub.smpte.org/doc/rp161/19991105-pub/
RP 162,Storage of Edit Decision Lists on 3-1/2 in Disks,RP,"Storage, recording, and physical media",RP 162,Archive; Recording; Storage,Archive; Recording; RP 162; Storage; Storage of Edit Decision Lists on 3-1/2 in Disks,stabilized,1,1993-07-01,https://pub.smpte.org/doc/rp162/,https://pub.smpte.org/doc/rp162/19930701-pub/
RP 163,Television - System Service Messages,RP,"Video formats, interfaces, and signal transport",RP 163,Video formats,RP 163; Television - System Service Messages; Video formats,stabilized,1,1992-09-01,https://pub.smpte.org/doc/rp163/,https://pub.smpte.org/doc/rp163/19920901-pub/
RP 165,Error Detection Checkwords and Status Flags for Use in Bit-Serial Digital Interfaces for Television,RP,"Video formats, interfaces, and signal transport",RP 165,SDI; Signal transport; Video interface,Error Detection Checkwords and Status Flags for Use in Bit-Serial Digital Interfaces for Television; RP 165; SDI; serial digital interface; Signal transport; Video interface,stabilized,1,1994-09-01,https://pub.smpte.org/doc/rp165/,https://pub.smpte.org/doc/rp165/19940901-pub/
RP 166,Critical Viewing Conditions for Evaluation of Color Television Pictures,RP,"Color, HDR, imaging, and display",RP 166,Color; Display; Imaging,Color; Critical Viewing Conditions for Evaluation of Color Television Pictures; Display; Imaging; RP 166,stabilized,1,1995-05-11,https://pub.smpte.org/doc/rp166/,https://pub.smpte.org/doc/rp166/19950511-pub/
RP 167,Alignment of NTSC Color Picture Monitors,RP,"Color, HDR, imaging, and display",RP 167,Calibration; Color; Display; Imaging; Measurement; Test Method,Alignment of NTSC Color Picture Monitors; Calibration; Color; Display; Imaging; Measurement; RP 167; Test Method,stabilized,1,1995-02-11,https://pub.smpte.org/doc/rp167/,https://pub.smpte.org/doc/rp167/19950211-pub/
RP 168,Definition of Vertical Interval Switching Point for Synchronous Video Switching,RP,"Timing, synchronization, and control",RP 168,Timing,Definition of Vertical Interval Switching Point for Synchronous Video Switching; RP 168; Timing,stabilized,1,2009-07-17,https://pub.smpte.org/doc/rp168/,https://pub.smpte.org/doc/rp168/20090717-pub/
RP 169,"Television, Audio and Film Time and Control Code - Auxiliary Time Address Data in Binary Groups - Dialect Specification of Directory Index Locations",RP,Audio,RP 169,Audio; Loudness; Sound; Synchronization; Timecode; Timing,"Audio; Loudness; RP 169; Sound; Synchronization; Television, Audio and Film Time and Control Code - Auxiliary Time Address Data in Binary Groups - Dialect Specification of Directory Index Locations; time code; Timecode; Timing",stabilized,1,1995-06-01,https://pub.smpte.org/doc/rp169/,https://pub.smpte.org/doc/rp169/19950601-pub/
RP 170,Video Tape Recorder Type-Specific Messages for Digital Control Interface Annex A,RP,"Storage, recording, and physical media",RP 170,Archive; Recording; SDI; Signal transport; Storage; Video interface,Archive; Recording; RP 170; SDI; serial digital interface; Signal transport; Storage; Video interface; Video Tape Recorder Type-Specific Messages for Digital Control Interface Annex A,stabilized,1,1993-07-01,https://pub.smpte.org/doc/rp170/,https://pub.smpte.org/doc/rp170/19930701-pub/
RP 171,Type-Specific Messages for Digital Control Interface of Analog Audio Tape Recorders,RP,"Storage, recording, and physical media",RP 171,Archive; Audio; Loudness; Recording; SDI; Signal transport; Sound; Storage; Video interface,Archive; Audio; Loudness; Recording; RP 171; SDI; serial digital interface; Signal transport; Sound; Storage; Type-Specific Messages for Digital Control Interface of Analog Audio Tape Recorders; Video interface,stabilized,1,1993-07-01,https://pub.smpte.org/doc/rp171/,https://pub.smpte.org/doc/rp171/19930701-pub/
RP 172,Common Messages for Digital Control Interface,RP,"Video formats, interfaces, and signal transport",RP 172,SDI; Signal transport; Video interface,Common Messages for Digital Control Interface; RP 172; SDI; serial digital interface; Signal transport; Video interface,stabilized,1,1993-07-01,https://pub.smpte.org/doc/rp172/,https://pub.smpte.org/doc/rp172/19930701-pub/
RP 173,Loudspeaker Placements for Audio Monitoring in High-Definition Electronic Production,RP,Audio,RP 173,Audio; Color; Display; Imaging; Loudness; Sound,Audio; Color; Display; Imaging; Loudness; Loudspeaker Placements for Audio Monitoring in High-Definition Electronic Production; RP 173; Sound,withdrawn,1,2002-03-12,https://pub.smpte.org/doc/rp173/,https://pub.smpte.org/doc/rp173/20020312-pub/
RP 174,Bit-Parallel Digital Interface for 4:4:4:4 Component Video Signal (Single Link),RP,"Video formats, interfaces, and signal transport",RP 174,SDI; Signal transport; Video interface,Bit-Parallel Digital Interface for 4:4:4:4 Component Video Signal (Single Link); RP 174; SDI; serial digital interface; Signal transport; Video interface,active,1,1993-09-01,https://pub.smpte.org/doc/rp174/,https://pub.smpte.org/doc/rp174/19930901-pub/
RP 175,Digital Interface for 4:4:4:4 Component Video Signals (Dual Link),RP,"Video formats, interfaces, and signal transport",RP 175,SDI; Signal transport; Video interface,Digital Interface for 4:4:4:4 Component Video Signals (Dual Link); RP 175; SDI; serial digital interface; Signal transport; Video interface,withdrawn,1,1997-12-05,https://pub.smpte.org/doc/rp175/,https://pub.smpte.org/doc/rp175/19971205-pub/
RP 176,Derivation of Reference Signals for Television Camera Color Evaluation,RP,"Color, HDR, imaging, and display",RP 176,Calibration; Color; Display; Imaging; Measurement; Test Method,Calibration; Color; Derivation of Reference Signals for Television Camera Color Evaluation; Display; Imaging; Measurement; RP 176; Test Method,stabilized,1,1997-12-05,https://pub.smpte.org/doc/rp176/,https://pub.smpte.org/doc/rp176/19971205-pub/
RP 177,Derivation of Basic Television Color Equations,RP,"Color, HDR, imaging, and display",RP 177,Color; Display; Imaging,Color; Derivation of Basic Television Color Equations; Display; Imaging; RP 177,stabilized,1,1993-11-01,https://pub.smpte.org/doc/rp177/,https://pub.smpte.org/doc/rp177/19931101-pub/
RP 178,Serial Digital Interface Checkfield for 10-Bit 4:2:2 Component and 4fsc Composite Digital Signals,RP,"Video formats, interfaces, and signal transport",RP 178,SDI; Signal transport; Video interface,RP 178; SDI; serial digital interface; Serial Digital Interface Checkfield for 10-Bit 4:2:2 Component and 4fsc Composite Digital Signals; Signal transport; Video interface,active,1,2004-11-30,https://pub.smpte.org/doc/rp178/,https://pub.smpte.org/doc/rp178/20041130-pub/
RP 179,"Dialect Specification of Page-Line Directory Index for Television, Audio and Film Time and Control Code for Video-Assisted Film Editing",RP,"Video formats, interfaces, and signal transport",RP 179,Audio; Loudness; Sound; Synchronization; Timecode; Timing,"Audio; Dialect Specification of Page-Line Directory Index for Television, Audio and Film Time and Control Code for Video-Assisted Film Editing; Loudness; RP 179; Sound; Synchronization; time code; Timecode; Timing",stabilized,1,2002-08-08,https://pub.smpte.org/doc/rp179/,https://pub.smpte.org/doc/rp179/20020808-pub/
RP 180,Spectral Conditions Defining Printing Density in Motion-Picture Negative and Intermediate Films,RP,"Cinema, film, projection, and mastering",RP 180,Cinema,Cinema; RP 180; Spectral Conditions Defining Printing Density in Motion-Picture Negative and Intermediate Films,stabilized,1,1999-04-23,https://pub.smpte.org/doc/rp180/,https://pub.smpte.org/doc/rp180/19990423-pub/
RP 181,Audio Sector Time Code and Equipment-Type Information for 19-mm Type D-1 Digital Component,RP,Audio,RP 181,Audio; IP Video; Loudness; Networking; PTP; RTP; Sound; Synchronization; Timecode; Timing,Audio; Audio Sector Time Code and Equipment-Type Information for 19-mm Type D-1 Digital Component; IP Video; Loudness; Networking; precision time protocol; PTP; real-time transport protocol; RP 181; RTP; smpte 2110; Sound; st 2110; Synchronization; time code; Timecode; Timing,stabilized,1,1999-04-23,https://pub.smpte.org/doc/rp181/,https://pub.smpte.org/doc/rp181/19990423-pub/
RP 182,List of Virtual Machine Numbers for ESbus and ESlan Systems,RP,General standards and recommended practices,RP 182,,List of Virtual Machine Numbers for ESbus and ESlan Systems; RP 182,stabilized,1,1995-01-01,https://pub.smpte.org/doc/rp182/,https://pub.smpte.org/doc/rp182/19950101-pub/
RP 183,Monitoring and Diagnostics Processors,RP,"Color, HDR, imaging, and display",RP 183,Color; Display; Imaging,Color; Display; Imaging; Monitoring and Diagnostics Processors; RP 183,stabilized,1,2004-10-08,https://pub.smpte.org/doc/rp183/,https://pub.smpte.org/doc/rp183/20041008-pub/
RP 184,Specification of Jitter in Bit-Serial Digital Systems,RP,"Video formats, interfaces, and signal transport",RP 184,SDI; Signal transport; Video interface,RP 184; SDI; serial digital interface; Signal transport; Specification of Jitter in Bit-Serial Digital Systems; Video interface,active,2,2015-09-01,https://pub.smpte.org/doc/rp184/,https://pub.smpte.org/doc/rp184/20150901-pub/
RP 185,Classification of Projection Depth of Focus,RP,"Cinema, film, projection, and mastering",RP 185,Cinema,Cinema; Classification of Projection Depth of Focus; RP 185,stabilized,1,2004-11-08,https://pub.smpte.org/doc/rp185/,https://pub.smpte.org/doc/rp185/20041108-pub/
RP 186,Video Index Information Coding for 525- and 625-Line Television Systems,RP,"Video formats, interfaces, and signal transport",RP 186,Video formats,RP 186; Video formats; Video Index Information Coding for 525- and 625-Line Television Systems,active,1,2008-04-18,https://pub.smpte.org/doc/rp186/,https://pub.smpte.org/doc/rp186/20080418-pub/
RP 187,"Center, Aspect Ratio and Blanking of Video Images",RP,"Video formats, interfaces, and signal transport",RP 187,Video formats,"Center, Aspect Ratio and Blanking of Video Images; RP 187; Video formats",stabilized,1,1995-12-06,https://pub.smpte.org/doc/rp187/,https://pub.smpte.org/doc/rp187/19951206-pub/
RP 189,Organization of DPX Files on TAR Tapes,RP,"Files, wrappers, and interchange",RP 189,Archive; Recording; Storage,Archive; Organization of DPX Files on TAR Tapes; Recording; RP 189; Storage,withdrawn,1,1996-04-01,https://pub.smpte.org/doc/rp189/,https://pub.smpte.org/doc/rp189/19960401-pub/
RP 190,Care and Preservation of Audio Magnetic Recordings,RP,"Storage, recording, and physical media",RP 190,Archive; Audio; Loudness; Recording; Sound; Storage,Archive; Audio; Care and Preservation of Audio Magnetic Recordings; Loudness; Recording; RP 190; Sound; Storage,stabilized,1,1996-08-01,https://pub.smpte.org/doc/rp190/,https://pub.smpte.org/doc/rp190/19960801-pub/
RP 191,Routing Switcher Type-Specific Messages for Remote Control of Broadcast Equipment,RP,"IP, networking, and remote control",RP 191,IP Video; Networking; PTP; RTP,IP Video; Networking; precision time protocol; PTP; real-time transport protocol; Routing Switcher Type-Specific Messages for Remote Control of Broadcast Equipment; RP 191; RTP; smpte 2110; st 2110,stabilized,1,1996-09-01,https://pub.smpte.org/doc/rp191/,https://pub.smpte.org/doc/rp191/19960901-pub/
RP 192,Jitter Measurement Procedures in Bit-Serial Digital Interfaces,RP,"Video formats, interfaces, and signal transport",RP 192,Calibration; Measurement; SDI; Signal transport; Test Method; Video interface,Calibration; Jitter Measurement Procedures in Bit-Serial Digital Interfaces; Measurement; RP 192; SDI; serial digital interface; Signal transport; Test Method; Video interface,active,2,2015-09-01,https://pub.smpte.org/doc/rp192/,https://pub.smpte.org/doc/rp192/20150901-pub/
RP 194,Film Negative Cutter's Conform List,RP,"Cinema, film, projection, and mastering",RP 194,Cinema,Cinema; Film Negative Cutter's Conform List; RP 194,stabilized,1,2004-04-06,https://pub.smpte.org/doc/rp194/,https://pub.smpte.org/doc/rp194/20040406-pub/
RP 195,Use of the Reference Mark in Manufacturer-Printed Latent Image Key Numbers for Unambiguous Film Frame Identification,RP,"Cinema, film, projection, and mastering",RP 195,Cinema,Cinema; RP 195; Use of the Reference Mark in Manufacturer-Printed Latent Image Key Numbers for Unambiguous Film Frame Identification,stabilized,1,2004-04-06,https://pub.smpte.org/doc/rp195/,https://pub.smpte.org/doc/rp195/20040406-pub/
RP 197,Film-to-Video Transfer List,RP,"Cinema, film, projection, and mastering",RP 197,Cinema,Cinema; Film-to-Video Transfer List; RP 197,stabilized,1,2003-10-20,https://pub.smpte.org/doc/rp197/,https://pub.smpte.org/doc/rp197/20031020-pub/
RP 198,Bit-Serial Digital Checkfield for Use in High-Definition Interfaces,RP,"Video formats, interfaces, and signal transport",RP 198,SDI; Signal transport; Video interface,Bit-Serial Digital Checkfield for Use in High-Definition Interfaces; RP 198; SDI; serial digital interface; Signal transport; Video interface,stabilized,1,1998-01-01,https://pub.smpte.org/doc/rp198/,https://pub.smpte.org/doc/rp198/19980101-pub/
RP 199,Mapping of Pictures in Wide-Screen (16:9) Scanning Structure to Retain Original Aspect Ratio of the Work,RP,"Video formats, interfaces, and signal transport",RP 199,Ancillary Data; Mapping; Payload,Ancillary Data; Mapping; Mapping of Pictures in Wide-Screen (16:9) Scanning Structure to Retain Original Aspect Ratio of the Work; Payload; RP 199,stabilized,1,2004-11-08,https://pub.smpte.org/doc/rp199/,https://pub.smpte.org/doc/rp199/20041108-pub/
RP 200,"Relative and Absolute Sound Pressure Levels for Motion-Picture Multichannel Sound Systems – Applicable for Analog Photographic Film Audio, Digital Photographic Film Audio and D-Cinema",RP,"Cinema, film, projection, and mastering",RP 200,Audio; Cinema package; D-Cinema; DCP; Digital Cinema; Loudness; Sound,"Audio; Cinema package; D-Cinema; DCP; digital cinema; digital cinema package; Loudness; Relative and Absolute Sound Pressure Levels for Motion-Picture Multichannel Sound Systems – Applicable for Analog Photographic Film Audio, Digital Photographic Film Audio and D-Cinema; RP 200; Sound",active,2,2012-04-18,https://pub.smpte.org/doc/rp200/,https://pub.smpte.org/doc/rp200/20120418-pub/
RP 201,Encoding Film Transfer Information Using Vertical Interval Time Code,RP,"Cinema, film, projection, and mastering",RP 201,Synchronization; Timecode; Timing,Encoding Film Transfer Information Using Vertical Interval Time Code; RP 201; Synchronization; time code; Timecode; Timing,stabilized,1,2008-11-26,https://pub.smpte.org/doc/rp201/,https://pub.smpte.org/doc/rp201/20081126-pub/
RP 202,Video Alignment for Compression Coding,RP,"Measurement, calibration, and test methods",RP 202,Bitstream; Calibration; Codec; Compression; Measurement; Test Method,Bitstream; Calibration; Codec; Compression; Measurement; RP 202; Test Method; Video Alignment for Compression Coding,stabilized,1,2008-04-18,https://pub.smpte.org/doc/rp202/,https://pub.smpte.org/doc/rp202/20080418-pub/
RP 203,Real-Time Opportunistic Data Flow Control in an MPEG-2 Transport Emission Multiplex,RP,"Files, wrappers, and interchange",RP 203,Bitstream; Codec; Compression; IP Video; Networking; PTP; RTP,Bitstream; Codec; Compression; IP Video; Networking; precision time protocol; PTP; Real-Time Opportunistic Data Flow Control in an MPEG-2 Transport Emission Multiplex; real-time transport protocol; RP 203; RTP; smpte 2110; st 2110,stabilized,1,2000-01-31,https://pub.smpte.org/doc/rp203/,https://pub.smpte.org/doc/rp203/20000131-pub/
RP 204,SDTI-CP MPEG Decoder Templates,RP,"Files, wrappers, and interchange",RP 204,Bitstream; Codec; Compression,Bitstream; Codec; Compression; RP 204; SDTI-CP MPEG Decoder Templates,stabilized,1,2000-01-31,https://pub.smpte.org/doc/rp204/,https://pub.smpte.org/doc/rp204/20000131-pub/
RP 205,Application of Unique Material Identifiers in Production and Broadcast Environments,RP,"Metadata, captions, subtitles, and identifiers",RP 205,Identifier; Metadata; Registry,Application of Unique Material Identifiers in Production and Broadcast Environments; Identifier; meta data; Metadata; Registry; RP 205,active,2,2014-08-15,https://pub.smpte.org/doc/rp205/,https://pub.smpte.org/doc/rp205/20140815-pub/
RP 206,Opportunistic Data Flow Control Using Ethernet as a Control Channel in an MPEG-2 Transport Emissions Multiplex,RP,"IP, networking, and remote control",RP 206,Bitstream; Codec; Compression; IP Video; Networking; PTP; RTP,Bitstream; Codec; Compression; IP Video; Networking; Opportunistic Data Flow Control Using Ethernet as a Control Channel in an MPEG-2 Transport Emissions Multiplex; precision time protocol; PTP; real-time transport protocol; RP 206; RTP; smpte 2110; st 2110,stabilized,1,1999-12-03,https://pub.smpte.org/doc/rp206/,https://pub.smpte.org/doc/rp206/19991203-pub/
RP 207,Transport of Program Description Data in Ancillary Data Packets,RP,"Video formats, interfaces, and signal transport",RP 207,Ancillary Data; IP Video; Mapping; Networking; Payload; PTP; RTP,Ancillary Data; IP Video; Mapping; Networking; Payload; precision time protocol; PTP; real-time transport protocol; RP 207; RTP; smpte 2110; st 2110; Transport of Program Description Data in Ancillary Data Packets,active,1,2005-03-22,https://pub.smpte.org/doc/rp207/,https://pub.smpte.org/doc/rp207/20050322-pub/
RP 208,Transport of VBI Packet Data in Ancillary Data Packets,RP,"Video formats, interfaces, and signal transport",RP 208,Ancillary Data; Mapping; Payload,Ancillary Data; Mapping; Payload; RP 208; Transport of VBI Packet Data in Ancillary Data Packets,stabilized,1,2002-08-08,https://pub.smpte.org/doc/rp208/,https://pub.smpte.org/doc/rp208/20020808-pub/
RP 209,Format for Transmission of HD-D5 Compressed Video and Audio Data over 360 Mb/s Serial Digital Interface,RP,"Video formats, interfaces, and signal transport",RP 209,Audio; Loudness; SDI; Signal transport; Sound; Video interface,Audio; Format for Transmission of HD-D5 Compressed Video and Audio Data over 360 Mb/s Serial Digital Interface; Loudness; RP 209; SDI; serial digital interface; Signal transport; Sound; Video interface,stabilized,1,2000-05-12,https://pub.smpte.org/doc/rp209/,https://pub.smpte.org/doc/rp209/20000512-pub/
RP 210,Metadata Element Dictionary,RP,"Metadata, captions, subtitles, and identifiers",RP 210,Identifier; Metadata; Registry,Identifier; meta data; Metadata; Metadata Element Dictionary; Registry; RP 210,withdrawn,2,2012-04-18,https://pub.smpte.org/doc/rp210/,https://pub.smpte.org/doc/rp210/20120418-pub/
RP 211,"Implementation of 24P, 25P and 30P Segmented Frames for 1920 x 1080 Production Format",RP,General standards and recommended practices,RP 211,,"Implementation of 24P, 25P and 30P Segmented Frames for 1920 x 1080 Production Format; RP 211",stabilized,1,2000-09-29,https://pub.smpte.org/doc/rp211/,https://pub.smpte.org/doc/rp211/20000929-pub/
RP 212,Ancillary Data Mapping over MPEG-2 Video Elementary Stream Editing Information,RP,"Video formats, interfaces, and signal transport",RP 212,Ancillary Data; Bitstream; Codec; Compression; Mapping; Payload,Ancillary Data; Ancillary Data Mapping over MPEG-2 Video Elementary Stream Editing Information; Bitstream; Codec; Compression; Mapping; Payload; RP 212,active,1,2002-04-22,https://pub.smpte.org/doc/rp212/,https://pub.smpte.org/doc/rp212/20020422-pub/
RP 213,MPEG-2 Operating Ranges,RP,"Files, wrappers, and interchange",RP 213,Bitstream; Codec; Compression,Bitstream; Codec; Compression; MPEG-2 Operating Ranges; RP 213,stabilized,1,2001-10-15,https://pub.smpte.org/doc/rp213/,https://pub.smpte.org/doc/rp213/20011015-pub/
RP 214,Packing KLV Encoded Metadata and Data Essence into SMPTE 291M Ancillary Data Packets,RP,"Files, wrappers, and interchange",RP 214,Ancillary Data; Identifier; Mapping; Metadata; Payload; Registry,Ancillary Data; Identifier; Mapping; meta data; Metadata; Packing KLV Encoded Metadata and Data Essence into SMPTE 291M Ancillary Data Packets; Payload; Registry; RP 214,stabilized,1,2002-05-01,https://pub.smpte.org/doc/rp214/,https://pub.smpte.org/doc/rp214/20020501-pub/
RP 215,Vertical Ancillary Data Mapping of Film Transfer and Video Production Information,RP,"Video formats, interfaces, and signal transport",RP 215,Ancillary Data; Mapping; Payload,Ancillary Data; Mapping; Payload; RP 215; Vertical Ancillary Data Mapping of Film Transfer and Video Production Information,stabilized,2,2009-04-20,https://pub.smpte.org/doc/rp215/,https://pub.smpte.org/doc/rp215/20090420-pub/
RP 216,Specifications for 3-Perforation Test and Alignment Film for 35-mm Motion Pictures,RP,"Cinema, film, projection, and mastering",RP 216,Calibration; Measurement; Test Method,Calibration; Measurement; RP 216; Specifications for 3-Perforation Test and Alignment Film for 35-mm Motion Pictures; Test Method,stabilized,1,2002-08-14,https://pub.smpte.org/doc/rp216/,https://pub.smpte.org/doc/rp216/20020814-pub/
RP 217,Nonsynchronized Mapping of KLV Packets into MPEG-2 Systems Streams,RP,"Files, wrappers, and interchange",RP 217,Ancillary Data; Bitstream; Codec; Compression; Mapping; Payload,Ancillary Data; Bitstream; Codec; Compression; Mapping; Nonsynchronized Mapping of KLV Packets into MPEG-2 Systems Streams; Payload; RP 217,stabilized,1,2001-09-18,https://pub.smpte.org/doc/rp217/,https://pub.smpte.org/doc/rp217/20010918-pub/
RP 218,Specifications for Safe Action and Safe Title Areas for Television Systems,RP,"Video formats, interfaces, and signal transport",RP 218,Video formats,RP 218; Specifications for Safe Action and Safe Title Areas for Television Systems; Video formats,stabilized,1,2009-12-18,https://pub.smpte.org/doc/rp218/,https://pub.smpte.org/doc/rp218/20091218-pub/
RP 219,"High-Definition, Standard-Definition Compatible Color Bar Signal",RP,"Color, HDR, imaging, and display",RP 219,Color; Display; Imaging,"Color; Display; High-Definition, Standard-Definition Compatible Color Bar Signal; Imaging; RP 219",stabilized,1,2002-06-19,https://pub.smpte.org/doc/rp219/,https://pub.smpte.org/doc/rp219/20020619-pub/
RP 219-1,"High-Definition, Standard-Definition Compatible Color Bar Signal",RP,"Color, HDR, imaging, and display",RP 219,Color; Display; Imaging,"Color; Display; High-Definition, Standard-Definition Compatible Color Bar Signal; Imaging; RP 219; RP 219-1",stabilized,1,2014-07-14,https://pub.smpte.org/doc/rp219-1/,https://pub.smpte.org/doc/rp219-1/20140714-pub/
RP 219-2,"Ultra High-Definition, 2048 x 1080 and 4096 x 2160 Compatible Color Bar Signal",RP,"Color, HDR, imaging, and display",RP 219,Color; Display; Imaging,"Color; Display; Imaging; RP 219; RP 219-2; Ultra High-Definition, 2048 x 1080 and 4096 x 2160 Compatible Color Bar Signal",stabilized,1,2016-09-16,https://pub.smpte.org/doc/rp219-2/,https://pub.smpte.org/doc/rp219-2/20160916-pub/
RP 220,PAL/SECAM IP and Trigger Binding to VBI,RP,"IP, networking, and remote control",RP 220,IP Video; Networking; PTP; RTP,IP Video; Networking; PAL/SECAM IP and Trigger Binding to VBI; precision time protocol; PTP; real-time transport protocol; RP 220; RTP; smpte 2110; st 2110,active,1,2004-07-01,https://pub.smpte.org/doc/rp220/,https://pub.smpte.org/doc/rp220/20040701-pub/
RP 221,Specifications for Extraction of 4x3 Areas from Digital 16x9 Images for Television Systems,RP,"Video formats, interfaces, and signal transport",RP 221,Video formats,RP 221; Specifications for Extraction of 4x3 Areas from Digital 16x9 Images for Television Systems; Video formats,stabilized,1,2008-01-25,https://pub.smpte.org/doc/rp221/,https://pub.smpte.org/doc/rp221/20080125-pub/
RP 222,Standard Definition Evaluation Masters for Digital Television,RP,"Video formats, interfaces, and signal transport",RP 222,Video formats,RP 222; Standard Definition Evaluation Masters for Digital Television; Video formats,stabilized,1,2003-03-12,https://pub.smpte.org/doc/rp222/,https://pub.smpte.org/doc/rp222/20030312-pub/
RP 223,Packing UMID and Program Identification Label Data into SMPTE 291M Ancillary Data Packets,RP,"Metadata, captions, subtitles, and identifiers",RP 223,Ancillary Data; Identifier; Mapping; Metadata; Payload; Registry,Ancillary Data; Identifier; Mapping; meta data; Metadata; Packing UMID and Program Identification Label Data into SMPTE 291M Ancillary Data Packets; Payload; Registry; RP 223,active,1,2003-08-11,https://pub.smpte.org/doc/rp223/,https://pub.smpte.org/doc/rp223/20030811-pub/
RP 224,SMPTE Labels Register,RP,"Metadata, captions, subtitles, and identifiers",RP 224,Identifier; Metadata; Registry,Identifier; meta data; Metadata; Registry; RP 224; SMPTE Labels Register,withdrawn,2,2012-04-18,https://pub.smpte.org/doc/rp224/,https://pub.smpte.org/doc/rp224/20120418-pub/
RP 225,Registered Private Information in KLV,RP,General standards and recommended practices,RP 225,,Registered Private Information in KLV; RP 225,stabilized,1,2005-03-09,https://pub.smpte.org/doc/rp225/,https://pub.smpte.org/doc/rp225/20050309-pub/
RP 227,VC-1 Bitstream Transport Encodings,RP,"Video formats, interfaces, and signal transport",RP 227,Bitstream; Codec; Compression,Bitstream; Codec; Compression; RP 227; VC-1 Bitstream Transport Encodings,stabilized,1,2010-08-12,https://pub.smpte.org/doc/rp227/,https://pub.smpte.org/doc/rp227/20100812-pub/
RP 228,VC-1 Decoder and Bitstream Conformance,RP,"Files, wrappers, and interchange",RP 228,Bitstream; Codec; Compression,Bitstream; Codec; Compression; RP 228; VC-1 Decoder and Bitstream Conformance,stabilized,1,2008-07-10,https://pub.smpte.org/doc/rp228/,https://pub.smpte.org/doc/rp228/20080710-pub/
RP 268-3,Reference Materials for DPX V2.0 HDR Implementations,RP,"Color, HDR, imaging, and display",RP 268,Display; HDR; Perceptual Quantizer; PQ,Display; HDR; high dynamic range; Perceptual Quantizer; PQ; Reference Materials for DPX V2.0 HDR Implementations; RP 268; RP 268-3,active,1,2023-08-30,https://pub.smpte.org/doc/rp268-3/,https://pub.smpte.org/doc/rp268-3/20230830-pub/
RP 291,Assigned Ancillary Identification Codes,RP,General standards and recommended practices,RP 291,,Assigned Ancillary Identification Codes; RP 291,withdrawn,1,2009-03-18,https://pub.smpte.org/doc/rp291/,https://pub.smpte.org/doc/rp291/20090318-pub/
RP 291-2,4:2:2 SDTV and HDTV Component Systems and 4:2:2 2048 ×1080 Production Image Formats,RP,General standards and recommended practices,RP 291,,4:2:2 SDTV and HDTV Component Systems and 4:2:2 2048 ×1080 Production Image Formats; RP 291; RP 291-2,active,1,2013-02-05,https://pub.smpte.org/doc/rp291-2/,https://pub.smpte.org/doc/rp291-2/20130205-pub/
RP 428-4,D-Cinema Distribution Master —Audio File Format and Delivery Constraints,RP,"Cinema, film, projection, and mastering",RP 428,Audio; Cinema package; D-Cinema; DCP; Digital Cinema; Loudness; Sound,Audio; Cinema package; D-Cinema; D-Cinema Distribution Master —Audio File Format and Delivery Constraints; DCP; digital cinema; digital cinema package; Loudness; RP 428; RP 428-4; Sound,active,1,2010-03-31,https://pub.smpte.org/doc/rp428-4/,https://pub.smpte.org/doc/rp428-4/20100331-pub/
RP 428-5,Mapping of Images into Constrained Tag Image File,RP,"Files, wrappers, and interchange",RP 428,Ancillary Data; Mapping; Payload,Ancillary Data; Mapping; Mapping of Images into Constrained Tag Image File; Payload; RP 428; RP 428-5,stabilized,1,2010-06-24,https://pub.smpte.org/doc/rp428-5/,https://pub.smpte.org/doc/rp428-5/20100624-pub/
RP 428-6,D-Cinema Distribution Master —Digital Leader,RP,"Cinema, film, projection, and mastering",RP 428,Cinema package; D-Cinema; DCP; Digital Cinema,Cinema package; D-Cinema; D-Cinema Distribution Master —Digital Leader; DCP; digital cinema; digital cinema package; RP 428; RP 428-6,stabilized,1,2009-06-03,https://pub.smpte.org/doc/rp428-6/,https://pub.smpte.org/doc/rp428-6/20090603-pub/
RP 428-22,Minimal Timed Text XML Requirements,RP,"Metadata, captions, subtitles, and identifiers",RP 428,Metadata,meta data; Metadata; Minimal Timed Text XML Requirements; RP 428; RP 428-22,active,1,2025-06-27,https://pub.smpte.org/doc/rp428-22/,https://pub.smpte.org/doc/rp428-22/20250627-pub/
RP 431-2,Reference Projector and Environment,RP,"Cinema, film, projection, and mastering",RP 431,Cinema package; D-Cinema; DCP; Digital Cinema,Cinema package; D-Cinema; DCP; digital cinema; digital cinema package; Reference Projector and Environment; RP 431; RP 431-2,stabilized,1,2011-04-06,https://pub.smpte.org/doc/rp431-2/,https://pub.smpte.org/doc/rp431-2/20110406-pub/
RP 2002,Content Specification on Solid State Media Card for DV/DV-Based Essence,RP,"Files, wrappers, and interchange",RP 2002,Files,Content Specification on Solid State Media Card for DV/DV-Based Essence; Files; RP 2002,stabilized,1,2006-09-15,https://pub.smpte.org/doc/rp2002/,https://pub.smpte.org/doc/rp2002/20060915-pub/
RP 2005,Requirements for Equipment Compatibility with Non-PCM AES3 Streams,RP,Audio,RP 2005,IP Video; Networking; PTP; RTP,IP Video; Networking; precision time protocol; PTP; real-time transport protocol; Requirements for Equipment Compatibility with Non-PCM AES3 Streams; RP 2005; RTP; smpte 2110; st 2110,active,1,2008-04-21,https://pub.smpte.org/doc/rp2005/,https://pub.smpte.org/doc/rp2005/20080421-pub/
RP 2006,Solid State Media (SSM) Card Specification,RP,General standards and recommended practices,RP 2006,,RP 2006; Solid State Media (SSM) Card Specification,stabilized,1,2006-09-15,https://pub.smpte.org/doc/rp2006/,https://pub.smpte.org/doc/rp2006/20060915-pub/
RP 2007,"Closed-Caption CDP and ""Grand Alliance"" Serial Interfaces for DTV",RP,"Metadata, captions, subtitles, and identifiers",RP 2007,Accessibility; Captions; SDI; Signal transport; Subtitles; Video interface,"Accessibility; Captions; Closed-Caption CDP and ""Grand Alliance"" Serial Interfaces for DTV; RP 2007; SDI; serial digital interface; Signal transport; Subtitles; Video interface",active,1,2007-07-27,https://pub.smpte.org/doc/rp2007/,https://pub.smpte.org/doc/rp2007/20070727-pub/
RP 2008,Material Exchange Format - Mapping AVC Streams into the MXF Generic Container,RP,"Files, wrappers, and interchange",RP 2008,Ancillary Data; Bitstream; Codec; Compression; Essence; File interchange; Mapping; Material Exchange Format; MXF; Payload; Wrapper,Ancillary Data; Bitstream; Codec; Compression; Essence; File interchange; Mapping; Material Exchange Format; Material Exchange Format - Mapping AVC Streams into the MXF Generic Container; MXF; Payload; RP 2008; Wrapper,active,1,2008-02-13,https://pub.smpte.org/doc/rp2008/,https://pub.smpte.org/doc/rp2008/20080213-pub/
RP 2019-2,VC-3 Decoder and Bitstream Conformance,RP,"Files, wrappers, and interchange",RP 2019,Bitstream; Codec; Compression,Bitstream; Codec; Compression; RP 2019; RP 2019-2; VC-3 Decoder and Bitstream Conformance,active,3,2016-05-18,https://pub.smpte.org/doc/rp2019-2/,https://pub.smpte.org/doc/rp2019-2/20160518-pub/
RP 2021-1,Requirements and Informative Notes,RP,General standards and recommended practices,RP 2021,,Requirements and Informative Notes; RP 2021; RP 2021-1,stabilized,2,2020-01-07,https://pub.smpte.org/doc/rp2021-1/,https://pub.smpte.org/doc/rp2021-1/20200107-pub/
RP 2021-5,Using Ad-ID and EIDR as Alternate Identifiers in SMPTE BXF and ATSC PMCP,RP,"Metadata, captions, subtitles, and identifiers",RP 2021,Identifier; Metadata; Registry,Identifier; meta data; Metadata; Registry; RP 2021; RP 2021-5; Using Ad-ID and EIDR as Alternate Identifiers in SMPTE BXF and ATSC PMCP,stabilized,1,2013-10-11,https://pub.smpte.org/doc/rp2021-5/,https://pub.smpte.org/doc/rp2021-5/20131011-pub/
RP 2021-6,BXF SDK Documentation,RP,General standards and recommended practices,RP 2021,,BXF SDK Documentation; RP 2021; RP 2021-6,stabilized,1,2017-07-12,https://pub.smpte.org/doc/rp2021-6/,https://pub.smpte.org/doc/rp2021-6/20170712-pub/
RP 2021-9,Implementing Broadcast Exchange Format (BXF),RP,"Files, wrappers, and interchange",RP 2021,Files,Files; Implementing Broadcast Exchange Format (BXF); RP 2021; RP 2021-9,active,4,2017-06-27,https://pub.smpte.org/doc/rp2021-9/,https://pub.smpte.org/doc/rp2021-9/20170627-pub/
RP 2025,VC-1 Bitstream Storage in the ISO Base Media File,RP,"Files, wrappers, and interchange",RP 2025,Archive; Bitstream; Codec; Compression; Recording; Storage,Archive; Bitstream; Codec; Compression; Recording; RP 2025; Storage; VC-1 Bitstream Storage in the ISO Base Media File,stabilized,1,2007-04-04,https://pub.smpte.org/doc/rp2025/,https://pub.smpte.org/doc/rp2025/20070404-pub/
RP 2027,AVC Intra-Frame Coding Specification for SSM Card Applications,RP,"Files, wrappers, and interchange",RP 2027,Bitstream; Codec; Compression,AVC Intra-Frame Coding Specification for SSM Card Applications; Bitstream; Codec; Compression; RP 2027,stabilized,2,2012-03-12,https://pub.smpte.org/doc/rp2027/,https://pub.smpte.org/doc/rp2027/20120312-pub/
RP 2042-3,VC-2 Conformance Specification,RP,"Files, wrappers, and interchange",RP 2042,Bitstream; Codec; Compression,Bitstream; Codec; Compression; RP 2042; RP 2042-3; VC-2 Conformance Specification,active,2,2022-02-04,https://pub.smpte.org/doc/rp2042-3/,https://pub.smpte.org/doc/rp2042-3/20220204-pub/
RP 2046-2,Safe Areas for Protection of Alternate Aspect Ratios,RP,General standards and recommended practices,RP 2046,,RP 2046; RP 2046-2; Safe Areas for Protection of Alternate Aspect Ratios,active,1,2009-11-23,https://pub.smpte.org/doc/rp2046-2/,https://pub.smpte.org/doc/rp2046-2/20091123-pub/
RP 2047-1,VC-2 Mezzanine Level Compression of 1080P High Definition Video Sources,RP,"Files, wrappers, and interchange",RP 2047,Bitstream; Codec; Compression,Bitstream; Codec; Compression; RP 2047; RP 2047-1; VC-2 Mezzanine Level Compression of 1080P High Definition Video Sources,active,2,2022-11-29,https://pub.smpte.org/doc/rp2047-1/,https://pub.smpte.org/doc/rp2047-1/20221129-pub/
RP 2047-3,VC-2 Level 65 Compression of High Definition Video Sources for Use with a Standard Definition Infrastructure,RP,"Files, wrappers, and interchange",RP 2047,Bitstream; Codec; Compression,Bitstream; Codec; Compression; RP 2047; RP 2047-3; VC-2 Level 65 Compression of High Definition Video Sources for Use with a Standard Definition Infrastructure,active,3,2022-11-29,https://pub.smpte.org/doc/rp2047-3/,https://pub.smpte.org/doc/rp2047-3/20221129-pub/
RP 2047-5,VC-2 Level 66 Compression of Ultra-High Definition Video Sources for Use with a High Definition Infrastructure,RP,"Files, wrappers, and interchange",RP 2047,Bitstream; Codec; Compression,Bitstream; Codec; Compression; RP 2047; RP 2047-5; VC-2 Level 66 Compression of Ultra-High Definition Video Sources for Use with a High Definition Infrastructure,active,3,2022-02-23,https://pub.smpte.org/doc/rp2047-5/,https://pub.smpte.org/doc/rp2047-5/20220223-pub/
RP 2050-1,Filtering,RP,General standards and recommended practices,RP 2050,,Filtering; RP 2050; RP 2050-1,active,1,2012-01-30,https://pub.smpte.org/doc/rp2050-1/,https://pub.smpte.org/doc/rp2050-1/20120130-pub/
RP 2052-10,Conversion from CEA-608 Data to SMPTE-TT,RP,General standards and recommended practices,RP 2052,,Conversion from CEA-608 Data to SMPTE-TT; RP 2052; RP 2052-10,stabilized,4,2013-06-05,https://pub.smpte.org/doc/rp2052-10/,https://pub.smpte.org/doc/rp2052-10/20130605-pub/
RP 2052-11,Conversion from CEA-708 Caption Data to SMPTE-TT,RP,"Metadata, captions, subtitles, and identifiers",RP 2052,Accessibility; Captions; Subtitles,Accessibility; Captions; Conversion from CEA-708 Caption Data to SMPTE-TT; RP 2052; RP 2052-11; Subtitles,stabilized,1,2013-06-05,https://pub.smpte.org/doc/rp2052-11/,https://pub.smpte.org/doc/rp2052-11/20130605-pub/
RP 2054,Method of Measurement of Perceived Loudness of Short Duration Motion Picture Audio Material,RP,Audio,RP 2054,Audio; Calibration; Loudness; Measurement; Sound; Test Method,Audio; Calibration; Loudness; Measurement; Method of Measurement of Perceived Loudness of Short Duration Motion Picture Audio Material; RP 2054; Sound; Test Method,stabilized,1,2010-04-23,https://pub.smpte.org/doc/rp2054/,https://pub.smpte.org/doc/rp2054/20100423-pub/
RP 2057,Text-Based MetadataCarriage in MXF,RP,"Files, wrappers, and interchange",RP 2057,Essence; File interchange; Identifier; Material Exchange Format; Metadata; MXF; Registry; Wrapper,Essence; File interchange; Identifier; Material Exchange Format; meta data; Metadata; MXF; Registry; RP 2057; Text-Based MetadataCarriage in MXF; Wrapper,active,2,2013-01-28,https://pub.smpte.org/doc/rp2057/,https://pub.smpte.org/doc/rp2057/20130128-am1-pub/
RP 2058-2,VC-4 Decoder and Bitstream Conformance,RP,"Files, wrappers, and interchange",RP 2058,Bitstream; Codec; Compression,Bitstream; Codec; Compression; RP 2058; RP 2058-2; VC-4 Decoder and Bitstream Conformance,stabilized,1,2011-10-03,https://pub.smpte.org/doc/rp2058-2/,https://pub.smpte.org/doc/rp2058-2/20111003-pub/
RP 2058-3,VC-4 Bitstream Transport Encodings,RP,"Video formats, interfaces, and signal transport",RP 2058,Bitstream; Codec; Compression,Bitstream; Codec; Compression; RP 2058; RP 2058-3; VC-4 Bitstream Transport Encodings,stabilized,1,2011-10-03,https://pub.smpte.org/doc/rp2058-3/,https://pub.smpte.org/doc/rp2058-3/20111003-pub/
RP 2058-4,VC-4 Bitstream Storage in the ISO Base Media File Format,RP,"Files, wrappers, and interchange",RP 2058,Archive; Bitstream; Codec; Compression; Recording; Storage,Archive; Bitstream; Codec; Compression; Recording; RP 2058; RP 2058-4; Storage; VC-4 Bitstream Storage in the ISO Base Media File Format,stabilized,1,2011-10-03,https://pub.smpte.org/doc/rp2058-4/,https://pub.smpte.org/doc/rp2058-4/20111003-pub/
RP 2059-15,YANG Data Model for ST 2059-2 PTP Device Monitoring in Professional Broadcast Applications,RP,"Color, HDR, imaging, and display",RP 2059,Color; Display; Imaging; IP Video; Networking; PTP; RTP,Color; Display; Imaging; IP Video; Networking; precision time protocol; PTP; real-time transport protocol; RP 2059; RP 2059-15; RTP; smpte 2110; st 2110; YANG Data Model for ST 2059-2 PTP Device Monitoring in Professional Broadcast Applications,active,1,2022-11-10,https://pub.smpte.org/doc/rp2059-15/,https://pub.smpte.org/doc/rp2059-15/20221110-pub/
RP 2072,Emphasis and Preferred Sampling Rate for AES/EBU Digital Audio in Television,RP,Audio,RP 2072,Audio; Loudness; Sound,Audio; Emphasis and Preferred Sampling Rate for AES/EBU Digital Audio in Television; Loudness; RP 2072; Sound,stabilized,1,2014-01-14,https://pub.smpte.org/doc/rp2072/,https://pub.smpte.org/doc/rp2072/20140114-pub/
RP 2073-2,VC-5 Video Essence Part 2. Conformance Specification,RP,"Files, wrappers, and interchange",RP 2073,Bitstream; Codec; Compression,Bitstream; Codec; Compression; RP 2073; RP 2073-2; VC-5 Video Essence Part 2. Conformance Specification,active,4,2022-02-08,https://pub.smpte.org/doc/rp2073-2/,https://pub.smpte.org/doc/rp2073-2/20220208-pub/
RP 2076-1,Production Timing and Synchronization for Stereoscopic (S3D) or Multi-Camera Array,RP,"Timing, synchronization, and control",RP 2076,Timing,Production Timing and Synchronization for Stereoscopic (S3D) or Multi-Camera Array; RP 2076; RP 2076-1; Timing,active,1,2016-09-15,https://pub.smpte.org/doc/rp2076-1/,https://pub.smpte.org/doc/rp2076-1/20160915-pub/
RP 2077,Full-Range Image Mapping,RP,"Video formats, interfaces, and signal transport",RP 2077,Ancillary Data; Mapping; Payload,Ancillary Data; Full-Range Image Mapping; Mapping; Payload; RP 2077,stabilized,1,2013-11-07,https://pub.smpte.org/doc/rp2077/,https://pub.smpte.org/doc/rp2077/20131107-pub/
RP 2079,Digital Object Identifier (DOI) Name and Entertainment ID Registry (EIDR) Identifier Representations,RP,"Metadata, captions, subtitles, and identifiers",RP 2079,Identifier; Metadata; Registry,Digital Object Identifier (DOI) Name and Entertainment ID Registry (EIDR) Identifier Representations; Identifier; meta data; Metadata; Registry; RP 2079,stabilized,3,2018-08-22,https://pub.smpte.org/doc/rp2079/,https://pub.smpte.org/doc/rp2079/20180822-pub/
RP 2080-2,Measurement and Calibration Procedure for HDTV Display Luminance Levels and Chromaticity,RP,"Color, HDR, imaging, and display",RP 2080,Calibration; Color; Display; Imaging; Measurement; Test Method,Calibration; Color; Display; Imaging; Measurement; Measurement and Calibration Procedure for HDTV Display Luminance Levels and Chromaticity; RP 2080; RP 2080-2; Test Method,active,1,2014-12-12,https://pub.smpte.org/doc/rp2080-2/,https://pub.smpte.org/doc/rp2080-2/20141212-pub/
RP 2089,Carriage of EIDR Identifiers in MXF Files,RP,"Files, wrappers, and interchange",RP 2089,Essence; File interchange; Identifier; Material Exchange Format; Metadata; MXF; Registry; Wrapper,Carriage of EIDR Identifiers in MXF Files; Essence; File interchange; Identifier; Material Exchange Format; meta data; Metadata; MXF; Registry; RP 2089; Wrapper,active,1,2014-09-16,https://pub.smpte.org/doc/rp2089/,https://pub.smpte.org/doc/rp2089/20140916-pub/
RP 2091-2,Mapping of SMPTE ST 2036-4 Data,RP,"Video formats, interfaces, and signal transport",RP 2091,Ancillary Data; Mapping; Payload,Ancillary Data; Mapping; Mapping of SMPTE ST 2036-4 Data; Payload; RP 2091; RP 2091-2,active,1,2018-04-12,https://pub.smpte.org/doc/rp2091-2/,https://pub.smpte.org/doc/rp2091-2/20180412-pub/
RP 2092-1,Advertising Digital Identifier (Ad-ID®) Representations,RP,"Metadata, captions, subtitles, and identifiers",RP 2092,Identifier; Metadata; Registry,Advertising Digital Identifier (Ad-ID®) Representations; Identifier; meta data; Metadata; Registry; RP 2092; RP 2092-1,active,2,2017-01-10,https://pub.smpte.org/doc/rp2092-1/,https://pub.smpte.org/doc/rp2092-1/20170110-am1-pub/
RP 2093,Television Lighting Consistency Index (TLCI),RP,"Video formats, interfaces, and signal transport",RP 2093,Video formats,RP 2093; Television Lighting Consistency Index (TLCI); Video formats,active,1,2020-04-09,https://pub.smpte.org/doc/rp2093/,https://pub.smpte.org/doc/rp2093/20200409-pub/
RP 2096-1,Cinema Sound System Baseline Setup and Calibration,RP,Audio,RP 2096,Audio; Calibration; Loudness; Measurement; Sound; Test Method,Audio; Calibration; Cinema Sound System Baseline Setup and Calibration; Loudness; Measurement; RP 2096; RP 2096-1; Sound; Test Method,stabilized,1,2017-07-15,https://pub.smpte.org/doc/rp2096-1/,https://pub.smpte.org/doc/rp2096-1/20170715-pub/
RP 2096-2,Cinema Sound System Maintenance Calibration,RP,Audio,RP 2096,Audio; Calibration; Loudness; Measurement; Sound; Test Method,Audio; Calibration; Cinema Sound System Maintenance Calibration; Loudness; Measurement; RP 2096; RP 2096-2; Sound; Test Method,active,1,2017-07-12,https://pub.smpte.org/doc/rp2096-2/,https://pub.smpte.org/doc/rp2096-2/20170712-pub/
RP 2110-23,Single Video Essence Transport over Multiple ST 2110-20 Streams,RP,"Video formats, interfaces, and signal transport",RP 2110,IP Video; Networking; PTP; RTP,IP Video; Networking; precision time protocol; PTP; real-time transport protocol; RP 2110; RP 2110-23; RTP; Single Video Essence Transport over Multiple ST 2110-20 Streams; smpte 2110; st 2110,active,1,2019-12-13,https://pub.smpte.org/doc/rp2110-23/,https://pub.smpte.org/doc/rp2110-23/20191213-pub/
RP 2110-24,Special Considerations for Standard Definition Video Using SMPTE ST 2110-20,RP,"Video formats, interfaces, and signal transport",RP 2110,IP Video; Networking; PTP; RTP,IP Video; Networking; precision time protocol; PTP; real-time transport protocol; RP 2110; RP 2110-24; RTP; smpte 2110; Special Considerations for Standard Definition Video Using SMPTE ST 2110-20; st 2110,active,1,2022-09-28,https://pub.smpte.org/doc/rp2110-24/,https://pub.smpte.org/doc/rp2110-24/20220928-pub/
RP 2110-25,Measurement Practices,RP,"Measurement, calibration, and test methods",RP 2110,Calibration; Measurement; Test Method,Calibration; Measurement; Measurement Practices; RP 2110; RP 2110-25; Test Method,active,1,2023-04-13,https://pub.smpte.org/doc/rp2110-25/,https://pub.smpte.org/doc/rp2110-25/20230413-pub/
RP 2112-1,Audience Measurement Using OBID and OBID-TLC,RP,"Measurement, calibration, and test methods",RP 2112,Calibration; Measurement; Test Method,Audience Measurement Using OBID and OBID-TLC; Calibration; Measurement; RP 2112; RP 2112-1; Test Method,active,2,2020-09-09,https://pub.smpte.org/doc/rp2112-1/,https://pub.smpte.org/doc/rp2112-1/20200909-pub/
RP 2112-11,Conformance Test Materials,RP,"Measurement, calibration, and test methods",RP 2112,Calibration; Measurement; Test Method,Calibration; Conformance Test Materials; Measurement; RP 2112; RP 2112-11; Test Method,active,2,2020-05-06,https://pub.smpte.org/doc/rp2112-11/,https://pub.smpte.org/doc/rp2112-11/20200506-pub/
RP 2112-21,Conformance Test Materials,RP,"Measurement, calibration, and test methods",RP 2112,Calibration; Measurement; Test Method,Calibration; Conformance Test Materials; Measurement; RP 2112; RP 2112-21; Test Method,active,2,2020-05-06,https://pub.smpte.org/doc/rp2112-21/,https://pub.smpte.org/doc/rp2112-21/20200506-pub/
RP 2129,Inter-Entity Trust Boundary,RP,General standards and recommended practices,RP 2129,,Inter-Entity Trust Boundary; RP 2129,active,1,2023-08-28,https://pub.smpte.org/doc/rp2129/,https://pub.smpte.org/doc/rp2129/20230828-pub/
ST 1,Video Recording - 2-in Magnetic Recording Tape,ST,"Storage, recording, and physical media",ST 1,Archive; Recording; Storage,Archive; Recording; ST 1; Storage; Video Recording - 2-in Magnetic Recording Tape,stabilized,1,1996-02-08,https://pub.smpte.org/doc/st1/,https://pub.smpte.org/doc/st1/19960208-pub/
ST 3,Television Analog Recording - Frequency Response and Operating Level of Recorders and Reproducers - Audio 1 Record on 2-in Tape Operating at 15 and 7.5 in/s,ST,"Storage, recording, and physical media",ST 3,Archive; Audio; Loudness; Recording; Sound; Storage,Archive; Audio; Loudness; Recording; Sound; ST 3; Storage; Television Analog Recording - Frequency Response and Operating Level of Recorders and Reproducers - Audio 1 Record on 2-in Tape Operating at 15 and 7.5 in/s,stabilized,1,1998-06-03,https://pub.smpte.org/doc/st3/,https://pub.smpte.org/doc/st3/19980603-pub/
ST 4,Television Analog Recording - 2-in Magnetic Tape for Quadruplex Recording - Speed,ST,"Storage, recording, and physical media",ST 4,Archive; Recording; Storage,Archive; Recording; ST 4; Storage; Television Analog Recording - 2-in Magnetic Tape for Quadruplex Recording - Speed,stabilized,1,1995-01-03,https://pub.smpte.org/doc/st4/,https://pub.smpte.org/doc/st4/19950103-pub/
ST 5,Television Analog Recording - 2-in Reels,ST,"Storage, recording, and physical media",ST 5,Archive; Recording; Storage,Archive; Recording; ST 5; Storage; Television Analog Recording - 2-in Reels,stabilized,1,1995-01-03,https://pub.smpte.org/doc/st5/,https://pub.smpte.org/doc/st5/19950103-pub/
ST 6,"Video Recording - 2-in Quadruplex Tape - Video, Audio and Tracking-Control Records",ST,"Storage, recording, and physical media",ST 6,Archive; Audio; Loudness; Recording; Sound; Storage,"Archive; Audio; Loudness; Recording; Sound; ST 6; Storage; Video Recording - 2-in Quadruplex Tape - Video, Audio and Tracking-Control Records",stabilized,1,1998-09-17,https://pub.smpte.org/doc/st6/,https://pub.smpte.org/doc/st6/19980917-pub/
ST 7,Motion-Picture Film (16-mm) - Camera Aperture Image and Usage,ST,"Cinema, film, projection, and mastering",ST 7,Cinema,Cinema; Motion-Picture Film (16-mm) - Camera Aperture Image and Usage; ST 7,stabilized,1,2004-11-08,https://pub.smpte.org/doc/st7/,https://pub.smpte.org/doc/st7/20041108-pub/
ST 8,Video Recording - Quadruplex Recorders Operating at 15 in/s - Audio Level and Multifrequency Test Tape,ST,"Storage, recording, and physical media",ST 8,Archive; Audio; Calibration; Loudness; Measurement; Recording; Sound; Storage; Test Method,Archive; Audio; Calibration; Loudness; Measurement; Recording; Sound; ST 8; Storage; Test Method; Video Recording - Quadruplex Recorders Operating at 15 in/s - Audio Level and Multifrequency Test Tape,stabilized,1,1995-02-13,https://pub.smpte.org/doc/st8/,https://pub.smpte.org/doc/st8/19950213-pub/
ST 11,Video Recording - Quadruplex Recorders Operating at 7.5 in/s - Audio Level and Multifrequency Test Tape,ST,"Storage, recording, and physical media",ST 11,Archive; Audio; Calibration; Loudness; Measurement; Recording; Sound; Storage; Test Method,Archive; Audio; Calibration; Loudness; Measurement; Recording; Sound; ST 11; Storage; Test Method; Video Recording - Quadruplex Recorders Operating at 7.5 in/s - Audio Level and Multifrequency Test Tape,stabilized,1,1995-02-13,https://pub.smpte.org/doc/st11/,https://pub.smpte.org/doc/st11/19950213-pub/
ST 12-1,Time and Control Code,ST,"Timing, synchronization, and control",ST 12,Synchronization; Timecode; Timing,ST 12; ST 12-1; Synchronization; Time and Control Code; time code; Timecode; Timing,stabilized,3,2014-02-20,https://pub.smpte.org/doc/st12-1/,https://pub.smpte.org/doc/st12-1/20140220-pub/
ST 12-2,Transmission of Time Code in the Ancillary Data Space,ST,"Timing, synchronization, and control",ST 12,Ancillary Data; Mapping; Payload; Synchronization; Timecode; Timing,Ancillary Data; Mapping; Payload; ST 12; ST 12-2; Synchronization; time code; Timecode; Timing; Transmission of Time Code in the Ancillary Data Space,stabilized,3,2014-02-20,https://pub.smpte.org/doc/st12-2/,https://pub.smpte.org/doc/st12-2/20140220-pub/
ST 12-3,Time Code for High Frame Rate Signals and Formatting in the Ancillary Data Space,ST,"Timing, synchronization, and control",ST 12,Ancillary Data; Mapping; Payload; Synchronization; Timecode; Timing,Ancillary Data; Mapping; Payload; ST 12; ST 12-3; Synchronization; time code; Time Code for High Frame Rate Signals and Formatting in the Ancillary Data Space; Timecode; Timing,active,1,2016-02-26,https://pub.smpte.org/doc/st12-3/,https://pub.smpte.org/doc/st12-3/20160226-pub/
ST 15,Television Analog Recording - 1-in Type B Helical Scan - Basic System Parameters,ST,"Storage, recording, and physical media",ST 15,Archive; Recording; Storage,Archive; Recording; ST 15; Storage; Television Analog Recording - 1-in Type B Helical Scan - Basic System Parameters,stabilized,1,1998-09-01,https://pub.smpte.org/doc/st15/,https://pub.smpte.org/doc/st15/19980901-pub/
ST 16,Television Analog Recording - 1-in Type B Helical Scan - Records,ST,"Storage, recording, and physical media",ST 16,Archive; Recording; Storage,Archive; Recording; ST 16; Storage; Television Analog Recording - 1-in Type B Helical Scan - Records,stabilized,1,1998-09-01,https://pub.smpte.org/doc/st16/,https://pub.smpte.org/doc/st16/19980901-pub/
ST 17,Television Analog Recording - 1-in Type B Helical Scan - Frequency Response and Operating Level,ST,"Measurement, calibration, and test methods",ST 17,Archive; Recording; Storage,Archive; Recording; ST 17; Storage; Television Analog Recording - 1-in Type B Helical Scan - Frequency Response and Operating Level,stabilized,1,1998-09-01,https://pub.smpte.org/doc/st17/,https://pub.smpte.org/doc/st17/19980901-pub/
ST 18,Television Analog Recording - 1-in Type C - Basic System and Transport Geometry Parameters,ST,"Video formats, interfaces, and signal transport",ST 18,Archive; Recording; Storage,Archive; Recording; ST 18; Storage; Television Analog Recording - 1-in Type C - Basic System and Transport Geometry Parameters,stabilized,1,2003-02-07,https://pub.smpte.org/doc/st18/,https://pub.smpte.org/doc/st18/20030207-pub/
ST 19,Television Analog Recording - 1-in Type C - Records,ST,"Storage, recording, and physical media",ST 19,Archive; Recording; Storage,Archive; Recording; ST 19; Storage; Television Analog Recording - 1-in Type C - Records,stabilized,1,2003-02-07,https://pub.smpte.org/doc/st19/,https://pub.smpte.org/doc/st19/20030207-pub/
ST 20,Television Analog Recording - 1-in Type C Recorders and Reproducers - Longitudinal Audio Characteristics,ST,"Storage, recording, and physical media",ST 20,Archive; Audio; Loudness; Recording; Sound; Storage,Archive; Audio; Loudness; Recording; Sound; ST 20; Storage; Television Analog Recording - 1-in Type C Recorders and Reproducers - Longitudinal Audio Characteristics,stabilized,1,2003-02-07,https://pub.smpte.org/doc/st20/,https://pub.smpte.org/doc/st20/20030207-pub/
ST 21,Video Recording - 3/4-in Type E Helical Scan - Records,ST,"Storage, recording, and physical media",ST 21,Archive; Recording; Storage,Archive; Recording; ST 21; Storage; Video Recording - 3/4-in Type E Helical Scan - Records,stabilized,1,1997-10-02,https://pub.smpte.org/doc/st21/,https://pub.smpte.org/doc/st21/19971002-pub/
ST 22,Video Recording - 3/4-in Type E Helical Scan - Cassette,ST,"Storage, recording, and physical media",ST 22,Archive; Recording; Storage,Archive; Recording; ST 22; Storage; Video Recording - 3/4-in Type E Helical Scan - Cassette,stabilized,1,1997-10-02,https://pub.smpte.org/doc/st22/,https://pub.smpte.org/doc/st22/19971002-pub/
ST 24,Television Recording - 1-in Reels,ST,"Storage, recording, and physical media",ST 24,Archive; Recording; Storage,Archive; Recording; ST 24; Storage; Television Recording - 1-in Reels,stabilized,1,1996-05-28,https://pub.smpte.org/doc/st24/,https://pub.smpte.org/doc/st24/19960528-pub/
ST 25,Video Recording - 1-in Magnetic Recording Tape,ST,"Storage, recording, and physical media",ST 25,Archive; Recording; Storage,Archive; Recording; ST 25; Storage; Video Recording - 1-in Magnetic Recording Tape,stabilized,1,1995-02-13,https://pub.smpte.org/doc/st25/,https://pub.smpte.org/doc/st25/19950213-pub/
ST 26,Video Recording - 1-in Helical-Scan Recorders - Raw Stock for Reference Tapes,ST,"Storage, recording, and physical media",ST 26,Archive; Recording; Storage,Archive; Recording; ST 26; Storage; Video Recording - 1-in Helical-Scan Recorders - Raw Stock for Reference Tapes,stabilized,1,1995-02-13,https://pub.smpte.org/doc/st26/,https://pub.smpte.org/doc/st26/19950213-pub/
ST 29,Television Analog Recording - 1-in Type B Reference Recorders - Basic System and Transport Geometry,ST,"Storage, recording, and physical media",ST 29,Archive; Recording; Storage,Archive; Recording; ST 29; Storage; Television Analog Recording - 1-in Type B Reference Recorders - Basic System and Transport Geometry,stabilized,1,1995-02-13,https://pub.smpte.org/doc/st29/,https://pub.smpte.org/doc/st29/19950213-pub/
ST 30,Television Analog Recording - 1-in Type B Reference Recorders - Records on Reference Tapes,ST,"Storage, recording, and physical media",ST 30,Archive; Recording; Storage,Archive; Recording; ST 30; Storage; Television Analog Recording - 1-in Type B Reference Recorders - Records on Reference Tapes,stabilized,1,1995-03-15,https://pub.smpte.org/doc/st30/,https://pub.smpte.org/doc/st30/19950315-pub/
ST 31,Television Analog Recording - 3/4-in Type E - Small Video Cassette,ST,"Video formats, interfaces, and signal transport",ST 31,Archive; Recording; Storage,Archive; Recording; ST 31; Storage; Television Analog Recording - 3/4-in Type E - Small Video Cassette,stabilized,1,2003-02-07,https://pub.smpte.org/doc/st31/,https://pub.smpte.org/doc/st31/20030207-pub/
ST 32,"Video Recording - 1/2-in Type H - Cassette, Tape and Records",ST,"Storage, recording, and physical media",ST 32,Archive; Recording; Storage,"Archive; Recording; ST 32; Storage; Video Recording - 1/2-in Type H - Cassette, Tape and Records",stabilized,1,1998-09-23,https://pub.smpte.org/doc/st32/,https://pub.smpte.org/doc/st32/19980923-pub/
ST 35,Television Analog Recording - 1/2-in Type G - Cassette and Tape,ST,"Storage, recording, and physical media",ST 35,Archive; Recording; Storage,Archive; Recording; ST 35; Storage; Television Analog Recording - 1/2-in Type G - Cassette and Tape,stabilized,1,1997-10-02,https://pub.smpte.org/doc/st35/,https://pub.smpte.org/doc/st35/19971002-pub/
ST 37,Motion-Picture Equipment - Raw Stock Cores,ST,"Cinema, film, projection, and mastering",ST 37,IP Video; Networking; PTP; RTP,IP Video; Motion-Picture Equipment - Raw Stock Cores; Networking; precision time protocol; PTP; real-time transport protocol; RTP; smpte 2110; st 2110; ST 37,stabilized,1,1994-05-12,https://pub.smpte.org/doc/st37/,https://pub.smpte.org/doc/st37/19940512-pub/
ST 40,Audio Motion-Picture Film (35-mm) - Release Prints - Photographic Analog Audio Records,ST,"Cinema, film, projection, and mastering",ST 40,Audio; Loudness; Sound,Audio; Audio Motion-Picture Film (35-mm) - Release Prints - Photographic Analog Audio Records; Loudness; Sound; ST 40,stabilized,1,2002-07-26,https://pub.smpte.org/doc/st40/,https://pub.smpte.org/doc/st40/20020726-pub/
ST 41,Audio Motion-Picture Film (16-mm) - Prints - Photographic Analog Audio Records,ST,"Cinema, film, projection, and mastering",ST 41,Audio; Loudness; Sound,Audio; Audio Motion-Picture Film (16-mm) - Prints - Photographic Analog Audio Records; Loudness; Sound; ST 41,stabilized,1,2004-11-08,https://pub.smpte.org/doc/st41/,https://pub.smpte.org/doc/st41/20041108-pub/
ST 48,Motion-Picture Film (16-mm) - Picture and Sound Contact Printing - Printed Areas,ST,"Cinema, film, projection, and mastering",ST 48,Audio; Loudness; Sound,Audio; Loudness; Motion-Picture Film (16-mm) - Picture and Sound Contact Printing - Printed Areas; Sound; ST 48,stabilized,1,1995-05-10,https://pub.smpte.org/doc/st48/,https://pub.smpte.org/doc/st48/19950510-pub/
ST 55,35- and 16-mm Television Release Prints — Leaders and Cue Marks,ST,"Video formats, interfaces, and signal transport",ST 55,Video formats,35- and 16-mm Television Release Prints — Leaders and Cue Marks; ST 55; Video formats,stabilized,2,2010-09-23,https://pub.smpte.org/doc/st55/,https://pub.smpte.org/doc/st55/20100923-pub/
ST 56,Motion-Picture Film - Nomenclature for Studios and Processing Laboratories,ST,"Cinema, film, projection, and mastering",ST 56,Cinema,Cinema; Motion-Picture Film - Nomenclature for Studios and Processing Laboratories; ST 56,stabilized,1,2005-12-16,https://pub.smpte.org/doc/st56/,https://pub.smpte.org/doc/st56/20051216-pub/
ST 59,Motion-Picture Film (35-mm) - Camera Aperture Images and Usage,ST,"Cinema, film, projection, and mastering",ST 59,Cinema,Cinema; Motion-Picture Film (35-mm) - Camera Aperture Images and Usage; ST 59,stabilized,1,1998-10-01,https://pub.smpte.org/doc/st59/,https://pub.smpte.org/doc/st59/19981001-pub/
ST 73,"Motion-Picture Film (32-mm) - 35-mm Film Perforated 32-mm, 2R",ST,"Cinema, film, projection, and mastering",ST 73,Cinema,"Cinema; Motion-Picture Film (32-mm) - 35-mm Film Perforated 32-mm, 2R; ST 73",stabilized,1,2003-11-12,https://pub.smpte.org/doc/st73/,https://pub.smpte.org/doc/st73/20031112-pub/
ST 74,Motion-Picture Cameras (16- and 8-mm) - Zero Point for Focusing Scales,ST,"Cinema, film, projection, and mastering",ST 74,Cinema,Cinema; Motion-Picture Cameras (16- and 8-mm) - Zero Point for Focusing Scales; ST 74,stabilized,1,1993-06-28,https://pub.smpte.org/doc/st74/,https://pub.smpte.org/doc/st74/19930628-pub/
ST 75,Motion-Picture Film - Raw Stock - Designation of A and B Windings,ST,"Cinema, film, projection, and mastering",ST 75,Cinema,Cinema; Motion-Picture Film - Raw Stock - Designation of A and B Windings; ST 75,stabilized,1,1994-01-31,https://pub.smpte.org/doc/st75/,https://pub.smpte.org/doc/st75/19940131-pub/
ST 76,Motion-Picture Cameras - 16-mm and 8-mm Threaded Lens Mounts,ST,"Cinema, film, projection, and mastering",ST 76,Cinema,Cinema; Motion-Picture Cameras - 16-mm and 8-mm Threaded Lens Mounts; ST 76,stabilized,1,1996-05-28,https://pub.smpte.org/doc/st76/,https://pub.smpte.org/doc/st76/19960528-pub/
ST 83,Motion -Picture Film (16-mm) - Edge Numbers - Location and Spacing,ST,"Cinema, film, projection, and mastering",ST 83,Cinema,Cinema; Motion -Picture Film (16-mm) - Edge Numbers - Location and Spacing; ST 83,stabilized,1,1996-02-08,https://pub.smpte.org/doc/st83/,https://pub.smpte.org/doc/st83/19960208-pub/
ST 86,"Motion-Picture Film - Magnetic Audio Records - Two, Three, Four and Six Records on 35-mm and One Record on 17.5-mm Magnetic Film",ST,"Cinema, film, projection, and mastering",ST 86,Archive; Audio; Loudness; Recording; Sound; Storage,"Archive; Audio; Loudness; Motion-Picture Film - Magnetic Audio Records - Two, Three, Four and Six Records on 35-mm and One Record on 17.5-mm Magnetic Film; Recording; Sound; ST 86; Storage",stabilized,1,2005-07-13,https://pub.smpte.org/doc/st86/,https://pub.smpte.org/doc/st86/20050713-pub/
ST 87,Motion-Picture Film (16-mm) - 100-Mil Magnetic Striping,ST,"Cinema, film, projection, and mastering",ST 87,Archive; IP Video; Networking; PTP; Recording; RTP; Storage,Archive; IP Video; Motion-Picture Film (16-mm) - 100-Mil Magnetic Striping; Networking; precision time protocol; PTP; real-time transport protocol; Recording; RTP; smpte 2110; st 2110; ST 87; Storage,stabilized,1,1996-03-08,https://pub.smpte.org/doc/st87/,https://pub.smpte.org/doc/st87/19960308-pub/
ST 93,Motion-Picture Film (35-mm) - Perforated BH,ST,"Cinema, film, projection, and mastering",ST 93,Cinema,Cinema; Motion-Picture Film (35-mm) - Perforated BH; ST 93,stabilized,1,2005-07-13,https://pub.smpte.org/doc/st93/,https://pub.smpte.org/doc/st93/20050713-pub/
ST 96,Television - 35- and 16-mm Motion-Picture Film - Scanned Image Area,ST,"Cinema, film, projection, and mastering",ST 96,Cinema,Cinema; ST 96; Television - 35- and 16-mm Motion-Picture Film - Scanned Image Area,active,1,2004-11-30,https://pub.smpte.org/doc/st96/,https://pub.smpte.org/doc/st96/20041130-pub/
ST 97,Motion-Picture Film (16-mm) - 200-Mil Edge Position - Magnetic Audio Record,ST,"Cinema, film, projection, and mastering",ST 97,Archive; Audio; Loudness; Recording; Sound; Storage,Archive; Audio; Loudness; Motion-Picture Film (16-mm) - 200-Mil Edge Position - Magnetic Audio Record; Recording; Sound; ST 97; Storage,stabilized,1,2004-11-08,https://pub.smpte.org/doc/st97/,https://pub.smpte.org/doc/st97/20041108-pub/
ST 101,Motion-Picture Film (16-mm) - Perforated 2R-3000 - Magnetic Striping,ST,"Cinema, film, projection, and mastering",ST 101,Archive; IP Video; Networking; PTP; Recording; RTP; Storage,Archive; IP Video; Motion-Picture Film (16-mm) - Perforated 2R-3000 - Magnetic Striping; Networking; precision time protocol; PTP; real-time transport protocol; Recording; RTP; smpte 2110; ST 101; st 2110; Storage,stabilized,1,2003-12-14,https://pub.smpte.org/doc/st101/,https://pub.smpte.org/doc/st101/20031214-pub/
ST 102,Motion-Picture Film (35-mm) - Perforated CS-1870,ST,"Cinema, film, projection, and mastering",ST 102,Cinema,Cinema; Motion-Picture Film (35-mm) - Perforated CS-1870; ST 102,stabilized,1,2002-07-26,https://pub.smpte.org/doc/st102/,https://pub.smpte.org/doc/st102/20020726-pub/
ST 109,Motion-Picture Film (16-mm) - Perforated 1R and 2R,ST,"Cinema, film, projection, and mastering",ST 109,Cinema,Cinema; Motion-Picture Film (16-mm) - Perforated 1R and 2R; ST 109,stabilized,1,2003-11-12,https://pub.smpte.org/doc/st109/,https://pub.smpte.org/doc/st109/20031112-pub/
ST 111,Motion-Picture Film (35-mm) - Prints Made on Continuous Contact Printers - Exposed Areas for Picture and Audio,ST,"Cinema, film, projection, and mastering",ST 111,Audio; Loudness; Sound,Audio; Loudness; Motion-Picture Film (35-mm) - Prints Made on Continuous Contact Printers - Exposed Areas for Picture and Audio; Sound; ST 111,stabilized,1,2001-06-06,https://pub.smpte.org/doc/st111/,https://pub.smpte.org/doc/st111/20010606-pub/
ST 112,Motion-Picture Film (16-mm) - 100-Mil Magnetic Audio Record,ST,"Cinema, film, projection, and mastering",ST 112,Archive; Audio; Loudness; Recording; Sound; Storage,Archive; Audio; Loudness; Motion-Picture Film (16-mm) - 100-Mil Magnetic Audio Record; Recording; Sound; ST 112; Storage,stabilized,1,2004-11-08,https://pub.smpte.org/doc/st112/,https://pub.smpte.org/doc/st112/20041108-pub/
ST 117,Motion-Picture Film - Photographic Audio Record - Spectral Diffuse Density,ST,"Cinema, film, projection, and mastering",ST 117,Audio; Loudness; Sound,Audio; Loudness; Motion-Picture Film - Photographic Audio Record - Spectral Diffuse Density; Sound; ST 117,stabilized,1,2001-06-06,https://pub.smpte.org/doc/st117/,https://pub.smpte.org/doc/st117/20010606-pub/
ST 119,"Motion Picture Film (70-mm) — Perforated 65-mm, KS-1870",ST,"Cinema, film, projection, and mastering",ST 119,Cinema,"Cinema; Motion Picture Film (70-mm) — Perforated 65-mm, KS-1870; ST 119",stabilized,2,2011-10-03,https://pub.smpte.org/doc/st119/,https://pub.smpte.org/doc/st119/20111003-pub/
ST 125,SDTV Component Video Signal Coding 4:4:4 and 4:2:2 for 13.5 MHz and 18 MHz Systems,ST,"Video formats, interfaces, and signal transport",ST 125,Synchronization; Timecode; Timing,SDTV Component Video Signal Coding 4:4:4 and 4:2:2 for 13.5 MHz and 18 MHz Systems; ST 125; Synchronization; time code; Timecode; Timing,stabilized,2,2013-09-25,https://pub.smpte.org/doc/st125/,https://pub.smpte.org/doc/st125/20130925-pub/
ST 127,Motion-Picture Film (16-mm) - Magnetic-Photographic Audio Records - Magnetic Striping of Prints,ST,"Cinema, film, projection, and mastering",ST 127,Archive; Audio; IP Video; Loudness; Networking; PTP; Recording; RTP; Sound; Storage; Synchronization; Timecode; Timing,Archive; Audio; IP Video; Loudness; Motion-Picture Film (16-mm) - Magnetic-Photographic Audio Records - Magnetic Striping of Prints; Networking; precision time protocol; PTP; real-time transport protocol; Recording; RTP; smpte 2110; Sound; ST 127; st 2110; Storage; Synchronization; time code; Timecode; Timing,stabilized,1,2003-12-14,https://pub.smpte.org/doc/st127/,https://pub.smpte.org/doc/st127/20031214-pub/
ST 137,Motion-Picture Film (35-mm) - Release Prints - Four Magnetic Audio Records,ST,"Cinema, film, projection, and mastering",ST 137,Archive; Audio; Loudness; Recording; Sound; Storage,Archive; Audio; Loudness; Motion-Picture Film (35-mm) - Release Prints - Four Magnetic Audio Records; Recording; Sound; ST 137; Storage,stabilized,1,2000-05-30,https://pub.smpte.org/doc/st137/,https://pub.smpte.org/doc/st137/20000530-pub/
ST 139,Motion-Picture Film (35-mm) - Perforated KS,ST,"Cinema, film, projection, and mastering",ST 139,Cinema,Cinema; Motion-Picture Film (35-mm) - Perforated KS; ST 139,stabilized,1,2003-11-12,https://pub.smpte.org/doc/st139/,https://pub.smpte.org/doc/st139/20031112-pub/
ST 143,Motion-Picture Film (8-mm Type R) - Length of Film on Camera Spools - 25-Ft Capacity,ST,"Cinema, film, projection, and mastering",ST 143,Cinema,Cinema; Motion-Picture Film (8-mm Type R) - Length of Film on Camera Spools - 25-Ft Capacity; ST 143,stabilized,1,1994-10-06,https://pub.smpte.org/doc/st143/,https://pub.smpte.org/doc/st143/19941006-pub/
ST 145,Motion-Picture Film (65-mm) - Perforated KS,ST,"Cinema, film, projection, and mastering",ST 145,Cinema,Cinema; Motion-Picture Film (65-mm) - Perforated KS; ST 145,stabilized,1,2004-11-08,https://pub.smpte.org/doc/st145/,https://pub.smpte.org/doc/st145/20041108-pub/
ST 146,Motion-Picture Film - 16- and 8-mm Reversal Color Camera Films - Determination of Speed,ST,"Cinema, film, projection, and mastering",ST 146,Color; Display; Imaging,Color; Display; Imaging; Motion-Picture Film - 16- and 8-mm Reversal Color Camera Films - Determination of Speed; ST 146,stabilized,1,2001-06-06,https://pub.smpte.org/doc/st146/,https://pub.smpte.org/doc/st146/20010606-pub/
ST 148,Motion-Picture Film - 35- and 16-mm Prints for Television Transmission - Film Image Area for Review Room Viewing,ST,"Cinema, film, projection, and mastering",ST 148,Cinema,Cinema; Motion-Picture Film - 35- and 16-mm Prints for Television Transmission - Film Image Area for Review Room Viewing; ST 148,stabilized,1,2002-07-26,https://pub.smpte.org/doc/st148/,https://pub.smpte.org/doc/st148/20020726-pub/
ST 149,Motion-Picture Film (8-mm Type S) - Perforated 1R,ST,"Cinema, film, projection, and mastering",ST 149,Cinema,Cinema; Motion-Picture Film (8-mm Type S) - Perforated 1R; ST 149,stabilized,1,2004-11-08,https://pub.smpte.org/doc/st149/,https://pub.smpte.org/doc/st149/20041108-pub/
ST 151,"Motion-Picture Film (8-mm Type S) - 16-mm Film Perforated 8-mm Type S, (1-3)",ST,"Cinema, film, projection, and mastering",ST 151,Cinema,"Cinema; Motion-Picture Film (8-mm Type S) - 16-mm Film Perforated 8-mm Type S, (1-3); ST 151",stabilized,1,2004-11-08,https://pub.smpte.org/doc/st151/,https://pub.smpte.org/doc/st151/20041108-pub/
ST 152,Motion-Picture Film (70-mm) - Projectable Image Area,ST,"Cinema, film, projection, and mastering",ST 152,Cinema,Cinema; Motion-Picture Film (70-mm) - Projectable Image Area; ST 152,stabilized,1,2003-10-20,https://pub.smpte.org/doc/st152/,https://pub.smpte.org/doc/st152/20031020-pub/
ST 153,Motion-Picture Film (8-mm Type S) - 16-mm Film Perforated 8-mm Type S (1-4) - Printed Areas,ST,"Cinema, film, projection, and mastering",ST 153,Cinema,Cinema; Motion-Picture Film (8-mm Type S) - 16-mm Film Perforated 8-mm Type S (1-4) - Printed Areas; ST 153,stabilized,1,2001-06-06,https://pub.smpte.org/doc/st153/,https://pub.smpte.org/doc/st153/20010606-pub/
ST 154,Motion-Picture Film (8-mm Type S) - Projectable Image Area and Projector Usage,ST,"Cinema, film, projection, and mastering",ST 154,Cinema,Cinema; Motion-Picture Film (8-mm Type S) - Projectable Image Area and Projector Usage; ST 154,stabilized,1,2003-10-20,https://pub.smpte.org/doc/st154/,https://pub.smpte.org/doc/st154/20031020-pub/
ST 157,Motion-Picture Film (8-mm Type S) - Camera Aperture Image and Usage,ST,"Cinema, film, projection, and mastering",ST 157,Cinema,Cinema; Motion-Picture Film (8-mm Type S) - Camera Aperture Image and Usage; ST 157,stabilized,1,1999-04-20,https://pub.smpte.org/doc/st157/,https://pub.smpte.org/doc/st157/19990420-pub/
ST 159-1,Cartridge-Camera Interface and Take-Up Core Drive,ST,"Video formats, interfaces, and signal transport",ST 159,SDI; Signal transport; Video interface,Cartridge-Camera Interface and Take-Up Core Drive; SDI; serial digital interface; Signal transport; ST 159; ST 159-1; Video interface,stabilized,1,2001-06-06,https://pub.smpte.org/doc/st159-1/,https://pub.smpte.org/doc/st159-1/20010606-pub/
ST 159-2,"Aperture, Profile, Film Position, Pressure Pad and Flatness",ST,"Cinema, film, projection, and mastering",ST 159,Cinema,"Aperture, Profile, Film Position, Pressure Pad and Flatness; Cinema; ST 159; ST 159-2",stabilized,1,2001-06-06,https://pub.smpte.org/doc/st159-2/,https://pub.smpte.org/doc/st159-2/20010606-pub/
ST 160,Motion-Picture Equipment (8-mm Type S) -Projection Reels - 100- to 312-mm Diameter,ST,"Cinema, film, projection, and mastering",ST 160,IP Video; Networking; PTP; RTP,IP Video; Motion-Picture Equipment (8-mm Type S) -Projection Reels - 100- to 312-mm Diameter; Networking; precision time protocol; PTP; real-time transport protocol; RTP; smpte 2110; ST 160; st 2110,stabilized,1,1995-09-12,https://pub.smpte.org/doc/st160/,https://pub.smpte.org/doc/st160/19950912-pub/
ST 161,Motion-Picture Film (8-mm Type S) - Magnetic Striping,ST,"Cinema, film, projection, and mastering",ST 161,Archive; IP Video; Networking; PTP; Recording; RTP; Storage,Archive; IP Video; Motion-Picture Film (8-mm Type S) - Magnetic Striping; Networking; precision time protocol; PTP; real-time transport protocol; Recording; RTP; smpte 2110; ST 161; st 2110; Storage,stabilized,1,1998-09-01,https://pub.smpte.org/doc/st161/,https://pub.smpte.org/doc/st161/19980901-pub/
ST 162,"Motion-Picture Film (8-mm Type S) - 16-mm Film Perforated 8-mm Type S, (1-4) - Magnetic Striping",ST,"Cinema, film, projection, and mastering",ST 162,Archive; IP Video; Networking; PTP; Recording; RTP; Storage,"Archive; IP Video; Motion-Picture Film (8-mm Type S) - 16-mm Film Perforated 8-mm Type S, (1-4) - Magnetic Striping; Networking; precision time protocol; PTP; real-time transport protocol; Recording; RTP; smpte 2110; ST 162; st 2110; Storage",stabilized,1,1998-09-01,https://pub.smpte.org/doc/st162/,https://pub.smpte.org/doc/st162/19980901-pub/
ST 163,"Motion-Picture Film (8-mm Type S) - 35-mm Film Perforated 8-mm Type S, 5R - Magnetic Striping",ST,"Cinema, film, projection, and mastering",ST 163,Archive; IP Video; Networking; PTP; Recording; RTP; Storage,"Archive; IP Video; Motion-Picture Film (8-mm Type S) - 35-mm Film Perforated 8-mm Type S, 5R - Magnetic Striping; Networking; precision time protocol; PTP; real-time transport protocol; Recording; RTP; smpte 2110; ST 163; st 2110; Storage",stabilized,1,1998-09-01,https://pub.smpte.org/doc/st163/,https://pub.smpte.org/doc/st163/19980901-pub/
ST 164,"Motion-Picture Film (8-mm Type S) - Magnetic Audio Record - Position, Dimensions and Reproducing Speed",ST,"Cinema, film, projection, and mastering",ST 164,Archive; Audio; Loudness; Recording; Sound; Storage,"Archive; Audio; Loudness; Motion-Picture Film (8-mm Type S) - Magnetic Audio Record - Position, Dimensions and Reproducing Speed; Recording; Sound; ST 164; Storage",stabilized,1,2002-07-26,https://pub.smpte.org/doc/st164/,https://pub.smpte.org/doc/st164/20020726-pub/
ST 165,"Motion-Picture Film (35-mm) - Perforated 8-mm Type S, 5R (1-3-5-7-0)",ST,"Cinema, film, projection, and mastering",ST 165,Cinema,"Cinema; Motion-Picture Film (35-mm) - Perforated 8-mm Type S, 5R (1-3-5-7-0); ST 165",stabilized,1,1994-01-31,https://pub.smpte.org/doc/st165/,https://pub.smpte.org/doc/st165/19940131-pub/
ST 166,Motion-Picture Film (8-mm Type S) - Exposure Control and Stock Identification - Sound and Silent Camera Cartridge Notches,ST,"Cinema, film, projection, and mastering",ST 166,Audio; Loudness; Sound,Audio; Loudness; Motion-Picture Film (8-mm Type S) - Exposure Control and Stock Identification - Sound and Silent Camera Cartridge Notches; Sound; ST 166,stabilized,1,2004-11-08,https://pub.smpte.org/doc/st166/,https://pub.smpte.org/doc/st166/20041108-pub/
ST 168,"Motion-Picture Film (16-mm) - Perforated 8-mm Type S, (1-4)",ST,"Cinema, film, projection, and mastering",ST 168,Cinema,"Cinema; Motion-Picture Film (16-mm) - Perforated 8-mm Type S, (1-4); ST 168",stabilized,1,2001-06-06,https://pub.smpte.org/doc/st168/,https://pub.smpte.org/doc/st168/20010606-pub/
ST 169,"Motion-Picture Film (35-mm) - Perforated 8-mm Type S, 2R-1664 (1-0)",ST,"Cinema, film, projection, and mastering",ST 169,Cinema,"Cinema; Motion-Picture Film (35-mm) - Perforated 8-mm Type S, 2R-1664 (1-0); ST 169",stabilized,1,2002-07-26,https://pub.smpte.org/doc/st169/,https://pub.smpte.org/doc/st169/20020726-pub/
ST 170,Television - Composite Analog Video Signal - NTSC for Studio Applications,ST,"Video formats, interfaces, and signal transport",ST 170,Video formats,ST 170; Television - Composite Analog Video Signal - NTSC for Studio Applications; Video formats,stabilized,1,2004-11-30,https://pub.smpte.org/doc/st170/,https://pub.smpte.org/doc/st170/20041130-pub/
ST 171,"Motion-Picture Film (35-mm) - Perforated 16-mm, 3R (1-3-0)",ST,"Cinema, film, projection, and mastering",ST 171,Cinema,"Cinema; Motion-Picture Film (35-mm) - Perforated 16-mm, 3R (1-3-0); ST 171",stabilized,1,2001-06-06,https://pub.smpte.org/doc/st171/,https://pub.smpte.org/doc/st171/20010606-pub/
ST 173,Motion-Picture Equipment (8-mm Type R) - Double 8-mm Camera Spools - 100-Ft Capacity,ST,"Cinema, film, projection, and mastering",ST 173,IP Video; Networking; PTP; RTP,IP Video; Motion-Picture Equipment (8-mm Type R) - Double 8-mm Camera Spools - 100-Ft Capacity; Networking; precision time protocol; PTP; real-time transport protocol; RTP; smpte 2110; ST 173; st 2110,stabilized,1,2004-11-08,https://pub.smpte.org/doc/st173/,https://pub.smpte.org/doc/st173/20041108-pub/
ST 174,Motion-Picture Equipment (16-mm) - Camera Spools - 50- to 400-Ft Capacity,ST,"Cinema, film, projection, and mastering",ST 174,IP Video; Networking; PTP; RTP,IP Video; Motion-Picture Equipment (16-mm) - Camera Spools - 50- to 400-Ft Capacity; Networking; precision time protocol; PTP; real-time transport protocol; RTP; smpte 2110; ST 174; st 2110,stabilized,1,1994-04-13,https://pub.smpte.org/doc/st174/,https://pub.smpte.org/doc/st174/19940413-pub/
ST 176,Motion-Picture Film (8-mm Type S) - 16-mm Film Perforated 2R-1667 (1-3) - Magnetic Striping,ST,"Cinema, film, projection, and mastering",ST 176,Archive; IP Video; Networking; PTP; Recording; RTP; Storage,Archive; IP Video; Motion-Picture Film (8-mm Type S) - 16-mm Film Perforated 2R-1667 (1-3) - Magnetic Striping; Networking; precision time protocol; PTP; real-time transport protocol; Recording; RTP; smpte 2110; ST 176; st 2110; Storage,stabilized,1,1999-04-21,https://pub.smpte.org/doc/st176/,https://pub.smpte.org/doc/st176/19990421-pub/
ST 177,Motion-Picture Film (35-mm) - Four-Track Magnetic Audio Release Prints - Magnetic Striping,ST,"Cinema, film, projection, and mastering",ST 177,Archive; Audio; IP Video; Loudness; Networking; PTP; Recording; RTP; Sound; Storage,Archive; Audio; IP Video; Loudness; Motion-Picture Film (35-mm) - Four-Track Magnetic Audio Release Prints - Magnetic Striping; Networking; precision time protocol; PTP; real-time transport protocol; Recording; RTP; smpte 2110; Sound; ST 177; st 2110; Storage,stabilized,1,1995-09-12,https://pub.smpte.org/doc/st177/,https://pub.smpte.org/doc/st177/19950912-pub/
ST 179,Motion-Picture Film (8-mm Type S) - 35-mm Film Perforated 2R (1-0) and 5R (1-3-5-7-0) - Printed Areas,ST,"Cinema, film, projection, and mastering",ST 179,Cinema,Cinema; Motion-Picture Film (8-mm Type S) - 35-mm Film Perforated 2R (1-0) and 5R (1-3-5-7-0) - Printed Areas; ST 179,stabilized,1,1996-08-26,https://pub.smpte.org/doc/st179/,https://pub.smpte.org/doc/st179/19960826-pub/
ST 181,Motion-Picture Film (8-mm Type S) - 16-mm Film Perforated 8-mm Type S (1-3) - Printed Areas,ST,"Cinema, film, projection, and mastering",ST 181,Cinema,Cinema; Motion-Picture Film (8-mm Type S) - 16-mm Film Perforated 8-mm Type S (1-3) - Printed Areas; ST 181,stabilized,1,2001-06-06,https://pub.smpte.org/doc/st181/,https://pub.smpte.org/doc/st181/20010606-pub/
ST 183,Motion-Picture Film - Photographic Audio Level Test Films - Measurement of Photoelectric Output Factor,ST,"Cinema, film, projection, and mastering",ST 183,Audio; Calibration; Loudness; Measurement; Sound; Test Method,Audio; Calibration; Loudness; Measurement; Motion-Picture Film - Photographic Audio Level Test Films - Measurement of Photoelectric Output Factor; Sound; ST 183; Test Method,stabilized,1,1996-03-08,https://pub.smpte.org/doc/st183/,https://pub.smpte.org/doc/st183/19960308-pub/
ST 184,Motion-Picture Film - Raw Stock Identification and Labeling,ST,"Cinema, film, projection, and mastering",ST 184,Identifier; Metadata; Registry,Identifier; meta data; Metadata; Motion-Picture Film - Raw Stock Identification and Labeling; Registry; ST 184,stabilized,1,1998-07-27,https://pub.smpte.org/doc/st184/,https://pub.smpte.org/doc/st184/19980727-pub/
ST 185,"Motion-Picture Film (70-mm) — Six Magnetic Records on Release Prints — Position, Dimensions, Reproducing Speed and Identity",ST,"Cinema, film, projection, and mastering",ST 185,Archive; Recording; Storage,"Archive; Motion-Picture Film (70-mm) — Six Magnetic Records on Release Prints — Position, Dimensions, Reproducing Speed and Identity; Recording; ST 185; Storage",stabilized,2,2011-12-05,https://pub.smpte.org/doc/st185/,https://pub.smpte.org/doc/st185/20111205-pub/
ST 192,Motion-Picture Equipment (35-mm) - Shipping Reels for Prints,ST,"Cinema, film, projection, and mastering",ST 192,IP Video; Networking; PTP; RTP,IP Video; Motion-Picture Equipment (35-mm) - Shipping Reels for Prints; Networking; precision time protocol; PTP; real-time transport protocol; RTP; smpte 2110; ST 192; st 2110,stabilized,1,1997-12-04,https://pub.smpte.org/doc/st192/,https://pub.smpte.org/doc/st192/19971204-pub/
ST 194,Motion-Picture Film (35-mm) - Projector Usage - Release Prints Having Four Perforations per Frame,ST,"Cinema, film, projection, and mastering",ST 194,Cinema,Cinema; Motion-Picture Film (35-mm) - Projector Usage - Release Prints Having Four Perforations per Frame; ST 194,stabilized,1,2002-07-26,https://pub.smpte.org/doc/st194/,https://pub.smpte.org/doc/st194/20020726-pub/
ST 195,Motion-Picture Film (35-mm) - Motion-Picture Prints - Projectable Image Area,ST,"Cinema, film, projection, and mastering",ST 195,Cinema,Cinema; Motion-Picture Film (35-mm) - Motion-Picture Prints - Projectable Image Area; ST 195,stabilized,1,2000-05-30,https://pub.smpte.org/doc/st195/,https://pub.smpte.org/doc/st195/20000530-pub/
ST 196,Motion-Picture Film - Indoor Theater and Review Room Projection - Screen Luminance and Viewing Conditions,ST,"Cinema, film, projection, and mastering",ST 196,Color; Display; Imaging,Color; Display; Imaging; Motion-Picture Film - Indoor Theater and Review Room Projection - Screen Luminance and Viewing Conditions; ST 196,active,1,2003-10-20,https://pub.smpte.org/doc/st196/,https://pub.smpte.org/doc/st196/20031020-pub/
ST 197,"Motion-Picture Film (8-mm Type S) - 50-Ft Model 1 Sound Camera Cartridge - Cartridge, Cartridge-Camera Interface and Take-Up Core",ST,"Cinema, film, projection, and mastering",ST 197,Audio; Loudness; SDI; Signal transport; Sound; Video interface,"Audio; Loudness; Motion-Picture Film (8-mm Type S) - 50-Ft Model 1 Sound Camera Cartridge - Cartridge, Cartridge-Camera Interface and Take-Up Core; SDI; serial digital interface; Signal transport; Sound; ST 197; Video interface",stabilized,1,2003-11-12,https://pub.smpte.org/doc/st197/,https://pub.smpte.org/doc/st197/20031112-pub/
ST 198,"Motion-Picture Film (8-mm Type S) - 50-Ft Model 1 Sound Camera Cartridge - Aperture, Pressure Pad and Film Position",ST,"Cinema, film, projection, and mastering",ST 198,Audio; Loudness; Sound,"Audio; Loudness; Motion-Picture Film (8-mm Type S) - 50-Ft Model 1 Sound Camera Cartridge - Aperture, Pressure Pad and Film Position; Sound; ST 198",stabilized,1,2003-11-12,https://pub.smpte.org/doc/st198/,https://pub.smpte.org/doc/st198/20031112-pub/
ST 199,Motion-Picture Film (8-mm Type S) - 50-Ft Model 1 Sound Camera Cartridge - Pressure Pad Flatness and Camera Aperture Profile,ST,"Cinema, film, projection, and mastering",ST 199,Audio; Loudness; Sound,Audio; Loudness; Motion-Picture Film (8-mm Type S) - 50-Ft Model 1 Sound Camera Cartridge - Pressure Pad Flatness and Camera Aperture Profile; Sound; ST 199,stabilized,1,2003-11-12,https://pub.smpte.org/doc/st199/,https://pub.smpte.org/doc/st199/20031112-pub/
ST 200,"Motion-Picture Equipment (8-mm Type S) - Model 1 Camera Cartridge - Camera Run Length, Perforation Cutout and End-of-Run Notch",ST,"Cinema, film, projection, and mastering",ST 200,IP Video; Networking; PTP; RTP,"IP Video; Motion-Picture Equipment (8-mm Type S) - Model 1 Camera Cartridge - Camera Run Length, Perforation Cutout and End-of-Run Notch; Networking; precision time protocol; PTP; real-time transport protocol; RTP; smpte 2110; ST 200; st 2110",stabilized,1,2003-11-12,https://pub.smpte.org/doc/st200/,https://pub.smpte.org/doc/st200/20031112-pub/
ST 201,Motion-Picture Film (16-mm) - Type W Camera Aperture Image,ST,"Cinema, film, projection, and mastering",ST 201,Cinema,Cinema; Motion-Picture Film (16-mm) - Type W Camera Aperture Image; ST 201,stabilized,1,1996-04-08,https://pub.smpte.org/doc/st201/,https://pub.smpte.org/doc/st201/19960408-pub/
ST 202,"Motion-Pictures - Dubbing Theaters, Review Rooms and Indoor Theaters - B-Chain Electroacoustic Response",ST,"Cinema, film, projection, and mastering",ST 202,Cinema,"Cinema; Motion-Pictures - Dubbing Theaters, Review Rooms and Indoor Theaters - B-Chain Electroacoustic Response; ST 202",stabilized,1,2010-10-20,https://pub.smpte.org/doc/st202/,https://pub.smpte.org/doc/st202/20101020-pub/
ST 203,Motion-Picture Film (35-mm) — Prints — Two-Track Photographic Analog Audio Records,ST,"Cinema, film, projection, and mastering",ST 203,Audio; Loudness; Sound,Audio; Loudness; Motion-Picture Film (35-mm) — Prints — Two-Track Photographic Analog Audio Records; Sound; ST 203,stabilized,2,2011-03-22,https://pub.smpte.org/doc/st203/,https://pub.smpte.org/doc/st203/20110322-pub/
ST 205,Motion-Picture Equipment (8-mm Type S) - Model 1 Camera Cartridge - Interface and Take-Up Core Drive (200-Ft Capacity),ST,"Cinema, film, projection, and mastering",ST 205,IP Video; Networking; PTP; RTP; SDI; Signal transport; Video interface,IP Video; Motion-Picture Equipment (8-mm Type S) - Model 1 Camera Cartridge - Interface and Take-Up Core Drive (200-Ft Capacity); Networking; precision time protocol; PTP; real-time transport protocol; RTP; SDI; serial digital interface; Signal transport; smpte 2110; ST 205; st 2110; Video interface,stabilized,1,1993-11-12,https://pub.smpte.org/doc/st205/,https://pub.smpte.org/doc/st205/19931112-pub/
ST 206,"Motion-Picture Equipment (8-mm Type S) - Model 1 Sound Camera Cartridge - Aperture, Profile, Film Position, Pressure Pad and Flatness (200-Ft Capacity)",ST,"Cinema, film, projection, and mastering",ST 206,Audio; IP Video; Loudness; Networking; PTP; RTP; Sound,"Audio; IP Video; Loudness; Motion-Picture Equipment (8-mm Type S) - Model 1 Sound Camera Cartridge - Aperture, Profile, Film Position, Pressure Pad and Flatness (200-Ft Capacity); Networking; precision time protocol; PTP; real-time transport protocol; RTP; smpte 2110; Sound; ST 206; st 2110",stabilized,1,1998-08-18,https://pub.smpte.org/doc/st206/,https://pub.smpte.org/doc/st206/19980818-pub/
ST 207,Television - Digital Control Interface - Electrical and Mechanical Characteristics,ST,"Video formats, interfaces, and signal transport",ST 207,SDI; Signal transport; Video interface,SDI; serial digital interface; Signal transport; ST 207; Television - Digital Control Interface - Electrical and Mechanical Characteristics; Video interface,active,1,1997-12-02,https://pub.smpte.org/doc/st207/,https://pub.smpte.org/doc/st207/19971202-pub/
ST 208,Motion-Picture Film - 35- and 16-mm Magnetic Audio Records - Recorded Characteristics,ST,"Cinema, film, projection, and mastering",ST 208,Archive; Audio; Loudness; Recording; Sound; Storage,Archive; Audio; Loudness; Motion-Picture Film - 35- and 16-mm Magnetic Audio Records - Recorded Characteristics; Recording; Sound; ST 208; Storage,stabilized,1,1992-11-12,https://pub.smpte.org/doc/st208/,https://pub.smpte.org/doc/st208/19921112-pub/
ST 209,Motion-Picture Film (8-mm Type S) - Magnetic Audio Records - Recorded Characteristic,ST,"Cinema, film, projection, and mastering",ST 209,Archive; Audio; Loudness; Recording; Sound; Storage,Archive; Audio; Loudness; Motion-Picture Film (8-mm Type S) - Magnetic Audio Records - Recorded Characteristic; Recording; Sound; ST 209; Storage,stabilized,1,1996-03-08,https://pub.smpte.org/doc/st209/,https://pub.smpte.org/doc/st209/19960308-pub/
ST 210,Motion-Picture Film (16-mm) - Magnetic Audio Records - Two Records on 16-mm Magnetic Film,ST,"Cinema, film, projection, and mastering",ST 210,Archive; Audio; Loudness; Recording; Sound; Storage,Archive; Audio; Loudness; Motion-Picture Film (16-mm) - Magnetic Audio Records - Two Records on 16-mm Magnetic Film; Recording; Sound; ST 210; Storage,stabilized,1,2004-11-08,https://pub.smpte.org/doc/st210/,https://pub.smpte.org/doc/st210/20041108-pub/
ST 211,Motion-Picture Film - 16- and 35-mm Variable-Area Photographic Audio Records - Signal-to-Noise Ratio,ST,"Cinema, film, projection, and mastering",ST 211,Audio; Loudness; Sound,Audio; Loudness; Motion-Picture Film - 16- and 35-mm Variable-Area Photographic Audio Records - Signal-to-Noise Ratio; Sound; ST 211,stabilized,1,2001-06-06,https://pub.smpte.org/doc/st211/,https://pub.smpte.org/doc/st211/20010606-pub/
ST 212,Motion-Picture Equipment (8-mm Type S) - Projection Reels - 75-mm Diameter,ST,"Cinema, film, projection, and mastering",ST 212,IP Video; Networking; PTP; RTP,IP Video; Motion-Picture Equipment (8-mm Type S) - Projection Reels - 75-mm Diameter; Networking; precision time protocol; PTP; real-time transport protocol; RTP; smpte 2110; st 2110; ST 212,stabilized,1,1995-09-12,https://pub.smpte.org/doc/st212/,https://pub.smpte.org/doc/st212/19950912-pub/
ST 214,Motion-Picture Film (35-mm) - Analog Photographic Audio Reproduction Characteristics,ST,"Cinema, film, projection, and mastering",ST 214,Audio; Loudness; Sound,Audio; Loudness; Motion-Picture Film (35-mm) - Analog Photographic Audio Reproduction Characteristics; Sound; ST 214,stabilized,1,2007-12-14,https://pub.smpte.org/doc/st214/,https://pub.smpte.org/doc/st214/20071214-pub/
ST 215,Motion-Picture Film (65-mm) - Camera Aperture Image,ST,"Cinema, film, projection, and mastering",ST 215,Cinema,Cinema; Motion-Picture Film (65-mm) - Camera Aperture Image; ST 215,stabilized,1,1995-12-01,https://pub.smpte.org/doc/st215/,https://pub.smpte.org/doc/st215/19951201-pub/
ST 216,Motion-Picture Film (35-mm) - Four-Track Striped Release Prints - Recorded Characteristic of Magnetic Audio Records,ST,"Cinema, film, projection, and mastering",ST 216,Archive; Audio; IP Video; Loudness; Networking; PTP; Recording; RTP; Sound; Storage,Archive; Audio; IP Video; Loudness; Motion-Picture Film (35-mm) - Four-Track Striped Release Prints - Recorded Characteristic of Magnetic Audio Records; Networking; precision time protocol; PTP; real-time transport protocol; Recording; RTP; smpte 2110; Sound; st 2110; ST 216; Storage,stabilized,1,1998-09-24,https://pub.smpte.org/doc/st216/,https://pub.smpte.org/doc/st216/19980924-pub/
ST 217,Motion-Picture Film (70-mm) — Striped Release Prints — Recorded Characteristics of Magnetic Audio Records,ST,"Cinema, film, projection, and mastering",ST 217,Archive; Audio; IP Video; Loudness; Networking; PTP; Recording; RTP; Sound; Storage,Archive; Audio; IP Video; Loudness; Motion-Picture Film (70-mm) — Striped Release Prints — Recorded Characteristics of Magnetic Audio Records; Networking; precision time protocol; PTP; real-time transport protocol; Recording; RTP; smpte 2110; Sound; st 2110; ST 217; Storage,stabilized,2,2015-02-24,https://pub.smpte.org/doc/st217/,https://pub.smpte.org/doc/st217/20150224-pub/
ST 218,Motion-Picture Film (16-mm) - 200-Mil Center-Position Magnetic Audio Record,ST,"Cinema, film, projection, and mastering",ST 218,Archive; Audio; Loudness; Recording; Sound; Storage,Archive; Audio; Loudness; Motion-Picture Film (16-mm) - 200-Mil Center-Position Magnetic Audio Record; Recording; Sound; ST 218; Storage,stabilized,1,1996-04-08,https://pub.smpte.org/doc/st218/,https://pub.smpte.org/doc/st218/19960408-pub/
ST 220,Motion-Picture and Television Equipment - Camera Mounting Connections - 1/4-Inch-20 Thread and 3/8-Inch-16 Thread Tripod Screws,ST,"Cinema, film, projection, and mastering",ST 220,IP Video; Networking; PTP; RTP,IP Video; Motion-Picture and Television Equipment - Camera Mounting Connections - 1/4-Inch-20 Thread and 3/8-Inch-16 Thread Tripod Screws; Networking; precision time protocol; PTP; real-time transport protocol; RTP; smpte 2110; st 2110; ST 220,stabilized,1,1996-10-28,https://pub.smpte.org/doc/st220/,https://pub.smpte.org/doc/st220/19961028-pub/
ST 221,Audio Motion-Picture Film (70-mm) - Six-Track Audio Release Prints - Magnetic Striping Dimensions,ST,"Cinema, film, projection, and mastering",ST 221,Archive; Audio; IP Video; Loudness; Networking; PTP; Recording; RTP; Sound; Storage,Archive; Audio; Audio Motion-Picture Film (70-mm) - Six-Track Audio Release Prints - Magnetic Striping Dimensions; IP Video; Loudness; Networking; precision time protocol; PTP; real-time transport protocol; Recording; RTP; smpte 2110; Sound; st 2110; ST 221; Storage,stabilized,1,2003-12-14,https://pub.smpte.org/doc/st221/,https://pub.smpte.org/doc/st221/20031214-pub/
ST 222,Television - Control and Review Rooms - Monitor System Electroacoustic Response,ST,"Color, HDR, imaging, and display",ST 222,Color; Display; Imaging,Color; Display; Imaging; ST 222; Television - Control and Review Rooms - Monitor System Electroacoustic Response,stabilized,1,1994-10-19,https://pub.smpte.org/doc/st222/,https://pub.smpte.org/doc/st222/19941019-pub/
ST 223,Motion-Picture Film - Safety Film,ST,"Cinema, film, projection, and mastering",ST 223,Cinema,Cinema; Motion-Picture Film - Safety Film; ST 223,stabilized,1,2001-06-06,https://pub.smpte.org/doc/st223/,https://pub.smpte.org/doc/st223/20010606-pub/
ST 224,Television Digital Component Recording - 19-mm Type D-1 - Tape Record,ST,"Storage, recording, and physical media",ST 224,Archive; Recording; Storage,Archive; Recording; ST 224; Storage; Television Digital Component Recording - 19-mm Type D-1 - Tape Record,stabilized,1,2003-02-07,https://pub.smpte.org/doc/st224/,https://pub.smpte.org/doc/st224/20030207-pub/
ST 225,Television Digital Component Recording - 19-mm Type D-1 - Magnetic Tape,ST,"Storage, recording, and physical media",ST 225,Archive; Recording; Storage,Archive; Recording; ST 225; Storage; Television Digital Component Recording - 19-mm Type D-1 - Magnetic Tape,stabilized,1,2003-02-07,https://pub.smpte.org/doc/st225/,https://pub.smpte.org/doc/st225/20030207-pub/
ST 226,Television Digital Recording - 19-mm Tape Cassettes,ST,"Storage, recording, and physical media",ST 226,Archive; Recording; Storage,Archive; Recording; ST 226; Storage; Television Digital Recording - 19-mm Tape Cassettes,stabilized,1,1996-10-03,https://pub.smpte.org/doc/st226/,https://pub.smpte.org/doc/st226/19961003-pub/
ST 227,Television Digital Component Recording - 19-mm Type D-1 - Helical Data and Control Records,ST,"Storage, recording, and physical media",ST 227,Archive; Recording; Storage,Archive; Recording; ST 227; Storage; Television Digital Component Recording - 19-mm Type D-1 - Helical Data and Control Records,stabilized,1,1996-08-14,https://pub.smpte.org/doc/st227/,https://pub.smpte.org/doc/st227/19960814-pub/
ST 228,Television Digital Component Recording - 19-mm Type D-1 - Time and Control Code and Cue Records,ST,"Storage, recording, and physical media",ST 228,Archive; Recording; Storage; Synchronization; Timecode; Timing,Archive; Recording; ST 228; Storage; Synchronization; Television Digital Component Recording - 19-mm Type D-1 - Time and Control Code and Cue Records; time code; Timecode; Timing,stabilized,1,1996-08-14,https://pub.smpte.org/doc/st228/,https://pub.smpte.org/doc/st228/19960814-pub/
ST 229,Television Analog Recording - 1/2-in Type L - Records,ST,"Storage, recording, and physical media",ST 229,Archive; Recording; Storage,Archive; Recording; ST 229; Storage; Television Analog Recording - 1/2-in Type L - Records,stabilized,1,1996-10-10,https://pub.smpte.org/doc/st229/,https://pub.smpte.org/doc/st229/19961010-pub/
ST 230,"Television Analog Recording - 1/2-in Type L - Electrical Parameters, Control Code and Tracking Control",ST,"Storage, recording, and physical media",ST 230,Archive; Recording; Storage,"Archive; Recording; ST 230; Storage; Television Analog Recording - 1/2-in Type L - Electrical Parameters, Control Code and Tracking Control",stabilized,1,1996-10-10,https://pub.smpte.org/doc/st230/,https://pub.smpte.org/doc/st230/19961010-pub/
ST 231,Motion-Picture Film (8-mm Type R) - Camera Aperture Image and Usage,ST,"Cinema, film, projection, and mastering",ST 231,Cinema,Cinema; Motion-Picture Film (8-mm Type R) - Camera Aperture Image and Usage; ST 231,stabilized,1,2004-11-08,https://pub.smpte.org/doc/st231/,https://pub.smpte.org/doc/st231/20041108-pub/
ST 233,"Motion-Picture Film (16-mm, does not include Super 16) - Projectable Image Area and Projector Usage",ST,"Cinema, film, projection, and mastering",ST 233,Cinema,"Cinema; Motion-Picture Film (16-mm, does not include Super 16) - Projectable Image Area and Projector Usage; ST 233",stabilized,1,2003-10-20,https://pub.smpte.org/doc/st233/,https://pub.smpte.org/doc/st233/20031020-pub/
ST 234,Motion-Picture Film (8-mm Type R) - Projectable Image Area and Projector Usage,ST,"Cinema, film, projection, and mastering",ST 234,Cinema,Cinema; Motion-Picture Film (8-mm Type R) - Projectable Image Area and Projector Usage; ST 234,stabilized,1,1998-08-18,https://pub.smpte.org/doc/st234/,https://pub.smpte.org/doc/st234/19980818-pub/
ST 235,Motion-Picture Equipment (16-mm) - Projection Reels - 200- to 2300-Ft Capacity,ST,"Cinema, film, projection, and mastering",ST 235,IP Video; Networking; PTP; RTP,IP Video; Motion-Picture Equipment (16-mm) - Projection Reels - 200- to 2300-Ft Capacity; Networking; precision time protocol; PTP; real-time transport protocol; RTP; smpte 2110; st 2110; ST 235,stabilized,1,1998-03-03,https://pub.smpte.org/doc/st235/,https://pub.smpte.org/doc/st235/19980303-pub/
ST 236,Motion-Picture Equipment (8-mm Type R) - Projection Reels,ST,"Cinema, film, projection, and mastering",ST 236,IP Video; Networking; PTP; RTP,IP Video; Motion-Picture Equipment (8-mm Type R) - Projection Reels; Networking; precision time protocol; PTP; real-time transport protocol; RTP; smpte 2110; st 2110; ST 236,stabilized,1,1998-12-07,https://pub.smpte.org/doc/st236/,https://pub.smpte.org/doc/st236/19981207-pub/
ST 237,Motion-Picture Film (35-mm) - Perforated DH-1870,ST,"Cinema, film, projection, and mastering",ST 237,Cinema,Cinema; Motion-Picture Film (35-mm) - Perforated DH-1870; ST 237,stabilized,1,2003-11-12,https://pub.smpte.org/doc/st237/,https://pub.smpte.org/doc/st237/20031112-pub/
ST 238,Television Analog Recording - 1/2-in Type L - Tapes and Cassettes,ST,"Storage, recording, and physical media",ST 238,Archive; Recording; Storage,Archive; Recording; ST 238; Storage; Television Analog Recording - 1/2-in Type L - Tapes and Cassettes,active,1,1998-12-07,https://pub.smpte.org/doc/st238/,https://pub.smpte.org/doc/st238/19981207-pub/
ST 239,"Motion-Picture Film (16-mm) - Perforated 8-mm Type R, 2R",ST,"Cinema, film, projection, and mastering",ST 239,Cinema,"Cinema; Motion-Picture Film (16-mm) - Perforated 8-mm Type R, 2R; ST 239",stabilized,1,2004-11-08,https://pub.smpte.org/doc/st239/,https://pub.smpte.org/doc/st239/20041108-pub/
ST 240,Television - 1125-Line High-Definition Production Systems - Signal Parameters,ST,"Video formats, interfaces, and signal transport",ST 240,Video formats,ST 240; Television - 1125-Line High-Definition Production Systems - Signal Parameters; Video formats,stabilized,1,1999-11-11,https://pub.smpte.org/doc/st240/,https://pub.smpte.org/doc/st240/19991111-pub/
ST 241,Motion-Picture Equipment — 35-mm and 70-mm Projection Reels,ST,"Cinema, film, projection, and mastering",ST 241,IP Video; Networking; PTP; RTP,IP Video; Motion-Picture Equipment — 35-mm and 70-mm Projection Reels; Networking; precision time protocol; PTP; real-time transport protocol; RTP; smpte 2110; st 2110; ST 241,stabilized,2,2015-02-24,https://pub.smpte.org/doc/st241/,https://pub.smpte.org/doc/st241/20150224-pub/
ST 242,Motion-Picture Equipment (35-mm) - Universal Intermittent Sprockets,ST,"Cinema, film, projection, and mastering",ST 242,IP Video; Networking; PTP; RTP,IP Video; Motion-Picture Equipment (35-mm) - Universal Intermittent Sprockets; Networking; precision time protocol; PTP; real-time transport protocol; RTP; smpte 2110; st 2110; ST 242,stabilized,1,2003-10-20,https://pub.smpte.org/doc/st242/,https://pub.smpte.org/doc/st242/20031020-pub/
ST 243,Motion-Picture Equipment - 35- and 70-mm Projection Lenses and Mounts,ST,"Cinema, film, projection, and mastering",ST 243,IP Video; Networking; PTP; RTP,IP Video; Motion-Picture Equipment - 35- and 70-mm Projection Lenses and Mounts; Networking; precision time protocol; PTP; real-time transport protocol; RTP; smpte 2110; st 2110; ST 243,stabilized,1,1993-03-22,https://pub.smpte.org/doc/st243/,https://pub.smpte.org/doc/st243/19930322-pub/
ST 244,Television - System M/NTSC Composite Video Signals - Bit-Parallel Digital Interface,ST,"Video formats, interfaces, and signal transport",ST 244,SDI; Signal transport; Video interface,SDI; serial digital interface; Signal transport; ST 244; Television - System M/NTSC Composite Video Signals - Bit-Parallel Digital Interface; Video interface,active,1,2003-02-07,https://pub.smpte.org/doc/st244/,https://pub.smpte.org/doc/st244/20030207-pub/
ST 245,Television Digital Recording - 19-mm Type D-2 Composite Format - Tape Record,ST,"Storage, recording, and physical media",ST 245,Archive; Recording; Storage,Archive; Recording; ST 245; Storage; Television Digital Recording - 19-mm Type D-2 Composite Format - Tape Record,stabilized,1,1993-08-10,https://pub.smpte.org/doc/st245/,https://pub.smpte.org/doc/st245/19930810-pub/
ST 246,Television Digital Recording - 19-mm Type D-2 Composite Format - Magnetic Tape,ST,"Storage, recording, and physical media",ST 246,Archive; Recording; Storage,Archive; Recording; ST 246; Storage; Television Digital Recording - 19-mm Type D-2 Composite Format - Magnetic Tape,stabilized,1,2003-02-07,https://pub.smpte.org/doc/st246/,https://pub.smpte.org/doc/st246/20030207-pub/
ST 247,Television Digital Recording - 19-mm Type D-2 Composite Format - Helical Data and Control Records,ST,"Storage, recording, and physical media",ST 247,Archive; Recording; Storage,Archive; Recording; ST 247; Storage; Television Digital Recording - 19-mm Type D-2 Composite Format - Helical Data and Control Records,stabilized,1,2003-02-07,https://pub.smpte.org/doc/st247/,https://pub.smpte.org/doc/st247/20030207-pub/
ST 248,Television Digital Recording - 19-mm Type D-2 Composite Format - Cue Record and Time and Control Code Record,ST,"Storage, recording, and physical media",ST 248,Archive; Recording; Storage; Synchronization; Timecode; Timing,Archive; Recording; ST 248; Storage; Synchronization; Television Digital Recording - 19-mm Type D-2 Composite Format - Cue Record and Time and Control Code Record; time code; Timecode; Timing,stabilized,1,2003-02-07,https://pub.smpte.org/doc/st248/,https://pub.smpte.org/doc/st248/20030207-pub/
ST 249,Television Analog Recording - 1/2-in Type M-2 - Records,ST,"Storage, recording, and physical media",ST 249,Archive; Recording; Storage,Archive; Recording; ST 249; Storage; Television Analog Recording - 1/2-in Type M-2 - Records,stabilized,1,1996-11-29,https://pub.smpte.org/doc/st249/,https://pub.smpte.org/doc/st249/19961129-pub/
ST 250,Television Analog Recording - 1/2-in Type M-2 - Tapes and Cassettes,ST,"Storage, recording, and physical media",ST 250,Archive; Recording; Storage,Archive; Recording; ST 250; Storage; Television Analog Recording - 1/2-in Type M-2 - Tapes and Cassettes,stabilized,1,1996-12-02,https://pub.smpte.org/doc/st250/,https://pub.smpte.org/doc/st250/19961202-pub/
ST 251,"Television Analog Recording - 1/2-in Type M-2 - Electrical Parameters of Video, Audio, Time and Control Code and Tracking Control",ST,"Video formats, interfaces, and signal transport",ST 251,Archive; Audio; Loudness; Recording; Sound; Storage; Synchronization; Timecode; Timing,"Archive; Audio; Loudness; Recording; Sound; ST 251; Storage; Synchronization; Television Analog Recording - 1/2-in Type M-2 - Electrical Parameters of Video, Audio, Time and Control Code and Tracking Control; time code; Timecode; Timing",stabilized,1,1996-11-29,https://pub.smpte.org/doc/st251/,https://pub.smpte.org/doc/st251/19961129-pub/
ST 252,Television Analog Recording - 1/2-in Type M-2 - Pulse Code Modulation Audio,ST,Audio,ST 252,Archive; Audio; Loudness; Recording; Sound; Storage,Archive; Audio; Loudness; Recording; Sound; ST 252; Storage; Television Analog Recording - 1/2-in Type M-2 - Pulse Code Modulation Audio,stabilized,1,1996-11-29,https://pub.smpte.org/doc/st252/,https://pub.smpte.org/doc/st252/19961129-pub/
ST 253,Television - Three-Channel RGB Analog Video Interface,ST,"Video formats, interfaces, and signal transport",ST 253,SDI; Signal transport; Video interface,SDI; serial digital interface; Signal transport; ST 253; Television - Three-Channel RGB Analog Video Interface; Video interface,stabilized,1,1998-03-03,https://pub.smpte.org/doc/st253/,https://pub.smpte.org/doc/st253/19980303-pub/
ST 254,"Motion-Picture Film (35-mm) - Manufacturer-Printed, Latent Image Identification Information",ST,"Cinema, film, projection, and mastering",ST 254,Cinema,"Cinema; Motion-Picture Film (35-mm) - Manufacturer-Printed, Latent Image Identification Information; ST 254",stabilized,1,2008-10-10,https://pub.smpte.org/doc/st254/,https://pub.smpte.org/doc/st254/20081010-pub/
ST 256,Television - Specifications for Video Tape Leader,ST,"Video formats, interfaces, and signal transport",ST 256,Archive; Recording; Storage,Archive; Recording; ST 256; Storage; Television - Specifications for Video Tape Leader,stabilized,1,1996-12-03,https://pub.smpte.org/doc/st256/,https://pub.smpte.org/doc/st256/19961203-pub/
ST 257,Motion-Picture Film (35-mm) - Stereoscopic Prints with Vertically Positioned Subframes - Projectable Image Areas,ST,"Cinema, film, projection, and mastering",ST 257,Cinema,Cinema; Motion-Picture Film (35-mm) - Stereoscopic Prints with Vertically Positioned Subframes - Projectable Image Areas; ST 257,stabilized,1,1998-06-22,https://pub.smpte.org/doc/st257/,https://pub.smpte.org/doc/st257/19980622-pub/
ST 258,Television - Transfer of Edit Decision Lists,ST,"Video formats, interfaces, and signal transport",ST 258,Video formats,ST 258; Television - Transfer of Edit Decision Lists; Video formats,stabilized,1,2004-04-06,https://pub.smpte.org/doc/st258/,https://pub.smpte.org/doc/st258/20040406-pub/
ST 259,Television - SDTV Digital Signal/Data - Serial Digital Interface,ST,"Video formats, interfaces, and signal transport",ST 259,SDI; Signal transport; Video interface,SDI; serial digital interface; Signal transport; ST 259; Television - SDTV Digital Signal/Data - Serial Digital Interface; Video interface,active,1,2008-01-29,https://pub.smpte.org/doc/st259/,https://pub.smpte.org/doc/st259/20080129-pub/
ST 260,Television - 1125/60 High-Definition Production System - Digital Representation and Bit-Parallel Interface,ST,"Video formats, interfaces, and signal transport",ST 260,SDI; Signal transport; Video interface,SDI; serial digital interface; Signal transport; ST 260; Television - 1125/60 High-Definition Production System - Digital Representation and Bit-Parallel Interface; Video interface,stabilized,1,1999-01-04,https://pub.smpte.org/doc/st260/,https://pub.smpte.org/doc/st260/19990104-pub/
ST 262,"Television, Audio and Film - Binary Groups of Time and Control Codes - Storage and Transmission of Data",ST,Audio,ST 262,Archive; Audio; Loudness; Recording; Sound; Storage; Synchronization; Timecode; Timing,"Archive; Audio; Loudness; Recording; Sound; ST 262; Storage; Synchronization; Television, Audio and Film - Binary Groups of Time and Control Codes - Storage and Transmission of Data; time code; Timecode; Timing",stabilized,1,1995-09-12,https://pub.smpte.org/doc/st262/,https://pub.smpte.org/doc/st262/19950912-pub/
ST 263,Television Digital Recording - 1/2-in Type D-3 Composite and Type D-5 Component Format - Tape Cassette,ST,"Storage, recording, and physical media",ST 263,Archive; Recording; Storage,Archive; Recording; ST 263; Storage; Television Digital Recording - 1/2-in Type D-3 Composite and Type D-5 Component Format - Tape Cassette,stabilized,1,2004-02-03,https://pub.smpte.org/doc/st263/,https://pub.smpte.org/doc/st263/20040203-pub/
ST 264,Television Digital Recording - 1/2-in Type D-3 Composite Format - 525/60,ST,"Storage, recording, and physical media",ST 264,Archive; Recording; Storage,Archive; Recording; ST 264; Storage; Television Digital Recording - 1/2-in Type D-3 Composite Format - 525/60,stabilized,1,1998-12-08,https://pub.smpte.org/doc/st264/,https://pub.smpte.org/doc/st264/19981208-pub/
ST 265,Television Digital Recording - 1/2-in Type D-3 Composite Format - 625/50,ST,"Storage, recording, and physical media",ST 265,Archive; Recording; Storage,Archive; Recording; ST 265; Storage; Television Digital Recording - 1/2-in Type D-3 Composite Format - 625/50,stabilized,1,1998-12-08,https://pub.smpte.org/doc/st265/,https://pub.smpte.org/doc/st265/19981208-pub/
ST 266,SD Digital Component Systems – Digital Vertical Interval Time Code,ST,"Timing, synchronization, and control",ST 266,Synchronization; Timecode; Timing,SD Digital Component Systems – Digital Vertical Interval Time Code; ST 266; Synchronization; time code; Timecode; Timing,active,2,2012-04-18,https://pub.smpte.org/doc/st266/,https://pub.smpte.org/doc/st266/20120418-pub/
ST 267,Television - Bit-Parallel Digital Interface - Component Video Signal 4:2:2 16x9 Aspect Ratio,ST,"Video formats, interfaces, and signal transport",ST 267,SDI; Signal transport; Video interface,SDI; serial digital interface; Signal transport; ST 267; Television - Bit-Parallel Digital Interface - Component Video Signal 4:2:2 16x9 Aspect Ratio; Video interface,withdrawn,1,1995-06-06,https://pub.smpte.org/doc/st267/,https://pub.smpte.org/doc/st267/19950606-pub/
ST 268,File Format for Digital Moving- Picture Exchange (DPX),ST,"Files, wrappers, and interchange",ST 268,Files,File Format for Digital Moving- Picture Exchange (DPX); Files; ST 268,stabilized,3,2014-11-01,https://pub.smpte.org/doc/st268/,https://pub.smpte.org/doc/st268/20141101-pub/
ST 268-1,File Format for Digital Moving-Picture Exchange (DPX),ST,"Files, wrappers, and interchange",ST 268,Files,File Format for Digital Moving-Picture Exchange (DPX); Files; ST 268; ST 268-1,stabilized,1,2014-11-01,https://pub.smpte.org/doc/st268-1/,https://pub.smpte.org/doc/st268-1/20141101-pub/
ST 268-2,Format Extensions for High Dynamic Range and Wide Color Gamut,ST,"Color, HDR, imaging, and display",ST 268,Color; Display; HDR; Imaging; Perceptual Quantizer; PQ,Color; Display; Format Extensions for High Dynamic Range and Wide Color Gamut; HDR; high dynamic range; Imaging; Perceptual Quantizer; PQ; ST 268; ST 268-2,active,3,2023-06-29,https://pub.smpte.org/doc/st268-2/,https://pub.smpte.org/doc/st268-2/20230629-pub/
ST 269,Television - Fault Reporting in Television Systems,ST,"Video formats, interfaces, and signal transport",ST 269,Video formats,ST 269; Television - Fault Reporting in Television Systems; Video formats,active,1,1999-04-21,https://pub.smpte.org/doc/st269/,https://pub.smpte.org/doc/st269/19990421-pub/
ST 270,Motion-Picture Film (65-mm) - Manufacturer-Printed Latent Image Identification Information,ST,"Cinema, film, projection, and mastering",ST 270,Cinema,Cinema; Motion-Picture Film (65-mm) - Manufacturer-Printed Latent Image Identification Information; ST 270,stabilized,1,2008-10-10,https://pub.smpte.org/doc/st270/,https://pub.smpte.org/doc/st270/20081010-pub/
ST 271,Motion-Picture Film (16-mm) - Manufacturer-Printed Latent Image Identification Information,ST,"Cinema, film, projection, and mastering",ST 271,Cinema,Cinema; Motion-Picture Film (16-mm) - Manufacturer-Printed Latent Image Identification Information; ST 271,stabilized,1,2008-10-10,https://pub.smpte.org/doc/st271/,https://pub.smpte.org/doc/st271/20081010-pub/
ST 272,Television - Formatting AES/EBU Audio and Auxiliary Data into Digital Video Ancillary Data Space,ST,"Video formats, interfaces, and signal transport",ST 272,Ancillary Data; Audio; Loudness; Mapping; Payload; Sound,Ancillary Data; Audio; Loudness; Mapping; Payload; Sound; ST 272; Television - Formatting AES/EBU Audio and Auxiliary Data into Digital Video Ancillary Data Space,active,1,2004-04-07,https://pub.smpte.org/doc/st272/,https://pub.smpte.org/doc/st272/20040407-pub/
ST 273,Television - Status Monitoring and Diagnostics Protocol,ST,"Color, HDR, imaging, and display",ST 273,Color; Display; Imaging,Color; Display; Imaging; ST 273; Television - Status Monitoring and Diagnostics Protocol,stabilized,1,2003-10-20,https://pub.smpte.org/doc/st273/,https://pub.smpte.org/doc/st273/20031020-pub/
ST 274,"Television - 1920 x 1080 Image Sample Structure, Digital Representation and Digital Timing Reference Sequences for Multiple Picture Rates",ST,"Video formats, interfaces, and signal transport",ST 274,IP Video; Networking; PTP; RTP,"IP Video; Networking; precision time protocol; PTP; real-time transport protocol; RTP; smpte 2110; st 2110; ST 274; Television - 1920 x 1080 Image Sample Structure, Digital Representation and Digital Timing Reference Sequences for Multiple Picture Rates",stabilized,1,2008-01-29,https://pub.smpte.org/doc/st274/,https://pub.smpte.org/doc/st274/20080129-pub/
ST 275,Television and Audio Equipment - ESlan-1 Remote Control System,ST,"IP, networking, and remote control",ST 275,Audio; IP Video; Loudness; Networking; PTP; RTP; Sound,Audio; IP Video; Loudness; Networking; precision time protocol; PTP; real-time transport protocol; RTP; smpte 2110; Sound; st 2110; ST 275; Television and Audio Equipment - ESlan-1 Remote Control System,stabilized,1,1995-06-06,https://pub.smpte.org/doc/st275/,https://pub.smpte.org/doc/st275/19950606-pub/
ST 276,Television - Transmission of AES-EBU Digital Audio Signals Over Coaxial Cable,ST,Audio,ST 276,Audio; Loudness; Sound,Audio; Loudness; Sound; ST 276; Television - Transmission of AES-EBU Digital Audio Signals Over Coaxial Cable,active,1,1995-12-01,https://pub.smpte.org/doc/st276/,https://pub.smpte.org/doc/st276/19951201-pub/
ST 277,"Television Digital Recording - 19-mm Type D-6 - Helical Data, Longitudinal Index, Cue and Control Records",ST,"Storage, recording, and physical media",ST 277,Archive; Recording; Storage,"Archive; Recording; ST 277; Storage; Television Digital Recording - 19-mm Type D-6 - Helical Data, Longitudinal Index, Cue and Control Records",stabilized,1,1996-06-06,https://pub.smpte.org/doc/st277/,https://pub.smpte.org/doc/st277/19960606-pub/
ST 278,Television Digital Recording - 19-mm Type D-6 - Content of Helical Data and Time and Control Code Records,ST,"Storage, recording, and physical media",ST 278,Archive; Recording; Storage; Synchronization; Timecode; Timing,Archive; Recording; ST 278; Storage; Synchronization; Television Digital Recording - 19-mm Type D-6 - Content of Helical Data and Time and Control Code Records; time code; Timecode; Timing,stabilized,1,1996-01-12,https://pub.smpte.org/doc/st278/,https://pub.smpte.org/doc/st278/19960112-pub/
ST 279,Digital Video Recording - 1/2-in Type D-5 Standard-Definition Component Video and Type HD-D5 High-Definition Video Compressed Data,ST,"Storage, recording, and physical media",ST 279,Archive; Recording; Storage,Archive; Digital Video Recording - 1/2-in Type D-5 Standard-Definition Component Video and Type HD-D5 High-Definition Video Compressed Data; Recording; ST 279; Storage,stabilized,1,2001-10-18,https://pub.smpte.org/doc/st279/,https://pub.smpte.org/doc/st279/20011018-pub/
ST 291,Television - Ancillary Data Packet and Space Formatting,ST,"Video formats, interfaces, and signal transport",ST 291,Ancillary Data; Mapping; Payload,Ancillary Data; Mapping; Payload; ST 291; Television - Ancillary Data Packet and Space Formatting,active,1,2006-09-20,https://pub.smpte.org/doc/st291/,https://pub.smpte.org/doc/st291/20060920-pub/
ST 291-1,Ancillary Data Packet and Space Formatting,ST,"Video formats, interfaces, and signal transport",ST 291,Ancillary Data; Mapping; Payload,Ancillary Data; Ancillary Data Packet and Space Formatting; Mapping; Payload; ST 291; ST 291-1,active,1,2011-09-23,https://pub.smpte.org/doc/st291-1/,https://pub.smpte.org/doc/st291-1/20110923-pub/
ST 292-1,1.5 Gb/s Signal/Data Serial Interface,ST,"Video formats, interfaces, and signal transport",ST 292,SDI; Signal transport; Video interface,1.5 Gb/s Signal/Data Serial Interface; SDI; serial digital interface; Signal transport; ST 292; ST 292-1; Video interface,active,3,2018-04-12,https://pub.smpte.org/doc/st292-1/,https://pub.smpte.org/doc/st292-1/20180412-pub/
ST 292-2,Dual 1.5 Gb/s Serial Digital Interface for Stereoscopic Image Transport,ST,"Video formats, interfaces, and signal transport",ST 292,SDI; Signal transport; Video interface,Dual 1.5 Gb/s Serial Digital Interface for Stereoscopic Image Transport; SDI; serial digital interface; Signal transport; ST 292; ST 292-2; Video interface,active,1,2011-06-08,https://pub.smpte.org/doc/st292-2/,https://pub.smpte.org/doc/st292-2/20110608-pub/
ST 293,Television - 720 x 483 Active Line at 59.94-Hz Progressive Scan Production - Digital Representation,ST,"Video formats, interfaces, and signal transport",ST 293,Video formats,ST 293; Television - 720 x 483 Active Line at 59.94-Hz Progressive Scan Production - Digital Representation; Video formats,stabilized,1,2003-02-07,https://pub.smpte.org/doc/st293/,https://pub.smpte.org/doc/st293/20030207-pub/
ST 294,Television - 720 x 483 Active Line at 59.94-Hz Progressive Scan Production - Bit-Serial Interfaces,ST,"Video formats, interfaces, and signal transport",ST 294,SDI; Signal transport; Video interface,SDI; serial digital interface; Signal transport; ST 294; Television - 720 x 483 Active Line at 59.94-Hz Progressive Scan Production - Bit-Serial Interfaces; Video interface,active,1,2001-12-05,https://pub.smpte.org/doc/st294/,https://pub.smpte.org/doc/st294/20011205-pub/
ST 295,Television - 1920 x 1080 50-Hz - Scanning and Interface,ST,"Video formats, interfaces, and signal transport",ST 295,SDI; Signal transport; Video interface,SDI; serial digital interface; Signal transport; ST 295; Television - 1920 x 1080 50-Hz - Scanning and Interface; Video interface,stabilized,1,1997-02-06,https://pub.smpte.org/doc/st295/,https://pub.smpte.org/doc/st295/19970206-pub/
ST 296,1280 x 720 Progressive Image 4:2:2 and 4:4:4 Sample Structure – Analog and Digital Representation and Analog Interface,ST,"Video formats, interfaces, and signal transport",ST 296,SDI; Signal transport; Video interface,1280 x 720 Progressive Image 4:2:2 and 4:4:4 Sample Structure – Analog and Digital Representation and Analog Interface; SDI; serial digital interface; Signal transport; ST 296; Video interface,stabilized,3,2012-04-18,https://pub.smpte.org/doc/st296/,https://pub.smpte.org/doc/st296/20120418-pub/
ST 297,"Serial Digital Fiber Transmission System for SMPTE ST 259, SMPTE ST 344, SMPTE ST 292-1/2, SMPTE ST 424, SMPTE ST 2081-1 and SMPTE ST 2082-1 Signals",ST,"Video formats, interfaces, and signal transport",ST 297,SDI; Signal transport; Video interface,"SDI; Serial Digital Fiber Transmission System for SMPTE ST 259, SMPTE ST 344, SMPTE ST 292-1/2, SMPTE ST 424, SMPTE ST 2081-1 and SMPTE ST 2082-1 Signals; serial digital interface; Signal transport; ST 297; Video interface",active,2,2015-02-04,https://pub.smpte.org/doc/st297/,https://pub.smpte.org/doc/st297/20150204-pub/
ST 297-1,"Serial Digital Fiber Transmission System for SMPTE ST 259, ST 344, ST 292-1/2, ST 424, ST 2081-1 and ST 2082-1 Signals",ST,"Video formats, interfaces, and signal transport",ST 297,SDI; Signal transport; Video interface,"SDI; Serial Digital Fiber Transmission System for SMPTE ST 259, ST 344, ST 292-1/2, ST 424, ST 2081-1 and ST 2082-1 Signals; serial digital interface; Signal transport; ST 297; ST 297-1; Video interface",active,1,2015-02-04,https://pub.smpte.org/doc/st297-1/,https://pub.smpte.org/doc/st297-1/20150204-pub/
ST 297-2,"Multi-Link and Multi-Channel 1.5G, 3G, 6G and 12G-SDI Using CWDM",ST,"Video formats, interfaces, and signal transport",ST 297,SDI; Signal transport; Video interface,"Multi-Link and Multi-Channel 1.5G, 3G, 6G and 12G-SDI Using CWDM; SDI; serial digital interface; Signal transport; ST 297; ST 297-2; Video interface",active,1,2017-01-06,https://pub.smpte.org/doc/st297-2/,https://pub.smpte.org/doc/st297-2/20170106-pub/
ST 298,Television - Universal Labels for Unique Identification of Digital Data,ST,"Metadata, captions, subtitles, and identifiers",ST 298,Identifier; Metadata; Registry,Identifier; meta data; Metadata; Registry; ST 298; Television - Universal Labels for Unique Identification of Digital Data,stabilized,1,2009-06-05,https://pub.smpte.org/doc/st298/,https://pub.smpte.org/doc/st298/20090605-pub/
ST 299-1,24-Bit Digital Audio Format for SMPTE 292M Bit-Serial Interface,ST,Audio,ST 299,Audio; Loudness; SDI; Signal transport; Sound; Video interface,24-Bit Digital Audio Format for SMPTE 292M Bit-Serial Interface; Audio; Loudness; SDI; serial digital interface; Signal transport; Sound; ST 299; ST 299-1; Video interface,active,1,2009-05-29,https://pub.smpte.org/doc/st299-1/,https://pub.smpte.org/doc/st299-1/20090529-pub/
ST 299-2,Extension of the 24-Bit Digital Audio Format to 32 Channels for 3 Gb/s Bit-Serial Interfaces,ST,Audio,ST 299,Audio; Loudness; SDI; Signal transport; Sound; Video interface,Audio; Extension of the 24-Bit Digital Audio Format to 32 Channels for 3 Gb/s Bit-Serial Interfaces; Loudness; SDI; serial digital interface; Signal transport; Sound; ST 299; ST 299-2; Video interface,active,1,2010-07-21,https://pub.smpte.org/doc/st299-2/,https://pub.smpte.org/doc/st299-2/20100721-pub/
ST 300,Motion-Picture Color Print Film (35-mm) - Manufacturer-Printed Latent Image Identification Information,ST,"Cinema, film, projection, and mastering",ST 300,Color; Display; Imaging,Color; Display; Imaging; Motion-Picture Color Print Film (35-mm) - Manufacturer-Printed Latent Image Identification Information; ST 300,stabilized,1,2002-11-12,https://pub.smpte.org/doc/st300/,https://pub.smpte.org/doc/st300/20021112-pub/
ST 301,"Motion-Picture Film - Theater Projection Leader, Trailer and Cue Marks",ST,"Cinema, film, projection, and mastering",ST 301,Cinema,"Cinema; Motion-Picture Film - Theater Projection Leader, Trailer and Cue Marks; ST 301",stabilized,1,2005-12-16,https://pub.smpte.org/doc/st301/,https://pub.smpte.org/doc/st301/20051216-pub/
ST 302,Television - Mapping of AES3 Data into MPEG-2 Transport Stream,ST,"Video formats, interfaces, and signal transport",ST 302,Ancillary Data; Bitstream; Codec; Compression; Mapping; Payload,Ancillary Data; Bitstream; Codec; Compression; Mapping; Payload; ST 302; Television - Mapping of AES3 Data into MPEG-2 Transport Stream,active,1,2007-10-25,https://pub.smpte.org/doc/st302/,https://pub.smpte.org/doc/st302/20071025-pub/
ST 303,Television - Color Reference Pattern,ST,"Color, HDR, imaging, and display",ST 303,Color; Display; Imaging,Color; Display; Imaging; ST 303; Television - Color Reference Pattern,stabilized,1,2002-08-07,https://pub.smpte.org/doc/st303/,https://pub.smpte.org/doc/st303/20020807-pub/
ST 304,Television - Broadcast Cameras - Hybrid Electrical and Fiber-Optic Connector,ST,"Video formats, interfaces, and signal transport",ST 304,Video formats,ST 304; Television - Broadcast Cameras - Hybrid Electrical and Fiber-Optic Connector; Video formats,active,1,2009-06-04,https://pub.smpte.org/doc/st304/,https://pub.smpte.org/doc/st304/20090604-pub/
ST 305,Television - Serial Data Transport Interface (SDTI),ST,"Video formats, interfaces, and signal transport",ST 305,SDI; Signal transport; Video interface,SDI; serial digital interface; Signal transport; ST 305; Television - Serial Data Transport Interface (SDTI); Video interface,active,1,2005-07-21,https://pub.smpte.org/doc/st305/,https://pub.smpte.org/doc/st305/20050721-pub/
ST 306,Television Digital Recording - 6.35-mm Type D-7 Component Format - Video Compression at 25 Mb/s - 525/60 and 625/50,ST,"Video formats, interfaces, and signal transport",ST 306,Archive; Bitstream; Codec; Compression; Recording; Storage,Archive; Bitstream; Codec; Compression; Recording; ST 306; Storage; Television Digital Recording - 6.35-mm Type D-7 Component Format - Video Compression at 25 Mb/s - 525/60 and 625/50,stabilized,1,2002-03-15,https://pub.smpte.org/doc/st306/,https://pub.smpte.org/doc/st306/20020315-pub/
ST 307,Television Digital Recording - 6.35-mm Type D-7 Component Format - Tape Cassette,ST,"Storage, recording, and physical media",ST 307,Archive; Recording; Storage,Archive; Recording; ST 307; Storage; Television Digital Recording - 6.35-mm Type D-7 Component Format - Tape Cassette,stabilized,1,2002-03-28,https://pub.smpte.org/doc/st307/,https://pub.smpte.org/doc/st307/20020328-pub/
ST 308,Television - MPEG-2 4:2:2 Profile at High Level,ST,"Files, wrappers, and interchange",ST 308,Bitstream; Codec; Compression,Bitstream; Codec; Compression; ST 308; Television - MPEG-2 4:2:2 Profile at High Level,stabilized,1,2004-10-08,https://pub.smpte.org/doc/st308/,https://pub.smpte.org/doc/st308/20041008-pub/
ST 309,Transmission of Date and Time Zone Information in Binary Groups of Time and Control Code,ST,"Timing, synchronization, and control",ST 309,Synchronization; Timecode; Timing,ST 309; Synchronization; time code; Timecode; Timing; Transmission of Date and Time Zone Information in Binary Groups of Time and Control Code,active,2,2012-10-05,https://pub.smpte.org/doc/st309/,https://pub.smpte.org/doc/st309/20121005-pub/
ST 310,Television - Synchronous Serial Interface for MPEG-2 Digital Transport Streams,ST,"Video formats, interfaces, and signal transport",ST 310,Bitstream; Codec; Compression; SDI; Signal transport; Video interface,Bitstream; Codec; Compression; SDI; serial digital interface; Signal transport; ST 310; Television - Synchronous Serial Interface for MPEG-2 Digital Transport Streams; Video interface,active,1,2010-11-12,https://pub.smpte.org/doc/st310/,https://pub.smpte.org/doc/st310/20101112-pub/
ST 311,Television - Hybrid Electrical and Fiber Optical Camera Cable,ST,"Video formats, interfaces, and signal transport",ST 311,Video formats,ST 311; Television - Hybrid Electrical and Fiber Optical Camera Cable; Video formats,active,1,2009-06-04,https://pub.smpte.org/doc/st311/,https://pub.smpte.org/doc/st311/20090604-pub/
ST 312,Television - Splice Points for MPEG-2 Transport Streams,ST,"Video formats, interfaces, and signal transport",ST 312,Bitstream; Codec; Compression,Bitstream; Codec; Compression; ST 312; Television - Splice Points for MPEG-2 Transport Streams,stabilized,1,2001-06-25,https://pub.smpte.org/doc/st312/,https://pub.smpte.org/doc/st312/20010625-pub/
ST 313,Motion-Picture Film (65-mm) - Manufacturer-Printed Latent Image Identification Information - 120 Perforation Repeat,ST,"Cinema, film, projection, and mastering",ST 313,Cinema,Cinema; Motion-Picture Film (65-mm) - Manufacturer-Printed Latent Image Identification Information - 120 Perforation Repeat; ST 313,stabilized,1,2008-10-10,https://pub.smpte.org/doc/st313/,https://pub.smpte.org/doc/st313/20081010-pub/
ST 314,"Television - Data Structure for DV-Based Audio, Data and Compressed Video - 25 and 50 Mb/s",ST,"Video formats, interfaces, and signal transport",ST 314,Audio; Loudness; Sound,"Audio; Loudness; Sound; ST 314; Television - Data Structure for DV-Based Audio, Data and Compressed Video - 25 and 50 Mb/s",stabilized,1,2005-09-05,https://pub.smpte.org/doc/st314/,https://pub.smpte.org/doc/st314/20050905-pub/
ST 315,Television - Camera Positioning Information Conveyed by Ancillary Data Packets,ST,"Video formats, interfaces, and signal transport",ST 315,Ancillary Data; Mapping; Payload,Ancillary Data; Mapping; Payload; ST 315; Television - Camera Positioning Information Conveyed by Ancillary Data Packets,stabilized,1,2004-10-08,https://pub.smpte.org/doc/st315/,https://pub.smpte.org/doc/st315/20041008-pub/
ST 316,Television Digital Recording - 12.65-mm Type D-9 Component Format - Video Compression - 525/60 and 625/50,ST,"Video formats, interfaces, and signal transport",ST 316,Archive; Bitstream; Codec; Compression; Recording; Storage,Archive; Bitstream; Codec; Compression; Recording; ST 316; Storage; Television Digital Recording - 12.65-mm Type D-9 Component Format - Video Compression - 525/60 and 625/50,stabilized,1,2006-06-23,https://pub.smpte.org/doc/st316/,https://pub.smpte.org/doc/st316/20060623-pub/
ST 317,Television Digital Recording - 12.65-mm Type D-9 Component Format - Tape Cassette,ST,"Storage, recording, and physical media",ST 317,Archive; Recording; Storage,Archive; Recording; ST 317; Storage; Television Digital Recording - 12.65-mm Type D-9 Component Format - Tape Cassette,stabilized,1,1999-08-01,https://pub.smpte.org/doc/st317/,https://pub.smpte.org/doc/st317/19990801-pub/
ST 318,Synchronization of 59.94- or 50-Hz Related Video and Audio Systems in Analog and Digital Areas — Reference Signals,ST,"Timing, synchronization, and control",ST 318,Audio; Calibration; Loudness; Measurement; Sound; Test Method,Audio; Calibration; Loudness; Measurement; Sound; ST 318; Synchronization of 59.94- or 50-Hz Related Video and Audio Systems in Analog and Digital Areas — Reference Signals; Test Method,active,2,2015-06-05,https://pub.smpte.org/doc/st318/,https://pub.smpte.org/doc/st318/20150605-pub/
ST 319,Television - Transporting MPEG-2 Recoding Information through 4:2:2 Component Digital Interfaces,ST,"Video formats, interfaces, and signal transport",ST 319,Bitstream; Codec; Compression; SDI; Signal transport; Video interface,Bitstream; Codec; Compression; SDI; serial digital interface; Signal transport; ST 319; Television - Transporting MPEG-2 Recoding Information through 4:2:2 Component Digital Interfaces; Video interface,stabilized,1,2000-01-20,https://pub.smpte.org/doc/st319/,https://pub.smpte.org/doc/st319/20000120-pub/
ST 321,"Television - Data Stream Format for the Exchange of DV-Based Audio, Data and Compressed Video Over a Serial Data Transport Interface",ST,"Video formats, interfaces, and signal transport",ST 321,Audio; Loudness; SDI; Signal transport; Sound; Video interface,"Audio; Loudness; SDI; serial digital interface; Signal transport; Sound; ST 321; Television - Data Stream Format for the Exchange of DV-Based Audio, Data and Compressed Video Over a Serial Data Transport Interface; Video interface",stabilized,1,2002-03-28,https://pub.smpte.org/doc/st321/,https://pub.smpte.org/doc/st321/20020328-pub/
ST 322,"Television - Format for Transmission of DV Compressed Video, Audio and Data Over a Serial Data Transport Interface",ST,"Video formats, interfaces, and signal transport",ST 322,Audio; Loudness; SDI; Signal transport; Sound; Video interface,"Audio; Loudness; SDI; serial digital interface; Signal transport; Sound; ST 322; Television - Format for Transmission of DV Compressed Video, Audio and Data Over a Serial Data Transport Interface; Video interface",active,1,2004-05-10,https://pub.smpte.org/doc/st322/,https://pub.smpte.org/doc/st322/20040510-pub/
ST 323,Motion-Picture Film - Channel Assignments and Levels on Multichannel 5.1 Audio Media,ST,Audio,ST 323,Audio; Loudness; Sound,Audio; Loudness; Motion-Picture Film - Channel Assignments and Levels on Multichannel 5.1 Audio Media; Sound; ST 323,stabilized,1,2004-11-08,https://pub.smpte.org/doc/st323/,https://pub.smpte.org/doc/st323/20041108-pub/
ST 324,Television - Serial Interface for Multiplexing Eight AES Data Streams,ST,"Video formats, interfaces, and signal transport",ST 324,IP Video; Networking; PTP; RTP; SDI; Signal transport; Video interface,IP Video; Networking; precision time protocol; PTP; real-time transport protocol; RTP; SDI; serial digital interface; Signal transport; smpte 2110; st 2110; ST 324; Television - Serial Interface for Multiplexing Eight AES Data Streams; Video interface,active,1,2004-05-10,https://pub.smpte.org/doc/st324/,https://pub.smpte.org/doc/st324/20040510-pub/
ST 325,Digital Television - Opportunistic Data Broadcast Flow Control,ST,"Video formats, interfaces, and signal transport",ST 325,Video formats,Digital Television - Opportunistic Data Broadcast Flow Control; ST 325; Video formats,stabilized,1,1999-08-19,https://pub.smpte.org/doc/st325/,https://pub.smpte.org/doc/st325/19990819-pub/
ST 326,Television - SDTI Content Package Format (SDTI-CP),ST,"Files, wrappers, and interchange",ST 326,Files,Files; ST 326; Television - SDTI Content Package Format (SDTI-CP),active,1,2000-01-31,https://pub.smpte.org/doc/st326/,https://pub.smpte.org/doc/st326/20000131-pub/
ST 327,Television - MPEG-2 Video Recoding Data Set,ST,"Video formats, interfaces, and signal transport",ST 327,Bitstream; Codec; Compression,Bitstream; Codec; Compression; ST 327; Television - MPEG-2 Video Recoding Data Set,stabilized,1,2000-01-20,https://pub.smpte.org/doc/st327/,https://pub.smpte.org/doc/st327/20000120-pub/
ST 328,Television - MPEG-2 Video Elementary Stream Editing Information,ST,"Video formats, interfaces, and signal transport",ST 328,Bitstream; Codec; Compression,Bitstream; Codec; Compression; ST 328; Television - MPEG-2 Video Elementary Stream Editing Information,stabilized,1,2000-01-20,https://pub.smpte.org/doc/st328/,https://pub.smpte.org/doc/st328/20000120-pub/
ST 329,Television - MPEG-2 Video Recoding Data Set - Compressed Stream Format,ST,"Video formats, interfaces, and signal transport",ST 329,Bitstream; Codec; Compression,Bitstream; Codec; Compression; ST 329; Television - MPEG-2 Video Recoding Data Set - Compressed Stream Format,stabilized,1,2000-01-20,https://pub.smpte.org/doc/st329/,https://pub.smpte.org/doc/st329/20000120-pub/
ST 330,Unique Material Identifier (UMID),ST,"Metadata, captions, subtitles, and identifiers",ST 330,Identifier; Metadata; Registry,Identifier; meta data; Metadata; Registry; ST 330; Unique Material Identifier (UMID),active,3,2022-02-28,https://pub.smpte.org/doc/st330/,https://pub.smpte.org/doc/st330/20220228-pub/
ST 331,Element and Metadata Definitions for the SDTI-CP,ST,"Metadata, captions, subtitles, and identifiers",ST 331,Identifier; Metadata; Registry,Element and Metadata Definitions for the SDTI-CP; Identifier; meta data; Metadata; Registry; ST 331,active,3,2023-10-10,https://pub.smpte.org/doc/st331/,https://pub.smpte.org/doc/st331/20231010-am1-pub/
ST 332,Television - Encapsulation of Data Packet Streams Over SDTI (SDTI-PF),ST,"Video formats, interfaces, and signal transport",ST 332,Video formats,ST 332; Television - Encapsulation of Data Packet Streams Over SDTI (SDTI-PF); Video formats,stabilized,1,2000-01-31,https://pub.smpte.org/doc/st332/,https://pub.smpte.org/doc/st332/20000131-pub/
ST 333,Television - DTV Closed-Caption Server to Encoder Interface,ST,"Metadata, captions, subtitles, and identifiers",ST 333,Accessibility; Captions; SDI; Signal transport; Subtitles; Video interface,Accessibility; Captions; SDI; serial digital interface; Signal transport; ST 333; Subtitles; Television - DTV Closed-Caption Server to Encoder Interface; Video interface,stabilized,1,2008-04-25,https://pub.smpte.org/doc/st333/,https://pub.smpte.org/doc/st333/20080425-pub/
ST 334-1,Vertical Ancillary Data Mapping of Caption Data and Other Related Data,ST,"Video formats, interfaces, and signal transport",ST 334,Accessibility; Ancillary Data; Captions; Mapping; Payload; Subtitles,Accessibility; Ancillary Data; Captions; Mapping; Payload; ST 334; ST 334-1; Subtitles; Vertical Ancillary Data Mapping of Caption Data and Other Related Data,stabilized,2,2015-01-02,https://pub.smpte.org/doc/st334-1/,https://pub.smpte.org/doc/st334-1/20150102-pub/
ST 334-2,Caption Distribution Packet (CDP) Definition,ST,"Metadata, captions, subtitles, and identifiers",ST 334,Accessibility; Captions; Subtitles,Accessibility; Caption Distribution Packet (CDP) Definition; Captions; ST 334; ST 334-2; Subtitles,stabilized,2,2015-01-02,https://pub.smpte.org/doc/st334-2/,https://pub.smpte.org/doc/st334-2/20150102-pub/
ST 335,Metadata Element Dictionary Structure,ST,"Metadata, captions, subtitles, and identifiers",ST 335,Identifier; Metadata; Registry,Identifier; meta data; Metadata; Metadata Element Dictionary Structure; Registry; ST 335,active,3,2019-01-01,https://pub.smpte.org/doc/st335/,https://pub.smpte.org/doc/st335/20190101-am1-pub/
ST 336,Data Encoding Protocol using Key-Length-Value,ST,General standards and recommended practices,ST 336,,Data Encoding Protocol using Key-Length-Value; ST 336,active,2,2017-07-21,https://pub.smpte.org/doc/st336/,https://pub.smpte.org/doc/st336/20170721-pub/
ST 337,Format for Non-PCM Audio and Data in an AES3 Serial Digital Audio Interface,ST,Audio,ST 337,Audio; Loudness; SDI; Signal transport; Sound; Video interface,Audio; Format for Non-PCM Audio and Data in an AES3 Serial Digital Audio Interface; Loudness; SDI; serial digital interface; Signal transport; Sound; ST 337; Video interface,active,2,2015-03-27,https://pub.smpte.org/doc/st337/,https://pub.smpte.org/doc/st337/20150327-pub/
ST 338,Format for Non-PCM Audio and Data in AES3 - Data Types,ST,Audio,ST 338,Audio; Loudness; Sound,Audio; Format for Non-PCM Audio and Data in AES3 - Data Types; Loudness; Sound; ST 338,active,4,2019-10-18,https://pub.smpte.org/doc/st338/,https://pub.smpte.org/doc/st338/20191018-am1-pub/
ST 339,Format for Non-PCM Audio and Data in AES3 — Generic Data Types,ST,Audio,ST 339,Audio; Loudness; Sound,Audio; Format for Non-PCM Audio and Data in AES3 — Generic Data Types; Loudness; Sound; ST 339,active,2,2015-03-27,https://pub.smpte.org/doc/st339/,https://pub.smpte.org/doc/st339/20150327-pub/
ST 340,Format for Non-PCM Audio and Data in AES3 — ATSC A/52 Digital Audio Compression Standard for AC-3 and Enhanced AC-3 Data Types,ST,Audio,ST 340,Ancillary Data; Audio; Bitstream; Codec; Compression; Loudness; Mapping; Payload; Sound,Ancillary Data; Audio; Bitstream; Codec; Compression; Format for Non-PCM Audio and Data in AES3 — ATSC A/52 Digital Audio Compression Standard for AC-3 and Enhanced AC-3 Data Types; Loudness; Mapping; Payload; Sound; ST 340,active,2,2015-03-27,https://pub.smpte.org/doc/st340/,https://pub.smpte.org/doc/st340/20150327-pub/
ST 341,Television - Format for Non-PCM Audio and Data in AES3 - Captioning Data Type,ST,Audio,ST 341,Accessibility; Audio; Captions; Loudness; Sound; Subtitles,Accessibility; Audio; Captions; Loudness; Sound; ST 341; Subtitles; Television - Format for Non-PCM Audio and Data in AES3 - Captioning Data Type,stabilized,1,2000-04-06,https://pub.smpte.org/doc/st341/,https://pub.smpte.org/doc/st341/20000406-pub/
ST 342,Television - HD-D5 Compressed Video 1080i and 720p Systems - Encoding Process and Data Format,ST,"Video formats, interfaces, and signal transport",ST 342,Video formats,ST 342; Television - HD-D5 Compressed Video 1080i and 720p Systems - Encoding Process and Data Format; Video formats,stabilized,1,2004-02-03,https://pub.smpte.org/doc/st342/,https://pub.smpte.org/doc/st342/20040203-pub/
ST 343,Television - Declarative Data Essence - Local Identifier (lid:) URI Scheme,ST,"Files, wrappers, and interchange",ST 343,Identifier; Metadata; Registry,Identifier; meta data; Metadata; Registry; ST 343; Television - Declarative Data Essence - Local Identifier (lid:) URI Scheme,stabilized,1,2002-01-03,https://pub.smpte.org/doc/st343/,https://pub.smpte.org/doc/st343/20020103-pub/
ST 344,Television - 540 Mb/s Serial Digital Interface,ST,"Video formats, interfaces, and signal transport",ST 344,SDI; Signal transport; Video interface,SDI; serial digital interface; Signal transport; ST 344; Television - 540 Mb/s Serial Digital Interface; Video interface,stabilized,1,2000-09-27,https://pub.smpte.org/doc/st344/,https://pub.smpte.org/doc/st344/20000927-pub/
ST 345,Television - Mapping of SYNC Stream Block in ATM Common Layer to ATM Adaption Layer Type 1,ST,"Video formats, interfaces, and signal transport",ST 345,Ancillary Data; Mapping; Payload,Ancillary Data; Mapping; Payload; ST 345; Television - Mapping of SYNC Stream Block in ATM Common Layer to ATM Adaption Layer Type 1,active,1,2002-01-31,https://pub.smpte.org/doc/st345/,https://pub.smpte.org/doc/st345/20020131-pub/
ST 346,Television - Time Division Multiplexing Video Signals and Generic Data over High-Definition Television Interfaces,ST,"Video formats, interfaces, and signal transport",ST 346,IP Video; Networking; PTP; RTP; SDI; Signal transport; Video interface,IP Video; Networking; precision time protocol; PTP; real-time transport protocol; RTP; SDI; serial digital interface; Signal transport; smpte 2110; st 2110; ST 346; Television - Time Division Multiplexing Video Signals and Generic Data over High-Definition Television Interfaces; Video interface,withdrawn,1,2000-09-27,https://pub.smpte.org/doc/st346/,https://pub.smpte.org/doc/st346/20000927-pub/
ST 347,Television - 540 Mb/s Serial Digital Interface - Source Image Format Mapping,ST,"Video formats, interfaces, and signal transport",ST 347,Ancillary Data; Mapping; Payload; SDI; Signal transport; Video interface,Ancillary Data; Mapping; Payload; SDI; serial digital interface; Signal transport; ST 347; Television - 540 Mb/s Serial Digital Interface - Source Image Format Mapping; Video interface,stabilized,1,2001-06-25,https://pub.smpte.org/doc/st347/,https://pub.smpte.org/doc/st347/20010625-pub/
ST 348,Television - High Data Rate Serial Data Transport Interface (HD-SDTI),ST,"Video formats, interfaces, and signal transport",ST 348,SDI; Signal transport; Video interface,SDI; serial digital interface; Signal transport; ST 348; Television - High Data Rate Serial Data Transport Interface (HD-SDTI); Video interface,active,1,2005-12-09,https://pub.smpte.org/doc/st348/,https://pub.smpte.org/doc/st348/20051209-pub/
ST 349,Television - Transport of Alternate Source Image Formats through SMPTE 292M,ST,"Video formats, interfaces, and signal transport",ST 349,Video formats,ST 349; Television - Transport of Alternate Source Image Formats through SMPTE 292M; Video formats,stabilized,1,2001-06-25,https://pub.smpte.org/doc/st349/,https://pub.smpte.org/doc/st349/20010625-pub/
ST 351,Television - Transporting MPEG-2 Recoding Information through High-Definition Digital Interfaces,ST,"Video formats, interfaces, and signal transport",ST 351,Bitstream; Codec; Compression; SDI; Signal transport; Video interface,Bitstream; Codec; Compression; SDI; serial digital interface; Signal transport; ST 351; Television - Transporting MPEG-2 Recoding Information through High-Definition Digital Interfaces; Video interface,stabilized,1,2000-10-23,https://pub.smpte.org/doc/st351/,https://pub.smpte.org/doc/st351/20001023-pub/
ST 352,Payload Identification Codes For Serial Digital Interfaces,ST,"Video formats, interfaces, and signal transport",ST 352,Ancillary Data; Mapping; Payload; SDI; Signal transport; Video interface,Ancillary Data; Mapping; Payload; Payload Identification Codes For Serial Digital Interfaces; SDI; serial digital interface; Signal transport; ST 352; Video interface,active,3,2013-02-05,https://pub.smpte.org/doc/st352/,https://pub.smpte.org/doc/st352/20130205-pub/
ST 353,Television - Transport of MPEG-2 Recoding Information as Ancillary Data Packets,ST,"Video formats, interfaces, and signal transport",ST 353,Ancillary Data; Bitstream; Codec; Compression; Mapping; Payload,Ancillary Data; Bitstream; Codec; Compression; Mapping; Payload; ST 353; Television - Transport of MPEG-2 Recoding Information as Ancillary Data Packets,stabilized,1,2000-10-10,https://pub.smpte.org/doc/st353/,https://pub.smpte.org/doc/st353/20001010-pub/
ST 354,"Television - ATM Common Layer for Transport of Packetized Audio, Video and Data over Asychronous Transfer Mode using ATM Adaption Layer Type 1",ST,"Video formats, interfaces, and signal transport",ST 354,Audio; Loudness; Sound,"Audio; Loudness; Sound; ST 354; Television - ATM Common Layer for Transport of Packetized Audio, Video and Data over Asychronous Transfer Mode using ATM Adaption Layer Type 1",active,1,2002-01-31,https://pub.smpte.org/doc/st354/,https://pub.smpte.org/doc/st354/20020131-pub/
ST 355,Television - Format for Non-PCM Audio and Data in AES - KLV Data Type,ST,Audio,ST 355,Audio; Loudness; Sound,Audio; Loudness; Sound; ST 355; Television - Format for Non-PCM Audio and Data in AES - KLV Data Type,active,1,2001-04-19,https://pub.smpte.org/doc/st355/,https://pub.smpte.org/doc/st355/20010419-pub/
ST 356,Television - Type D-10 Stream Specifica-tions - MPEG-2 4:2:2P @ ML for 525/60 and 625/50,ST,"Files, wrappers, and interchange",ST 356,Bitstream; Codec; Compression,Bitstream; Codec; Compression; ST 356; Television - Type D-10 Stream Specifica-tions - MPEG-2 4:2:2P @ ML for 525/60 and 625/50,stabilized,1,2001-08-23,https://pub.smpte.org/doc/st356/,https://pub.smpte.org/doc/st356/20010823-pub/
ST 357,Television - Declarative Data Essence - Internet Protocol Multicast Encapsulation,ST,"Files, wrappers, and interchange",ST 357,Files,Files; ST 357; Television - Declarative Data Essence - Internet Protocol Multicast Encapsulation,active,1,2002-01-03,https://pub.smpte.org/doc/st357/,https://pub.smpte.org/doc/st357/20020103-pub/
ST 358,Television - Four-Circuit Fiber Optic Connector,ST,"Video formats, interfaces, and signal transport",ST 358,Video formats,ST 358; Television - Four-Circuit Fiber Optic Connector; Video formats,stabilized,1,2001-04-19,https://pub.smpte.org/doc/st358/,https://pub.smpte.org/doc/st358/20010419-pub/
ST 359,Television and Motion-Pictures - Dynamic Documents,ST,"Cinema, film, projection, and mastering",ST 359,Cinema,Cinema; ST 359; Television and Motion-Pictures - Dynamic Documents,stabilized,1,2001-04-02,https://pub.smpte.org/doc/st359/,https://pub.smpte.org/doc/st359/20010402-pub/
ST 360,General Exchange Format,ST,"Files, wrappers, and interchange",ST 360,Files,Files; General Exchange Format; ST 360,stabilized,1,2009-02-11,https://pub.smpte.org/doc/st360/,https://pub.smpte.org/doc/st360/20090211-pub/
ST 361,Television - NTSC IP and Trigger Binding to VBI,ST,"IP, networking, and remote control",ST 361,IP Video; Networking; PTP; RTP,IP Video; Networking; precision time protocol; PTP; real-time transport protocol; RTP; smpte 2110; st 2110; ST 361; Television - NTSC IP and Trigger Binding to VBI,stabilized,1,2002-01-03,https://pub.smpte.org/doc/st361/,https://pub.smpte.org/doc/st361/20020103-pub/
ST 362,"Television - Object Data Format for the Exchange of DV-Based Audio, Data and Compressed Video using ATM Common Layer over Asychronous Transfer Mode, AAL Type 1",ST,"Video formats, interfaces, and signal transport",ST 362,Audio; Loudness; Sound,"Audio; Loudness; Sound; ST 362; Television - Object Data Format for the Exchange of DV-Based Audio, Data and Compressed Video using ATM Common Layer over Asychronous Transfer Mode, AAL Type 1",stabilized,1,2002-01-31,https://pub.smpte.org/doc/st362/,https://pub.smpte.org/doc/st362/20020131-pub/
ST 363-2,Content Level 1,ST,General standards and recommended practices,ST 363,,Content Level 1; ST 363; ST 363-2,stabilized,1,2002-08-22,https://pub.smpte.org/doc/st363-2/,https://pub.smpte.org/doc/st363-2/20020822-pub/
ST 364,Television - Declarative Data Essence - Unidirectional Hypertext Transport Protocol,ST,"Video formats, interfaces, and signal transport",ST 364,Video formats,ST 364; Television - Declarative Data Essence - Unidirectional Hypertext Transport Protocol; Video formats,stabilized,1,2008-07-03,https://pub.smpte.org/doc/st364/,https://pub.smpte.org/doc/st364/20080703-pub/
ST 365,Digital Television Tape Recording - 12.65-mm Type D-10 Format for MPEG-2 Compressed Video - 525/60 and 625/50,ST,"Storage, recording, and physical media",ST 365,Archive; Bitstream; Codec; Compression; Recording; Storage,Archive; Bitstream; Codec; Compression; Digital Television Tape Recording - 12.65-mm Type D-10 Format for MPEG-2 Compressed Video - 525/60 and 625/50; Recording; ST 365; Storage,stabilized,1,2001-08-23,https://pub.smpte.org/doc/st365/,https://pub.smpte.org/doc/st365/20010823-pub/
ST 366,Television - Declarative Data Essence - Document Object Model Level 0 (DOM-0) and Related Object Environment,ST,"Files, wrappers, and interchange",ST 366,Files,Files; ST 366; Television - Declarative Data Essence - Document Object Model Level 0 (DOM-0) and Related Object Environment,stabilized,1,2002-01-03,https://pub.smpte.org/doc/st366/,https://pub.smpte.org/doc/st366/20020103-pub/
ST 367,Television - Type D-11 Picture Compression and Data Stream Format,ST,"Video formats, interfaces, and signal transport",ST 367,Bitstream; Codec; Compression,Bitstream; Codec; Compression; ST 367; Television - Type D-11 Picture Compression and Data Stream Format,stabilized,1,2002-03-28,https://pub.smpte.org/doc/st367/,https://pub.smpte.org/doc/st367/20020328-pub/
ST 368,Digital Television Tape Recording - 12.65-mm Type D-11 Format,ST,"Storage, recording, and physical media",ST 368,Archive; Recording; Storage,Archive; Digital Television Tape Recording - 12.65-mm Type D-11 Format; Recording; ST 368; Storage,stabilized,1,2002-03-28,https://pub.smpte.org/doc/st368/,https://pub.smpte.org/doc/st368/20020328-pub/
ST 369,Television - Type D-11 Data Stream and AES3 Data Mapping over SDTI,ST,"Video formats, interfaces, and signal transport",ST 369,Ancillary Data; Mapping; Payload,Ancillary Data; Mapping; Payload; ST 369; Television - Type D-11 Data Stream and AES3 Data Mapping over SDTI,stabilized,1,2002-03-28,https://pub.smpte.org/doc/st369/,https://pub.smpte.org/doc/st369/20020328-pub/
ST 370,"Data Structure for DV-Based Audio, Data and Compressed Video at 100 Mb/s 1080/60i, 1080/50i, 720/60p, 720/50p",ST,Audio,ST 370,Audio; Loudness; Sound,"Audio; Data Structure for DV-Based Audio, Data and Compressed Video at 100 Mb/s 1080/60i, 1080/50i, 720/60p, 720/50p; Loudness; Sound; ST 370",stabilized,3,2013-09-02,https://pub.smpte.org/doc/st370/,https://pub.smpte.org/doc/st370/20130902-pub/
ST 371,"Television - 6.35-mm Type D-12 Component Format - Digital Recording at 100 Mb/s 1080/60i, 1080/50i, 720/60p",ST,"Storage, recording, and physical media",ST 371,Archive; Recording; Storage,"Archive; Recording; ST 371; Storage; Television - 6.35-mm Type D-12 Component Format - Digital Recording at 100 Mb/s 1080/60i, 1080/50i, 720/60p",stabilized,1,2002-08-07,https://pub.smpte.org/doc/st371/,https://pub.smpte.org/doc/st371/20020807-pub/
ST 372,Dual Link 1.5 Gb/s Digital Interface for 1920 × 1080 and 2048 × 1080 Picture Formats,ST,"Video formats, interfaces, and signal transport",ST 372,SDI; Signal transport; Video interface,Dual Link 1.5 Gb/s Digital Interface for 1920 × 1080 and 2048 × 1080 Picture Formats; SDI; serial digital interface; Signal transport; ST 372; Video interface,active,2,2017-10-23,https://pub.smpte.org/doc/st372/,https://pub.smpte.org/doc/st372/20171023-pub/
ST 374,Television - Mapping of Vertical Ancillary Data Packets and Extended Video Line Data into Video DIF Blocks of DV-Based 50 Mb/s DIF Stream Format,ST,"Video formats, interfaces, and signal transport",ST 374,Ancillary Data; Mapping; Payload,Ancillary Data; Mapping; Payload; ST 374; Television - Mapping of Vertical Ancillary Data Packets and Extended Video Line Data into Video DIF Blocks of DV-Based 50 Mb/s DIF Stream Format,stabilized,1,2003-03-17,https://pub.smpte.org/doc/st374/,https://pub.smpte.org/doc/st374/20030317-pub/
ST 375,Television - Mapping of Vertical Ancillary Data Packets (VANC) into VAUX DIF Blocks of DV-Based 100 Mb/s DIF Stream Format,ST,"Video formats, interfaces, and signal transport",ST 375,Ancillary Data; Mapping; Payload,Ancillary Data; Mapping; Payload; ST 375; Television - Mapping of Vertical Ancillary Data Packets (VANC) into VAUX DIF Blocks of DV-Based 100 Mb/s DIF Stream Format,active,1,2003-03-17,https://pub.smpte.org/doc/st375/,https://pub.smpte.org/doc/st375/20030317-pub/
ST 376,Television - Mapping of Vertical Ancillary Data Packets (VANC) into VAUX DIF Blocks of DV-Based 25 Mb/s or 50 Mb/s Streams and Extended Video Line Data into VAUX DIF Blocks of DV-Based 25 Mb/s DIF Stream,ST,"Video formats, interfaces, and signal transport",ST 376,Ancillary Data; Mapping; Payload,Ancillary Data; Mapping; Payload; ST 376; Television - Mapping of Vertical Ancillary Data Packets (VANC) into VAUX DIF Blocks of DV-Based 25 Mb/s or 50 Mb/s Streams and Extended Video Line Data into VAUX DIF Blocks of DV-Based 25 Mb/s DIF Stream,active,1,2003-03-17,https://pub.smpte.org/doc/st376/,https://pub.smpte.org/doc/st376/20030317-pub/
ST 377,Material Exchange Format (MXF) — File Format Specification,ST,"Files, wrappers, and interchange",ST 377,Essence; File interchange; Material Exchange Format; MXF; Wrapper,Essence; File interchange; Material Exchange Format; Material Exchange Format (MXF) — File Format Specification; MXF; ST 377; Wrapper,active,1,2004-09-22,https://pub.smpte.org/doc/st377/,https://pub.smpte.org/doc/st377/20040922-pub/
ST 377-1,File Format Specification,ST,"Files, wrappers, and interchange",ST 377,Essence; File interchange; Material Exchange Format; MXF; Wrapper,Essence; File Format Specification; File interchange; Material Exchange Format; MXF; ST 377; ST 377-1; Wrapper,active,5,2019-11-28,https://pub.smpte.org/doc/st377-1/,https://pub.smpte.org/doc/st377-1/20191128-pub/
ST 377-2,MXF KLV-Encoded Extension Syntax (KXS),ST,"Files, wrappers, and interchange",ST 377,Essence; File interchange; Material Exchange Format; MXF; Wrapper,Essence; File interchange; Material Exchange Format; MXF; MXF KLV-Encoded Extension Syntax (KXS); ST 377; ST 377-2; Wrapper,active,1,2019-07-19,https://pub.smpte.org/doc/st377-2/,https://pub.smpte.org/doc/st377-2/20190719-pub/
ST 377-4,MXF Multichannel Audio Labeling Framework,ST,Audio,ST 377,Audio; Essence; File interchange; Identifier; Loudness; Material Exchange Format; Metadata; MXF; Registry; Sound; Wrapper,Audio; Essence; File interchange; Identifier; Loudness; Material Exchange Format; meta data; Metadata; MXF; MXF Multichannel Audio Labeling Framework; Registry; Sound; ST 377; ST 377-4; Wrapper,active,2,2021-02-05,https://pub.smpte.org/doc/st377-4/,https://pub.smpte.org/doc/st377-4/20210205-pub/
ST 377-41,MXF Multichannel Audio Controlled Vocabulary: Content Property Values,ST,Audio,ST 377,Audio; Essence; File interchange; Loudness; Material Exchange Format; MXF; Sound; Wrapper,Audio; Essence; File interchange; Loudness; Material Exchange Format; MXF; MXF Multichannel Audio Controlled Vocabulary: Content Property Values; Sound; ST 377; ST 377-41; Wrapper,active,2,2023-04-13,https://pub.smpte.org/doc/st377-41/,https://pub.smpte.org/doc/st377-41/20230413-pub/
ST 377-42,MCA Label Controlled Vocabulary,ST,"Metadata, captions, subtitles, and identifiers",ST 377,Essence; File interchange; Identifier; Material Exchange Format; Metadata; MXF; Registry; Wrapper,Essence; File interchange; Identifier; Material Exchange Format; MCA Label Controlled Vocabulary; meta data; Metadata; MXF; Registry; ST 377; ST 377-42; Wrapper,active,1,2021-07-13,https://pub.smpte.org/doc/st377-42/,https://pub.smpte.org/doc/st377-42/20210713-pub/
ST 378,"Material Exchange Format (MXF) - Operational Pattern 1a (Single Item, Single Package)",ST,"Files, wrappers, and interchange",ST 378,Essence; File interchange; Material Exchange Format; MXF; Wrapper,"Essence; File interchange; Material Exchange Format; Material Exchange Format (MXF) - Operational Pattern 1a (Single Item, Single Package); MXF; ST 378; Wrapper",stabilized,1,2004-09-22,https://pub.smpte.org/doc/st378/,https://pub.smpte.org/doc/st378/20040922-pub/
ST 379,Material Exchange Format (MXF) — MXF Generic Container,ST,"Files, wrappers, and interchange",ST 379,Essence; File interchange; Material Exchange Format; MXF; Wrapper,Essence; File interchange; Material Exchange Format; Material Exchange Format (MXF) — MXF Generic Container; MXF; ST 379; Wrapper,active,1,2004-07-21,https://pub.smpte.org/doc/st379/,https://pub.smpte.org/doc/st379/20040721-pub/
ST 379-1,MXF Generic Container,ST,"Files, wrappers, and interchange",ST 379,Essence; File interchange; Material Exchange Format; MXF; Wrapper,Essence; File interchange; Material Exchange Format; MXF; MXF Generic Container; ST 379; ST 379-1; Wrapper,stabilized,1,2009-07-21,https://pub.smpte.org/doc/st379-1/,https://pub.smpte.org/doc/st379-1/20090721-pub/
ST 379-2,Material Exchange Format (MXF) —MXF Constrained Generic Container,ST,"Files, wrappers, and interchange",ST 379,Essence; File interchange; Material Exchange Format; MXF; Wrapper,Essence; File interchange; Material Exchange Format; Material Exchange Format (MXF) —MXF Constrained Generic Container; MXF; ST 379; ST 379-2; Wrapper,stabilized,1,2010-02-23,https://pub.smpte.org/doc/st379-2/,https://pub.smpte.org/doc/st379-2/20100223-pub/
ST 380,"Material Exchange Format (MXF) - Descriptive Metadata Scheme-1 (Standard, Dynamic)",ST,"Files, wrappers, and interchange",ST 380,Essence; File interchange; Identifier; IP Video; Material Exchange Format; Metadata; MXF; Networking; PTP; Registry; RTP; Wrapper,"Essence; File interchange; Identifier; IP Video; Material Exchange Format; Material Exchange Format (MXF) - Descriptive Metadata Scheme-1 (Standard, Dynamic); meta data; Metadata; MXF; Networking; precision time protocol; PTP; real-time transport protocol; Registry; RTP; smpte 2110; st 2110; ST 380; Wrapper",active,1,2004-09-22,https://pub.smpte.org/doc/st380/,https://pub.smpte.org/doc/st380/20040922-pub/
ST 381,Material Exchange Format (MXF) - Mapping MPEG Streams into the MXF Generic Container (Dynamic),ST,"Files, wrappers, and interchange",ST 381,Ancillary Data; Bitstream; Codec; Compression; Essence; File interchange; Mapping; Material Exchange Format; MXF; Payload; Wrapper,Ancillary Data; Bitstream; Codec; Compression; Essence; File interchange; Mapping; Material Exchange Format; Material Exchange Format (MXF) - Mapping MPEG Streams into the MXF Generic Container (Dynamic); MXF; Payload; ST 381; Wrapper,stabilized,1,2005-02-15,https://pub.smpte.org/doc/st381/,https://pub.smpte.org/doc/st381/20050215-pub/
ST 381-1,Mapping MPEG Streams into the MXF Generic Container,ST,"Files, wrappers, and interchange",ST 381,Ancillary Data; Bitstream; Codec; Compression; Essence; File interchange; Mapping; Material Exchange Format; MXF; Payload; Wrapper,Ancillary Data; Bitstream; Codec; Compression; Essence; File interchange; Mapping; Mapping MPEG Streams into the MXF Generic Container; Material Exchange Format; MXF; Payload; ST 381; ST 381-1; Wrapper,stabilized,1,2005-02-15,https://pub.smpte.org/doc/st381-1/,https://pub.smpte.org/doc/st381-1/20050215-pub/
ST 381-2,Mapping MPEG Streams into the MXF Constrained Generic Container,ST,"Files, wrappers, and interchange",ST 381,Ancillary Data; Bitstream; Codec; Compression; Essence; File interchange; Mapping; Material Exchange Format; MXF; Payload; Wrapper,Ancillary Data; Bitstream; Codec; Compression; Essence; File interchange; Mapping; Mapping MPEG Streams into the MXF Constrained Generic Container; Material Exchange Format; MXF; Payload; ST 381; ST 381-2; Wrapper,active,2,2018-01-02,https://pub.smpte.org/doc/st381-2/,https://pub.smpte.org/doc/st381-2/20180102-pub/
ST 381-3,Material Exchange Format— Mapping AVC Streams into the MXF Generic Container,ST,"Files, wrappers, and interchange",ST 381,Ancillary Data; Bitstream; Codec; Compression; Essence; File interchange; Mapping; Material Exchange Format; MXF; Payload; Wrapper,Ancillary Data; Bitstream; Codec; Compression; Essence; File interchange; Mapping; Material Exchange Format; Material Exchange Format— Mapping AVC Streams into the MXF Generic Container; MXF; Payload; ST 381; ST 381-3; Wrapper,active,3,2025-01-29,https://pub.smpte.org/doc/st381-3/,https://pub.smpte.org/doc/st381-3/20250129-pub/
ST 381-4,Mapping AAC Compresed Audio into the MXF Generic Container,ST,Audio,ST 381,Ancillary Data; Audio; Essence; File interchange; Loudness; Mapping; Material Exchange Format; MXF; Payload; Sound; Wrapper,Ancillary Data; Audio; Essence; File interchange; Loudness; Mapping; Mapping AAC Compresed Audio into the MXF Generic Container; Material Exchange Format; MXF; Payload; Sound; ST 381; ST 381-4; Wrapper,active,1,2017-05-25,https://pub.smpte.org/doc/st381-4/,https://pub.smpte.org/doc/st381-4/20170525-pub/
ST 381-5,Mapping HEVC Streams into the MXF Generic Container,ST,"Files, wrappers, and interchange",ST 381,Ancillary Data; Bitstream; Codec; Compression; Essence; File interchange; Mapping; Material Exchange Format; MXF; Payload; Wrapper,Ancillary Data; Bitstream; Codec; Compression; Essence; File interchange; Mapping; Mapping HEVC Streams into the MXF Generic Container; Material Exchange Format; MXF; Payload; ST 381; ST 381-5; Wrapper,active,2,2023-02-28,https://pub.smpte.org/doc/st381-5/,https://pub.smpte.org/doc/st381-5/20230228-pub/
ST 382,Material Exchange Format — Mapping AES3 and Broadcast Wave Audio into the MXF Generic Container,ST,"Files, wrappers, and interchange",ST 382,Ancillary Data; Audio; Essence; File interchange; Loudness; Mapping; Material Exchange Format; MXF; Payload; Sound; Wrapper,Ancillary Data; Audio; Essence; File interchange; Loudness; Mapping; Material Exchange Format; Material Exchange Format — Mapping AES3 and Broadcast Wave Audio into the MXF Generic Container; MXF; Payload; Sound; ST 382; Wrapper,active,4,2022-06-08,https://pub.smpte.org/doc/st382/,https://pub.smpte.org/doc/st382/20220608-pub/
ST 383,Material Exchange Format (MXF) - Mapping DV-DIF Data to the MXF Generic Container,ST,"Files, wrappers, and interchange",ST 383,Ancillary Data; Essence; File interchange; Mapping; Material Exchange Format; MXF; Payload; Wrapper,Ancillary Data; Essence; File interchange; Mapping; Material Exchange Format; Material Exchange Format (MXF) - Mapping DV-DIF Data to the MXF Generic Container; MXF; Payload; ST 383; Wrapper,stabilized,1,2008-03-13,https://pub.smpte.org/doc/st383/,https://pub.smpte.org/doc/st383/20080313-pub/
ST 384,Television - Material Exchange Format (MXF) - Mapping of Uncompressed Pictures into the Generic Container,ST,"Files, wrappers, and interchange",ST 384,Ancillary Data; Essence; File interchange; Mapping; Material Exchange Format; MXF; Payload; Wrapper,Ancillary Data; Essence; File interchange; Mapping; Material Exchange Format; MXF; Payload; ST 384; Television - Material Exchange Format (MXF) - Mapping of Uncompressed Pictures into the Generic Container; Wrapper,stabilized,1,2005-09-02,https://pub.smpte.org/doc/st384/,https://pub.smpte.org/doc/st384/20050902-pub/
ST 385,Material Exchange Format (MXF) – Mapping SDTI-CP Essence and Metadata into the MXF Generic Container,ST,"Files, wrappers, and interchange",ST 385,Ancillary Data; Essence; File interchange; Identifier; Mapping; Material Exchange Format; Metadata; MXF; Payload; Registry; Wrapper,Ancillary Data; Essence; File interchange; Identifier; Mapping; Material Exchange Format; Material Exchange Format (MXF) – Mapping SDTI-CP Essence and Metadata into the MXF Generic Container; meta data; Metadata; MXF; Payload; Registry; ST 385; Wrapper,active,3,2022-08-17,https://pub.smpte.org/doc/st385/,https://pub.smpte.org/doc/st385/20220817-am1-pub/
ST 386,Material Exchange Format (MXF) - Mapping Type D-10 Essence Data to the MXF Generic Container,ST,"Files, wrappers, and interchange",ST 386,Ancillary Data; Essence; File interchange; Mapping; Material Exchange Format; MXF; Payload; Wrapper,Ancillary Data; Essence; File interchange; Mapping; Material Exchange Format; Material Exchange Format (MXF) - Mapping Type D-10 Essence Data to the MXF Generic Container; MXF; Payload; ST 386; Wrapper,stabilized,1,2004-09-22,https://pub.smpte.org/doc/st386/,https://pub.smpte.org/doc/st386/20040922-pub/
ST 387,Material Exchange Format (MXF) - Mapping Type D-11 Essence Data to the MXF Generic Container,ST,"Files, wrappers, and interchange",ST 387,Ancillary Data; Essence; File interchange; Mapping; Material Exchange Format; MXF; Payload; Wrapper,Ancillary Data; Essence; File interchange; Mapping; Material Exchange Format; Material Exchange Format (MXF) - Mapping Type D-11 Essence Data to the MXF Generic Container; MXF; Payload; ST 387; Wrapper,stabilized,1,2004-09-22,https://pub.smpte.org/doc/st387/,https://pub.smpte.org/doc/st387/20040922-pub/
ST 388,Material Exchange Format (MXF) - Mapping A-law Coded Audio into the MXF Generic Container,ST,"Files, wrappers, and interchange",ST 388,Ancillary Data; Audio; Essence; File interchange; Loudness; Mapping; Material Exchange Format; MXF; Payload; Sound; Wrapper,Ancillary Data; Audio; Essence; File interchange; Loudness; Mapping; Material Exchange Format; Material Exchange Format (MXF) - Mapping A-law Coded Audio into the MXF Generic Container; MXF; Payload; Sound; ST 388; Wrapper,stabilized,1,2004-09-22,https://pub.smpte.org/doc/st388/,https://pub.smpte.org/doc/st388/20040922-pub/
ST 389,Material Exchange Format (MXF) - MXF Generic Container Reverse Play System Element,ST,"Files, wrappers, and interchange",ST 389,Essence; File interchange; Material Exchange Format; MXF; Wrapper,Essence; File interchange; Material Exchange Format; Material Exchange Format (MXF) - MXF Generic Container Reverse Play System Element; MXF; ST 389; Wrapper,stabilized,1,2005-06-07,https://pub.smpte.org/doc/st389/,https://pub.smpte.org/doc/st389/20050607-pub/
ST 390,Material Exchange Format (MXF) — Specialized Operational Pattern “OP-Atom” (Simplified Representation of a Single Item),ST,"Files, wrappers, and interchange",ST 390,Essence; File interchange; Material Exchange Format; MXF; Wrapper,Essence; File interchange; Material Exchange Format; Material Exchange Format (MXF) — Specialized Operational Pattern “OP-Atom” (Simplified Representation of a Single Item); MXF; ST 390; Wrapper,stabilized,1,2011-03-31,https://pub.smpte.org/doc/st390/,https://pub.smpte.org/doc/st390/20110331-pub/
ST 391,"Material Exchange Format (MXF) - Operational Pattern 1b (Single Item, Ganged Packages)",ST,"Files, wrappers, and interchange",ST 391,Essence; File interchange; Material Exchange Format; MXF; Wrapper,"Essence; File interchange; Material Exchange Format; Material Exchange Format (MXF) - Operational Pattern 1b (Single Item, Ganged Packages); MXF; ST 391; Wrapper",stabilized,1,2004-09-22,https://pub.smpte.org/doc/st391/,https://pub.smpte.org/doc/st391/20040922-pub/
ST 392,"Material Exchange Format (MXF) — Operational Pattern 2a (Play-List Items, Single Package)",ST,"Files, wrappers, and interchange",ST 392,Essence; File interchange; Material Exchange Format; MXF; Wrapper,"Essence; File interchange; Material Exchange Format; Material Exchange Format (MXF) — Operational Pattern 2a (Play-List Items, Single Package); MXF; ST 392; Wrapper",active,2,2013-02-05,https://pub.smpte.org/doc/st392/,https://pub.smpte.org/doc/st392/20130205-pub/
ST 393,"Material Exchange Format (MXF) - Operational Pattern 2b (Play-List Items, Ganged Packages)",ST,"Files, wrappers, and interchange",ST 393,Essence; File interchange; Material Exchange Format; MXF; Wrapper,"Essence; File interchange; Material Exchange Format; Material Exchange Format (MXF) - Operational Pattern 2b (Play-List Items, Ganged Packages); MXF; ST 393; Wrapper",stabilized,1,2004-09-22,https://pub.smpte.org/doc/st393/,https://pub.smpte.org/doc/st393/20040922-pub/
ST 394,Material Exchange Format (MXF) - System Scheme 1 for the MXF Generic Container,ST,"Files, wrappers, and interchange",ST 394,Essence; File interchange; Material Exchange Format; MXF; Wrapper,Essence; File interchange; Material Exchange Format; Material Exchange Format (MXF) - System Scheme 1 for the MXF Generic Container; MXF; ST 394; Wrapper,stabilized,1,2006-07-07,https://pub.smpte.org/doc/st394/,https://pub.smpte.org/doc/st394/20060707-pub/
ST 395,Metadata Groups Register,ST,"Metadata, captions, subtitles, and identifiers",ST 395,Identifier; Metadata; Registry,Identifier; meta data; Metadata; Metadata Groups Register; Registry; ST 395,active,2,2014-05-23,https://pub.smpte.org/doc/st395/,https://pub.smpte.org/doc/st395/20140523-pub/
ST 396,Television - Packet Format and Transmission Timing of DV-Based Data Streams over IEEE 1394,ST,"Video formats, interfaces, and signal transport",ST 396,Video formats,ST 396; Television - Packet Format and Transmission Timing of DV-Based Data Streams over IEEE 1394; Video formats,active,1,2003-07-15,https://pub.smpte.org/doc/st396/,https://pub.smpte.org/doc/st396/20030715-pub/
ST 397,Declarative Data Essence - Transitional,ST,"Files, wrappers, and interchange",ST 397,Files,Declarative Data Essence - Transitional; Files; ST 397,stabilized,1,2003-07-09,https://pub.smpte.org/doc/st397/,https://pub.smpte.org/doc/st397/20030709-pub/
ST 398,Digital Video Recording - 1/2-in Type D-14 Component Format - 525/60 and 625/50,ST,"Storage, recording, and physical media",ST 398,Archive; Recording; Storage,Archive; Digital Video Recording - 1/2-in Type D-14 Component Format - 525/60 and 625/50; Recording; ST 398; Storage,stabilized,1,2004-02-03,https://pub.smpte.org/doc/st398/,https://pub.smpte.org/doc/st398/20040203-pub/
ST 399,Digital Television Recording - 1/2-in Type D-15 High-Definition Compressed Video Data Format,ST,"Video formats, interfaces, and signal transport",ST 399,Archive; Recording; Storage,Archive; Digital Television Recording - 1/2-in Type D-15 High-Definition Compressed Video Data Format; Recording; ST 399; Storage,stabilized,1,2004-02-03,https://pub.smpte.org/doc/st399/,https://pub.smpte.org/doc/st399/20040203-pub/
ST 400,SMPTE Labels Structure,ST,"Metadata, captions, subtitles, and identifiers",ST 400,Identifier; Metadata; Registry,Identifier; meta data; Metadata; Registry; SMPTE Labels Structure; ST 400,active,2,2012-08-27,https://pub.smpte.org/doc/st400/,https://pub.smpte.org/doc/st400/20120827-pub/
ST 401,Extended Content ControlInformation (ExCCI) Data Packet,ST,General standards and recommended practices,ST 401,,Extended Content ControlInformation (ExCCI) Data Packet; ST 401,stabilized,1,2005-02-23,https://pub.smpte.org/doc/st401/,https://pub.smpte.org/doc/st401/20050223-pub/
ST 402,Television - A Data Reduction Method for the MPEG-2 Video Recording Data Set,ST,"Video formats, interfaces, and signal transport",ST 402,Archive; Bitstream; Codec; Compression; Recording; Storage,Archive; Bitstream; Codec; Compression; Recording; ST 402; Storage; Television - A Data Reduction Method for the MPEG-2 Video Recording Data Set,stabilized,1,2003-09-24,https://pub.smpte.org/doc/st402/,https://pub.smpte.org/doc/st402/20030924-pub/
ST 405,Material Exchange Format (MXF) - Elements and Individual Data Items for the MXF Generic Container System Scheme 1,ST,"Files, wrappers, and interchange",ST 405,Essence; File interchange; Material Exchange Format; MXF; Wrapper,Essence; File interchange; Material Exchange Format; Material Exchange Format (MXF) - Elements and Individual Data Items for the MXF Generic Container System Scheme 1; MXF; ST 405; Wrapper,stabilized,1,2006-07-07,https://pub.smpte.org/doc/st405/,https://pub.smpte.org/doc/st405/20060707-pub/
ST 407,Material Exchange Format (MXF) - Operational Patterns 3a and 3b,ST,"Files, wrappers, and interchange",ST 407,Essence; File interchange; Material Exchange Format; MXF; Wrapper,Essence; File interchange; Material Exchange Format; Material Exchange Format (MXF) - Operational Patterns 3a and 3b; MXF; ST 407; Wrapper,active,1,2006-04-05,https://pub.smpte.org/doc/st407/,https://pub.smpte.org/doc/st407/20060405-pub/
ST 408,"Material Exchange Format (MXF) - Operational Patterns 1c, 2c and 3c",ST,"Files, wrappers, and interchange",ST 408,Essence; File interchange; Material Exchange Format; MXF; Wrapper,"Essence; File interchange; Material Exchange Format; Material Exchange Format (MXF) - Operational Patterns 1c, 2c and 3c; MXF; ST 408; Wrapper",active,1,2006-04-05,https://pub.smpte.org/doc/st408/,https://pub.smpte.org/doc/st408/20060405-pub/
ST 409,Digital Television Recording - 12.65-mm Type D-16 Format,ST,"Storage, recording, and physical media",ST 409,Archive; Recording; Storage,Archive; Digital Television Recording - 12.65-mm Type D-16 Format; Recording; ST 409; Storage,stabilized,1,2005-02-15,https://pub.smpte.org/doc/st409/,https://pub.smpte.org/doc/st409/20050215-pub/
ST 410,Material Exchange Format — Generic Stream Partition,ST,"Files, wrappers, and interchange",ST 410,Essence; File interchange; Material Exchange Format; MXF; Wrapper,Essence; File interchange; Material Exchange Format; Material Exchange Format — Generic Stream Partition; MXF; ST 410; Wrapper,active,1,2008-07-31,https://pub.smpte.org/doc/st410/,https://pub.smpte.org/doc/st410/20080731-pub/
ST 411,Motion-Picture Film - Cinematography - Spectral Response of Photographic Audio Reproducers for Analog Dye Sound Tracks on 35-mm Film,ST,"Cinema, film, projection, and mastering",ST 411,Audio; Loudness; Sound,Audio; Loudness; Motion-Picture Film - Cinematography - Spectral Response of Photographic Audio Reproducers for Analog Dye Sound Tracks on 35-mm Film; Sound; ST 411,stabilized,1,2006-06-27,https://pub.smpte.org/doc/st411/,https://pub.smpte.org/doc/st411/20060627-pub/
ST 417,"Motion-Picture Film (65-mm) - Camera Aperture Image and Usage, 15/70 Format",ST,"Cinema, film, projection, and mastering",ST 417,Cinema,"Cinema; Motion-Picture Film (65-mm) - Camera Aperture Image and Usage, 15/70 Format; ST 417",stabilized,1,2005-10-18,https://pub.smpte.org/doc/st417/,https://pub.smpte.org/doc/st417/20051018-pub/
ST 418,"Motion-Picture Film (65-mm) - Camera Aperture Image and Usage, 8/70 Format",ST,"Cinema, film, projection, and mastering",ST 418,Cinema,"Cinema; Motion-Picture Film (65-mm) - Camera Aperture Image and Usage, 8/70 Format; ST 418",stabilized,1,2005-10-18,https://pub.smpte.org/doc/st418/,https://pub.smpte.org/doc/st418/20051018-pub/
ST 419,"Motion-Picture Film (70-mm) - Projectable Image Area, 15/70 Format",ST,"Cinema, film, projection, and mastering",ST 419,Cinema,"Cinema; Motion-Picture Film (70-mm) - Projectable Image Area, 15/70 Format; ST 419",stabilized,1,2005-10-18,https://pub.smpte.org/doc/st419/,https://pub.smpte.org/doc/st419/20051018-pub/
ST 420,"Motion-Picture Film (70-mm) - Projectable Image Area, 8/70 Format",ST,"Cinema, film, projection, and mastering",ST 420,Cinema,"Cinema; Motion-Picture Film (70-mm) - Projectable Image Area, 8/70 Format; ST 420",stabilized,1,2005-10-18,https://pub.smpte.org/doc/st420/,https://pub.smpte.org/doc/st420/20051018-pub/
ST 421,VC-1 Compressed Video Bitstream Format and Decoding Process,ST,"Video formats, interfaces, and signal transport",ST 421,Bitstream; Codec; Compression,Bitstream; Codec; Compression; ST 421; VC-1 Compressed Video Bitstream Format and Decoding Process,stabilized,4,2013-10-08,https://pub.smpte.org/doc/st421/,https://pub.smpte.org/doc/st421/20131008-pub/
ST 422,Material Exchange Format — Mapping JPEG 2000 Codestreams into the MXF Generic Container,ST,"Files, wrappers, and interchange",ST 422,Ancillary Data; Bitstream; Codec; Compression; Essence; File interchange; Mapping; Material Exchange Format; MXF; Payload; Wrapper,Ancillary Data; Bitstream; Codec; Compression; Essence; File interchange; Mapping; Material Exchange Format; Material Exchange Format — Mapping JPEG 2000 Codestreams into the MXF Generic Container; MXF; Payload; ST 422; Wrapper,active,6,2022-03-28,https://pub.smpte.org/doc/st422/,https://pub.smpte.org/doc/st422/20220328-pub/
ST 424,3 Gb/s Signal/Data Serial Interface,ST,"Video formats, interfaces, and signal transport",ST 424,SDI; Signal transport; Video interface,3 Gb/s Signal/Data Serial Interface; SDI; serial digital interface; Signal transport; ST 424; Video interface,active,2,2012-10-08,https://pub.smpte.org/doc/st424/,https://pub.smpte.org/doc/st424/20121008-pub/
ST 425-1,Source Image Format and Ancillary Data Mapping for the 3 Gb/s Serial Interface,ST,"Video formats, interfaces, and signal transport",ST 425,Ancillary Data; Mapping; Payload; SDI; Signal transport; Video interface,Ancillary Data; Mapping; Payload; SDI; serial digital interface; Signal transport; Source Image Format and Ancillary Data Mapping for the 3 Gb/s Serial Interface; ST 425; ST 425-1; Video interface,active,4,2017-10-23,https://pub.smpte.org/doc/st425-1/,https://pub.smpte.org/doc/st425-1/20171023-pub/
ST 425-2,Source Image Format and Ancillary Data Mapping for Stereoscopic Image Formats on a Single-Link 3 Gb/s Serial Interface,ST,"Video formats, interfaces, and signal transport",ST 425,Ancillary Data; Mapping; Payload; SDI; Signal transport; Video interface,Ancillary Data; Mapping; Payload; SDI; serial digital interface; Signal transport; Source Image Format and Ancillary Data Mapping for Stereoscopic Image Formats on a Single-Link 3 Gb/s Serial Interface; ST 425; ST 425-2; Video interface,active,1,2012-02-03,https://pub.smpte.org/doc/st425-2/,https://pub.smpte.org/doc/st425-2/20120203-pub/
ST 425-3,Image Format and Ancillary Data Mapping for the Dual Link 3 Gb/s Serial Interface,ST,"Video formats, interfaces, and signal transport",ST 425,Ancillary Data; Mapping; Payload; SDI; Signal transport; Video interface,Ancillary Data; Image Format and Ancillary Data Mapping for the Dual Link 3 Gb/s Serial Interface; Mapping; Payload; SDI; serial digital interface; Signal transport; ST 425; ST 425-3; Video interface,active,4,2019-03-04,https://pub.smpte.org/doc/st425-3/,https://pub.smpte.org/doc/st425-3/20190304-pub/
ST 425-4,Dual 3 Gb/s Serial Digital Interface for Stereoscopic Image Transport,ST,"Video formats, interfaces, and signal transport",ST 425,SDI; Signal transport; Video interface,Dual 3 Gb/s Serial Digital Interface for Stereoscopic Image Transport; SDI; serial digital interface; Signal transport; ST 425; ST 425-4; Video interface,active,1,2012-07-03,https://pub.smpte.org/doc/st425-4/,https://pub.smpte.org/doc/st425-4/20120703-pub/
ST 425-5,Image Format and Ancillary Data Mapping for the Quad Link 3 Gb/s Serial Interface,ST,"Video formats, interfaces, and signal transport",ST 425,Ancillary Data; Mapping; Payload; SDI; Signal transport; Video interface,Ancillary Data; Image Format and Ancillary Data Mapping for the Quad Link 3 Gb/s Serial Interface; Mapping; Payload; SDI; serial digital interface; Signal transport; ST 425; ST 425-5; Video interface,active,4,2019-03-04,https://pub.smpte.org/doc/st425-5/,https://pub.smpte.org/doc/st425-5/20190304-pub/
ST 425-6,Quad 3 Gb/s Serial Digital Interface for Stereoscopic Image Transport,ST,"Video formats, interfaces, and signal transport",ST 425,SDI; Signal transport; Video interface,Quad 3 Gb/s Serial Digital Interface for Stereoscopic Image Transport; SDI; serial digital interface; Signal transport; ST 425; ST 425-6; Video interface,active,1,2014-02-20,https://pub.smpte.org/doc/st425-6/,https://pub.smpte.org/doc/st425-6/20140220-pub/
ST 427,Link Encryption for 1.5 Gb/s Serial Digital Interface,ST,"Video formats, interfaces, and signal transport",ST 427,SDI; Signal transport; Video interface,Link Encryption for 1.5 Gb/s Serial Digital Interface; SDI; serial digital interface; Signal transport; ST 427; Video interface,stabilized,1,2009-03-11,https://pub.smpte.org/doc/st427/,https://pub.smpte.org/doc/st427/20090311-pub/
ST 428-1,Image Characteristics,ST,General standards and recommended practices,ST 428,,Image Characteristics; ST 428; ST 428-1,active,2,2019-02-12,https://pub.smpte.org/doc/st428-1/,https://pub.smpte.org/doc/st428-1/20190212-pub/
ST 428-2,Audio Characteristics,ST,Audio,ST 428,Audio; Loudness; Sound,Audio; Audio Characteristics; Loudness; Sound; ST 428; ST 428-2,active,1,2006-08-16,https://pub.smpte.org/doc/st428-2/,https://pub.smpte.org/doc/st428-2/20060816-pub/
ST 428-3,D-Cinema Distribution Master Audio Channel Mapping and Channel Labeling,ST,Audio,ST 428,Ancillary Data; Audio; Cinema package; D-Cinema; DCP; Digital Cinema; Identifier; Loudness; Mapping; Metadata; Payload; Registry; Sound,Ancillary Data; Audio; Cinema package; D-Cinema; D-Cinema Distribution Master Audio Channel Mapping and Channel Labeling; DCP; digital cinema; digital cinema package; Identifier; Loudness; Mapping; meta data; Metadata; Payload; Registry; Sound; ST 428; ST 428-3,withdrawn,1,2006-09-29,https://pub.smpte.org/doc/st428-3/,https://pub.smpte.org/doc/st428-3/20060929-pub/
ST 428-7,Subtitle,ST,"Metadata, captions, subtitles, and identifiers",ST 428,Accessibility; Captions; Subtitles,Accessibility; Captions; ST 428; ST 428-7; Subtitle; Subtitles,active,3,2014-02-11,https://pub.smpte.org/doc/st428-7/,https://pub.smpte.org/doc/st428-7/20140211-pub/
ST 428-9,Serial Digital Interface Signal Formatting,ST,"Video formats, interfaces, and signal transport",ST 428,SDI; Signal transport; Video interface,SDI; serial digital interface; Serial Digital Interface Signal Formatting; Signal transport; ST 428; ST 428-9; Video interface,stabilized,1,2008-02-14,https://pub.smpte.org/doc/st428-9/,https://pub.smpte.org/doc/st428-9/20080214-pub/
ST 428-10,D-Cinema Distribution Master —Closed Caption and Closed Subtitle,ST,"Metadata, captions, subtitles, and identifiers",ST 428,Accessibility; Captions; Cinema package; D-Cinema; DCP; Digital Cinema; Subtitles,Accessibility; Captions; Cinema package; D-Cinema; D-Cinema Distribution Master —Closed Caption and Closed Subtitle; DCP; digital cinema; digital cinema package; ST 428; ST 428-10; Subtitles,active,1,2008-12-03,https://pub.smpte.org/doc/st428-10/,https://pub.smpte.org/doc/st428-10/20081203-pub/
ST 428-11,Additional Frame Rates for D-Cinema,ST,"Cinema, film, projection, and mastering",ST 428,Cinema package; D-Cinema; DCP; Digital Cinema,Additional Frame Rates for D-Cinema; Cinema package; D-Cinema; DCP; digital cinema; digital cinema package; ST 428; ST 428-11,active,2,2013-08-27,https://pub.smpte.org/doc/st428-11/,https://pub.smpte.org/doc/st428-11/20130827-pub/
ST 428-12,D-Cinema Distribution Master Common Audio Channels and Soundfield Groups,ST,Audio,ST 428,Audio; Cinema package; D-Cinema; DCP; Digital Cinema; Loudness; Sound,Audio; Cinema package; D-Cinema; D-Cinema Distribution Master Common Audio Channels and Soundfield Groups; DCP; digital cinema; digital cinema package; Loudness; Sound; ST 428; ST 428-12,active,1,2013-02-26,https://pub.smpte.org/doc/st428-12/,https://pub.smpte.org/doc/st428-12/20130226-pub/
ST 428-19,D-Cinema Distribution Master —Additional Frame RatesLevel AFR2 and Level AFR4 —Serial Digital Interface Signal Formatting,ST,"Cinema, film, projection, and mastering",ST 428,Cinema package; D-Cinema; DCP; Digital Cinema; SDI; Signal transport; Video interface,Cinema package; D-Cinema; D-Cinema Distribution Master —Additional Frame RatesLevel AFR2 and Level AFR4 —Serial Digital Interface Signal Formatting; DCP; digital cinema; digital cinema package; SDI; serial digital interface; Signal transport; ST 428; ST 428-19; Video interface,stabilized,1,2010-08-09,https://pub.smpte.org/doc/st428-19/,https://pub.smpte.org/doc/st428-19/20100809-pub/
ST 428-21,Archive Frame Rates for D-Cinema,ST,"Cinema, film, projection, and mastering",ST 428,Archive; Cinema package; D-Cinema; DCP; Digital Cinema; Recording; Storage,Archive; Archive Frame Rates for D-Cinema; Cinema package; D-Cinema; DCP; digital cinema; digital cinema package; Recording; ST 428; ST 428-21; Storage,stabilized,1,2011-02-22,https://pub.smpte.org/doc/st428-21/,https://pub.smpte.org/doc/st428-21/20110222-pub/
ST 428-24,Packed Image,ST,General standards and recommended practices,ST 428,,Packed Image; ST 428; ST 428-24,active,1,2024-11-01,https://pub.smpte.org/doc/st428-24/,https://pub.smpte.org/doc/st428-24/20241101-pub/
ST 429-2,DCP Operational Constraints,ST,"Cinema, film, projection, and mastering",ST 429,Cinema package; D-Cinema; DCP; Digital Cinema,Cinema package; D-Cinema; DCP; DCP Operational Constraints; digital cinema; digital cinema package; ST 429; ST 429-2,active,8,2023-09-12,https://pub.smpte.org/doc/st429-2/,https://pub.smpte.org/doc/st429-2/20230912-pub/
ST 429-3,Sound and Picture Track File,ST,Audio,ST 429,Audio; Loudness; Sound,Audio; Loudness; Sound; Sound and Picture Track File; ST 429; ST 429-3,active,2,2023-09-12,https://pub.smpte.org/doc/st429-3/,https://pub.smpte.org/doc/st429-3/20230912-pub/
ST 429-4,MXF JPEG 2000 Application,ST,"Files, wrappers, and interchange",ST 429,Bitstream; Codec; Compression; Essence; File interchange; Material Exchange Format; MXF; Wrapper,Bitstream; Codec; Compression; Essence; File interchange; Material Exchange Format; MXF; MXF JPEG 2000 Application; ST 429; ST 429-4; Wrapper,active,3,2023-05-04,https://pub.smpte.org/doc/st429-4/,https://pub.smpte.org/doc/st429-4/20230504-pub/
ST 429-5,Timed Text Track File,ST,"Files, wrappers, and interchange",ST 429,Files,Files; ST 429; ST 429-5; Timed Text Track File,active,3,2023-09-12,https://pub.smpte.org/doc/st429-5/,https://pub.smpte.org/doc/st429-5/20230912-pub/
ST 429-6,MXF Track File Essence Encryption,ST,"Files, wrappers, and interchange",ST 429,Essence; File interchange; Material Exchange Format; MXF; Wrapper,Essence; File interchange; Material Exchange Format; MXF; MXF Track File Essence Encryption; ST 429; ST 429-6; Wrapper,active,3,2023-05-04,https://pub.smpte.org/doc/st429-6/,https://pub.smpte.org/doc/st429-6/20230504-pub/
ST 429-7,Composition Playlist,ST,"Cinema, film, projection, and mastering",ST 429,Cinema package; D-Cinema; DCP; Digital Cinema,Cinema package; Composition Playlist; D-Cinema; DCP; digital cinema; digital cinema package; ST 429; ST 429-7,active,1,2006-10-03,https://pub.smpte.org/doc/st429-7/,https://pub.smpte.org/doc/st429-7/20061003-pub/
ST 429-8,D-Cinema Packaging —Packing List,ST,"Cinema, film, projection, and mastering",ST 429,Cinema package; D-Cinema; DCP; Digital Cinema,Cinema package; D-Cinema; D-Cinema Packaging —Packing List; DCP; digital cinema; digital cinema package; ST 429; ST 429-8,active,1,2007-06-25,https://pub.smpte.org/doc/st429-8/,https://pub.smpte.org/doc/st429-8/20070625-pub/
ST 429-9,Asset Mapping and File Segmentation,ST,"Files, wrappers, and interchange",ST 429,Ancillary Data; Mapping; Payload,Ancillary Data; Asset Mapping and File Segmentation; Mapping; Payload; ST 429; ST 429-9,active,3,2014-11-24,https://pub.smpte.org/doc/st429-9/,https://pub.smpte.org/doc/st429-9/20141124-pub/
ST 429-10,Stereoscopic Picture Track File,ST,"Files, wrappers, and interchange",ST 429,Files,Files; ST 429; ST 429-10; Stereoscopic Picture Track File,active,2,2023-09-12,https://pub.smpte.org/doc/st429-10/,https://pub.smpte.org/doc/st429-10/20230912-pub/
ST 429-12,Caption and Closed Subtitle,ST,"Metadata, captions, subtitles, and identifiers",ST 429,Accessibility; Captions; Subtitles,Accessibility; Caption and Closed Subtitle; Captions; ST 429; ST 429-12; Subtitles,active,1,2008-12-03,https://pub.smpte.org/doc/st429-12/,https://pub.smpte.org/doc/st429-12/20081203-pub/
ST 429-13,D-Cinema Packaging —DCP Operational Constraints for Additional Frame Rates,ST,"Cinema, film, projection, and mastering",ST 429,Cinema package; D-Cinema; DCP; Digital Cinema,Cinema package; D-Cinema; D-Cinema Packaging —DCP Operational Constraints for Additional Frame Rates; DCP; digital cinema; digital cinema package; ST 429; ST 429-13,withdrawn,1,2009-11-19,https://pub.smpte.org/doc/st429-13/,https://pub.smpte.org/doc/st429-13/20091119-pub/
ST 429-14,Aux Data Track File,ST,"Files, wrappers, and interchange",ST 429,Files,Aux Data Track File; Files; ST 429; ST 429-14,active,2,2023-09-12,https://pub.smpte.org/doc/st429-14/,https://pub.smpte.org/doc/st429-14/20230912-pub/
ST 429-16,Additional Composition Metadata and Guidelines,ST,"Metadata, captions, subtitles, and identifiers",ST 429,Identifier; Metadata; Registry,Additional Composition Metadata and Guidelines; Identifier; meta data; Metadata; Registry; ST 429; ST 429-16,active,2,2023-09-12,https://pub.smpte.org/doc/st429-16/,https://pub.smpte.org/doc/st429-16/20230912-pub/
ST 429-17,XML Constraints,ST,"Metadata, captions, subtitles, and identifiers",ST 429,Metadata,meta data; Metadata; ST 429; ST 429-17; XML Constraints,active,1,2017-12-27,https://pub.smpte.org/doc/st429-17/,https://pub.smpte.org/doc/st429-17/20171227-pub/
ST 429-18,Immersive Audio Track File,ST,Audio,ST 429,Audio; Loudness; Sound,Audio; Immersive Audio Track File; Loudness; Sound; ST 429; ST 429-18,active,2,2023-09-12,https://pub.smpte.org/doc/st429-18/,https://pub.smpte.org/doc/st429-18/20230912-pub/
ST 429-19,DCP Operational Constraints for Immersive Audio,ST,Audio,ST 429,Audio; Cinema package; D-Cinema; DCP; Digital Cinema; Loudness; Sound,Audio; Cinema package; D-Cinema; DCP; DCP Operational Constraints for Immersive Audio; digital cinema; digital cinema package; Loudness; Sound; ST 429; ST 429-19,active,2,2023-09-12,https://pub.smpte.org/doc/st429-19/,https://pub.smpte.org/doc/st429-19/20230912-pub/
ST 429-20,MXF Constraints,ST,"Files, wrappers, and interchange",ST 429,Essence; File interchange; Material Exchange Format; MXF; Wrapper,Essence; File interchange; Material Exchange Format; MXF; MXF Constraints; ST 429; ST 429-20; Wrapper,active,1,2022-12-07,https://pub.smpte.org/doc/st429-20/,https://pub.smpte.org/doc/st429-20/20221207-pub/
ST 430-1,Key Delivery Message,ST,General standards and recommended practices,ST 430,,Key Delivery Message; ST 430; ST 430-1,active,5,2023-09-07,https://pub.smpte.org/doc/st430-1/,https://pub.smpte.org/doc/st430-1/20230907-pub/
ST 430-2,Digital Certificate,ST,General standards and recommended practices,ST 430,,Digital Certificate; ST 430; ST 430-2,active,2,2017-01-12,https://pub.smpte.org/doc/st430-2/,https://pub.smpte.org/doc/st430-2/20170112-pub/
ST 430-3,Generic Extra-Theater Message Format,ST,"Cinema, film, projection, and mastering",ST 430,Cinema,Cinema; Generic Extra-Theater Message Format; ST 430; ST 430-3,active,3,2012-08-22,https://pub.smpte.org/doc/st430-3/,https://pub.smpte.org/doc/st430-3/20120822-pub/
ST 430-4,Log Record Format Specification,ST,General standards and recommended practices,ST 430,,Log Record Format Specification; ST 430; ST 430-4,active,2,2011-12-05,https://pub.smpte.org/doc/st430-4/,https://pub.smpte.org/doc/st430-4/20111205-am1-pub/
ST 430-5,Security Log Event Class and Constraints,ST,General standards and recommended practices,ST 430,,Security Log Event Class and Constraints; ST 430; ST 430-5,active,3,2023-09-12,https://pub.smpte.org/doc/st430-5/,https://pub.smpte.org/doc/st430-5/20230912-pub/
ST 430-6,Auditorium Security Messages for Intra-Theater Communications,ST,"Cinema, film, projection, and mastering",ST 430,Cinema,Auditorium Security Messages for Intra-Theater Communications; Cinema; ST 430; ST 430-6,active,1,2010-08-18,https://pub.smpte.org/doc/st430-6/,https://pub.smpte.org/doc/st430-6/20100818-pub/
ST 430-7,Facility List Message,ST,General standards and recommended practices,ST 430,,Facility List Message; ST 430; ST 430-7,withdrawn,2,2011-12-05,https://pub.smpte.org/doc/st430-7/,https://pub.smpte.org/doc/st430-7/20111205-am1-pub/
ST 430-9,Key Delivery Bundle,ST,General standards and recommended practices,ST 430,,Key Delivery Bundle; ST 430; ST 430-9,active,2,2011-12-05,https://pub.smpte.org/doc/st430-9/,https://pub.smpte.org/doc/st430-9/20111205-am1-pub/
ST 430-10,Auxiliary Content Synchronization Protocol,ST,"Timing, synchronization, and control",ST 430,Timing,Auxiliary Content Synchronization Protocol; ST 430; ST 430-10; Timing,active,1,2010-11-02,https://pub.smpte.org/doc/st430-10/,https://pub.smpte.org/doc/st430-10/20101102-pub/
ST 430-11,Auxiliary Resource Presentation List,ST,General standards and recommended practices,ST 430,,Auxiliary Resource Presentation List; ST 430; ST 430-11,active,1,2010-11-02,https://pub.smpte.org/doc/st430-11/,https://pub.smpte.org/doc/st430-11/20101102-pub/
ST 430-12,FSK Synchronization Signal,ST,"Timing, synchronization, and control",ST 430,Timing,FSK Synchronization Signal; ST 430; ST 430-12; Timing,active,3,2023-09-12,https://pub.smpte.org/doc/st430-12/,https://pub.smpte.org/doc/st430-12/20230912-pub/
ST 430-14,Digital Sync Signal and Aux Data Transfer Protocol,ST,"Timing, synchronization, and control",ST 430,Timing,Digital Sync Signal and Aux Data Transfer Protocol; ST 430; ST 430-14; Timing,active,2,2021-12-28,https://pub.smpte.org/doc/st430-14/,https://pub.smpte.org/doc/st430-14/20211228-pub/
ST 430-15,Facility List Message Exchange Protocol,ST,"Files, wrappers, and interchange",ST 430,Files,Facility List Message Exchange Protocol; Files; ST 430; ST 430-15,active,1,2017-07-14,https://pub.smpte.org/doc/st430-15/,https://pub.smpte.org/doc/st430-15/20170714-pub/
ST 430-16,Extended Facility List Message,ST,General standards and recommended practices,ST 430,,Extended Facility List Message; ST 430; ST 430-16,active,1,2017-07-14,https://pub.smpte.org/doc/st430-16/,https://pub.smpte.org/doc/st430-16/20170714-pub/
ST 430-17,SMS-OMB Communications Protocol Specification,ST,General standards and recommended practices,ST 430,,SMS-OMB Communications Protocol Specification; ST 430; ST 430-17,active,1,2021-10-21,https://pub.smpte.org/doc/st430-17/,https://pub.smpte.org/doc/st430-17/20211021-pub/
ST 431-1,"Screen Luminance Level, Chromaticity and Uniformity",ST,"Color, HDR, imaging, and display",ST 431,Color; Display; Imaging,"Color; Display; Imaging; Screen Luminance Level, Chromaticity and Uniformity; ST 431; ST 431-1",active,1,2006-04-18,https://pub.smpte.org/doc/st431-1/,https://pub.smpte.org/doc/st431-1/20060418-pub/
ST 433,D-Cinema - XML Data Types,ST,"Cinema, film, projection, and mastering",ST 433,Cinema package; D-Cinema; DCP; Digital Cinema,Cinema package; D-Cinema; D-Cinema - XML Data Types; DCP; digital cinema; digital cinema package; ST 433,active,2,2011-12-05,https://pub.smpte.org/doc/st433/,https://pub.smpte.org/doc/st433/20111205-am1-pub/
ST 434,Material Exchange Format — XML Encoding for Metadata and File Structure Information,ST,"Files, wrappers, and interchange",ST 434,Essence; File interchange; Identifier; Material Exchange Format; Metadata; MXF; Registry; Wrapper,Essence; File interchange; Identifier; Material Exchange Format; Material Exchange Format — XML Encoding for Metadata and File Structure Information; meta data; Metadata; MXF; Registry; ST 434; Wrapper,withdrawn,2,2015-02-04,https://pub.smpte.org/doc/st434/,https://pub.smpte.org/doc/st434/20150204-pub/
ST 435-1,Part 1: Basic Stream Derivation,ST,General standards and recommended practices,ST 435,,Part 1: Basic Stream Derivation; ST 435; ST 435-1,active,2,2012-08-01,https://pub.smpte.org/doc/st435-1/,https://pub.smpte.org/doc/st435-1/20120801-pub/
ST 435-2,Basic Stream Data Mapping,ST,"Video formats, interfaces, and signal transport",ST 435,Ancillary Data; Mapping; Payload,Ancillary Data; Basic Stream Data Mapping; Mapping; Payload; ST 435; ST 435-2,active,2,2012-08-01,https://pub.smpte.org/doc/st435-2/,https://pub.smpte.org/doc/st435-2/20120801-pub/
ST 435-3,Part 3: 10.6921 Gb/s Optical Fiber Interface,ST,"Video formats, interfaces, and signal transport",ST 435,SDI; Signal transport; Video interface,Part 3: 10.6921 Gb/s Optical Fiber Interface; SDI; serial digital interface; Signal transport; ST 435; ST 435-3; Video interface,active,2,2012-04-18,https://pub.smpte.org/doc/st435-3/,https://pub.smpte.org/doc/st435-3/20120418-pub/
ST 436,MXF Mappings for VBI Lines and Ancillary Data Packets,ST,"Video formats, interfaces, and signal transport",ST 436,Ancillary Data; Essence; File interchange; Mapping; Material Exchange Format; MXF; Payload; Wrapper,Ancillary Data; Essence; File interchange; Mapping; Material Exchange Format; MXF; MXF Mappings for VBI Lines and Ancillary Data Packets; Payload; ST 436; Wrapper,active,1,2006-09-18,https://pub.smpte.org/doc/st436/,https://pub.smpte.org/doc/st436/20060918-pub/
ST 436-1,MXF Mappings for VI Lines and Ancillary Data Packets,ST,"Video formats, interfaces, and signal transport",ST 436,Ancillary Data; Essence; File interchange; Mapping; Material Exchange Format; MXF; Payload; Wrapper,Ancillary Data; Essence; File interchange; Mapping; Material Exchange Format; MXF; MXF Mappings for VI Lines and Ancillary Data Packets; Payload; ST 436; ST 436-1; Wrapper,active,1,2013-11-06,https://pub.smpte.org/doc/st436-1/,https://pub.smpte.org/doc/st436-1/20131106-pub/
ST 2001-1,Mapping Rules,ST,"Video formats, interfaces, and signal transport",ST 2001,Ancillary Data; Mapping; Payload,Ancillary Data; Mapping; Mapping Rules; Payload; ST 2001; ST 2001-1,active,2,2015-08-30,https://pub.smpte.org/doc/st2001-1/,https://pub.smpte.org/doc/st2001-1/20150830-pub/
ST 2001-2,AAF and MXF Data,ST,"Files, wrappers, and interchange",ST 2001,Essence; File interchange; Material Exchange Format; MXF; Wrapper,AAF and MXF Data; Essence; File interchange; Material Exchange Format; MXF; ST 2001; ST 2001-2; Wrapper,active,1,2014-07-14,https://pub.smpte.org/doc/st2001-2/,https://pub.smpte.org/doc/st2001-2/20140714-pub/
ST 2003,Types Dictionary Structure,ST,General standards and recommended practices,ST 2003,,ST 2003; Types Dictionary Structure,active,1,2012-01-13,https://pub.smpte.org/doc/st2003/,https://pub.smpte.org/doc/st2003/20120113-pub/
ST 2010,Vertical Ancillary Data Mapping of ANSI/SCTE 104 Messages,ST,"Video formats, interfaces, and signal transport",ST 2010,Ancillary Data; Mapping; Payload,Ancillary Data; Mapping; Payload; ST 2010; Vertical Ancillary Data Mapping of ANSI/SCTE 104 Messages,active,1,2008-09-23,https://pub.smpte.org/doc/st2010/,https://pub.smpte.org/doc/st2010/20080923-pub/
ST 2016-1,Format for Active Format Description and Bar Data,ST,"IP, networking, and remote control",ST 2016,IP Video; Networking; PTP; RTP,Format for Active Format Description and Bar Data; IP Video; Networking; precision time protocol; PTP; real-time transport protocol; RTP; smpte 2110; ST 2016; ST 2016-1; st 2110,active,1,2009-12-23,https://pub.smpte.org/doc/st2016-1/,https://pub.smpte.org/doc/st2016-1/20091223-pub/
ST 2016-2,Format for Pan-Scan Information,ST,General standards and recommended practices,ST 2016,,Format for Pan-Scan Information; ST 2016; ST 2016-2,active,2,2014-08-16,https://pub.smpte.org/doc/st2016-2/,https://pub.smpte.org/doc/st2016-2/20140816-pub/
ST 2016-3,Vertical Ancillary Data Mapping of Active Format Description and Bar Data,ST,"Video formats, interfaces, and signal transport",ST 2016,Ancillary Data; IP Video; Mapping; Networking; Payload; PTP; RTP,Ancillary Data; IP Video; Mapping; Networking; Payload; precision time protocol; PTP; real-time transport protocol; RTP; smpte 2110; ST 2016; ST 2016-3; st 2110; Vertical Ancillary Data Mapping of Active Format Description and Bar Data,active,1,2009-12-23,https://pub.smpte.org/doc/st2016-3/,https://pub.smpte.org/doc/st2016-3/20091223-pub/
ST 2016-4,Vertical Ancillary Data Mapping of Pan-Scan Information,ST,"Video formats, interfaces, and signal transport",ST 2016,Ancillary Data; Mapping; Payload,Ancillary Data; Mapping; Payload; ST 2016; ST 2016-4; Vertical Ancillary Data Mapping of Pan-Scan Information,stabilized,2,2014-08-16,https://pub.smpte.org/doc/st2016-4/,https://pub.smpte.org/doc/st2016-4/20140816-pub/
ST 2016-5,"KLV Coding for Active FormatDescription, Bar Data andPan-Scan Information",ST,"IP, networking, and remote control",ST 2016,IP Video; Networking; PTP; RTP,"IP Video; KLV Coding for Active FormatDescription, Bar Data andPan-Scan Information; Networking; precision time protocol; PTP; real-time transport protocol; RTP; smpte 2110; ST 2016; ST 2016-5; st 2110",withdrawn,1,2009-06-15,https://pub.smpte.org/doc/st2016-5/,https://pub.smpte.org/doc/st2016-5/20090615-pub/
ST 2019-1,VC-3 Picture Compression and Data Stream Format,ST,"Files, wrappers, and interchange",ST 2019,Bitstream; Codec; Compression,Bitstream; Codec; Compression; ST 2019; ST 2019-1; VC-3 Picture Compression and Data Stream Format,active,4,2022-09-28,https://pub.smpte.org/doc/st2019-1/,https://pub.smpte.org/doc/st2019-1/20220928-am1-pub/
ST 2019-3,VC-3 Type Data Stream Mapping Over SDTI,ST,"Files, wrappers, and interchange",ST 2019,Ancillary Data; Bitstream; Codec; Compression; Mapping; Payload,Ancillary Data; Bitstream; Codec; Compression; Mapping; Payload; ST 2019; ST 2019-3; VC-3 Type Data Stream Mapping Over SDTI,active,1,2008-01-15,https://pub.smpte.org/doc/st2019-3/,https://pub.smpte.org/doc/st2019-3/20080115-pub/
ST 2019-4,Mapping VC-3 Coding Units into the MXF Generic Container,ST,"Files, wrappers, and interchange",ST 2019,Ancillary Data; Bitstream; Codec; Compression; Essence; File interchange; Mapping; Material Exchange Format; MXF; Payload; Wrapper,Ancillary Data; Bitstream; Codec; Compression; Essence; File interchange; Mapping; Mapping VC-3 Coding Units into the MXF Generic Container; Material Exchange Format; MXF; Payload; ST 2019; ST 2019-4; Wrapper,active,4,2024-03-08,https://pub.smpte.org/doc/st2019-4/,https://pub.smpte.org/doc/st2019-4/20240308-am1-pub/
ST 2020-1,Format of Audio Metadata and Description of the Asynchronous Serial Bitstream Transport,ST,"Video formats, interfaces, and signal transport",ST 2020,Audio; Bitstream; Codec; Compression; Identifier; IP Video; Loudness; Metadata; Networking; PTP; Registry; RTP; Sound,Audio; Bitstream; Codec; Compression; Format of Audio Metadata and Description of the Asynchronous Serial Bitstream Transport; Identifier; IP Video; Loudness; meta data; Metadata; Networking; precision time protocol; PTP; real-time transport protocol; Registry; RTP; smpte 2110; Sound; ST 2020; ST 2020-1; st 2110,stabilized,2,2014-08-16,https://pub.smpte.org/doc/st2020-1/,https://pub.smpte.org/doc/st2020-1/20140816-pub/
ST 2020-2,Method A,ST,"Measurement, calibration, and test methods",ST 2020,Measurement,Measurement; Method A; ST 2020; ST 2020-2,active,2,2014-08-16,https://pub.smpte.org/doc/st2020-2/,https://pub.smpte.org/doc/st2020-2/20140816-pub/
ST 2020-3,Method B,ST,"Measurement, calibration, and test methods",ST 2020,Measurement,Measurement; Method B; ST 2020; ST 2020-3,stabilized,2,2014-08-16,https://pub.smpte.org/doc/st2020-3/,https://pub.smpte.org/doc/st2020-3/20140816-pub/
ST 2021,Broadcast Exchange Format (BXF),ST,"Files, wrappers, and interchange",ST 2021,Files,Broadcast Exchange Format (BXF); Files; ST 2021,active,1,2008-04-14,https://pub.smpte.org/doc/st2021/,https://pub.smpte.org/doc/st2021/20080414-pub/
ST 2021-1,Requirements and Informative Notes,ST,General standards and recommended practices,ST 2021,,Requirements and Informative Notes; ST 2021; ST 2021-1,active,4,2017-07-12,https://pub.smpte.org/doc/st2021-1/,https://pub.smpte.org/doc/st2021-1/20170712-pub/
ST 2021-2,Broadcast Exchange Format (BXF) -Protocol,ST,"Files, wrappers, and interchange",ST 2021,Files,Broadcast Exchange Format (BXF) -Protocol; Files; ST 2021; ST 2021-2,stabilized,5,2019-05-21,https://pub.smpte.org/doc/st2021-2/,https://pub.smpte.org/doc/st2021-2/20190521-pub/
ST 2021-4,Broadcast Exchange Format (BXF) Schema Documentation,ST,"Files, wrappers, and interchange",ST 2021,Files,Broadcast Exchange Format (BXF) Schema Documentation; Files; ST 2021; ST 2021-4,active,4,2023-09-15,https://pub.smpte.org/doc/st2021-4/,https://pub.smpte.org/doc/st2021-4/20230915-pub/
ST 2022-1,Forward Error Correction forReal-Time Video/AudioTransport Over IP Networks,ST,"IP, networking, and remote control",ST 2022,Audio; IP Video; Loudness; Networking; PTP; RTP; Sound,Audio; Forward Error Correction forReal-Time Video/AudioTransport Over IP Networks; IP Video; Loudness; Networking; precision time protocol; PTP; real-time transport protocol; RTP; smpte 2110; Sound; ST 2022; ST 2022-1; st 2110,active,1,2007-05-24,https://pub.smpte.org/doc/st2022-1/,https://pub.smpte.org/doc/st2022-1/20070524-pub/
ST 2022-2,Unidirectional Transport of Constant Bit Rate MPEG-2 Transport Streams on IP Networks,ST,"IP, networking, and remote control",ST 2022,Bitstream; Codec; Compression; IP Video; Networking; PTP; RTP,Bitstream; Codec; Compression; IP Video; Networking; precision time protocol; PTP; real-time transport protocol; RTP; smpte 2110; ST 2022; ST 2022-2; st 2110; Unidirectional Transport of Constant Bit Rate MPEG-2 Transport Streams on IP Networks,active,1,2007-05-24,https://pub.smpte.org/doc/st2022-2/,https://pub.smpte.org/doc/st2022-2/20070524-pub/
ST 2022-3,Unidirectional Transport of Variable Bit Rate MPEG-2 Transport Streams on IP Networks,ST,"IP, networking, and remote control",ST 2022,Bitstream; Codec; Compression; IP Video; Networking; PTP; RTP,Bitstream; Codec; Compression; IP Video; Networking; precision time protocol; PTP; real-time transport protocol; RTP; smpte 2110; ST 2022; ST 2022-3; st 2110; Unidirectional Transport of Variable Bit Rate MPEG-2 Transport Streams on IP Networks,active,2,2019-07-09,https://pub.smpte.org/doc/st2022-3/,https://pub.smpte.org/doc/st2022-3/20190709-pub/
ST 2022-4,Unidirectional Transport ofNon-Piecewise Constant Variable Bit Rate MPEG-2 Streams on IP Networks,ST,"IP, networking, and remote control",ST 2022,Bitstream; Codec; Compression; IP Video; Networking; PTP; RTP,Bitstream; Codec; Compression; IP Video; Networking; precision time protocol; PTP; real-time transport protocol; RTP; smpte 2110; ST 2022; ST 2022-4; st 2110; Unidirectional Transport ofNon-Piecewise Constant Variable Bit Rate MPEG-2 Streams on IP Networks,active,1,2011-06-08,https://pub.smpte.org/doc/st2022-4/,https://pub.smpte.org/doc/st2022-4/20110608-pub/
ST 2022-5,Forward Error Correction for Transport of High Bit Rate Media Signals over IP Networks (HBRMT),ST,"IP, networking, and remote control",ST 2022,IP Video; Networking; PTP; RTP,Forward Error Correction for Transport of High Bit Rate Media Signals over IP Networks (HBRMT); IP Video; Networking; precision time protocol; PTP; real-time transport protocol; RTP; smpte 2110; ST 2022; ST 2022-5; st 2110,active,2,2013-02-27,https://pub.smpte.org/doc/st2022-5/,https://pub.smpte.org/doc/st2022-5/20130227-pub/
ST 2022-6,Transport of High Bit Rate Media Signals over IP Networks (HBRMT),ST,"IP, networking, and remote control",ST 2022,IP Video; Networking; PTP; RTP,IP Video; Networking; precision time protocol; PTP; real-time transport protocol; RTP; smpte 2110; ST 2022; ST 2022-6; st 2110; Transport of High Bit Rate Media Signals over IP Networks (HBRMT),active,1,2012-10-09,https://pub.smpte.org/doc/st2022-6/,https://pub.smpte.org/doc/st2022-6/20121009-pub/
ST 2022-7,Seamless Protection Switching of RTP Datagrams,ST,"IP, networking, and remote control",ST 2022,IP Video; Networking; PTP; RTP,IP Video; Networking; precision time protocol; PTP; real-time transport protocol; RTP; Seamless Protection Switching of RTP Datagrams; smpte 2110; ST 2022; ST 2022-7; st 2110,active,2,2018-12-26,https://pub.smpte.org/doc/st2022-7/,https://pub.smpte.org/doc/st2022-7/20181226-pub/
ST 2022-8,Professional Media Over Managed IP Networks: Timing of ST 2022-6 Streams in ST 2110-10 Systems,ST,"IP, networking, and remote control",ST 2022,IP Video; Networking; PTP; RTP,IP Video; Networking; precision time protocol; Professional Media Over Managed IP Networks: Timing of ST 2022-6 Streams in ST 2110-10 Systems; PTP; real-time transport protocol; RTP; smpte 2110; ST 2022; ST 2022-8; st 2110,active,1,2019-02-22,https://pub.smpte.org/doc/st2022-8/,https://pub.smpte.org/doc/st2022-8/20190222-pub/
ST 2029,Uniform Resource Names for SMPTE Resources,ST,General standards and recommended practices,ST 2029,,ST 2029; Uniform Resource Names for SMPTE Resources,active,2,2022-10-12,https://pub.smpte.org/doc/st2029/,https://pub.smpte.org/doc/st2029/20221012-pub/
ST 2031,Carriage of DVB/SCTE VBI Data in VANC,ST,General standards and recommended practices,ST 2031,Ancillary Data; Mapping; Payload,Ancillary Data; Carriage of DVB/SCTE VBI Data in VANC; Mapping; Payload; ST 2031,stabilized,2,2015-01-02,https://pub.smpte.org/doc/st2031/,https://pub.smpte.org/doc/st2031/20150102-pub/
ST 2032-1,Protocol Specification,ST,General standards and recommended practices,ST 2032,,Protocol Specification; ST 2032; ST 2032-1,stabilized,1,2007-12-14,https://pub.smpte.org/doc/st2032-1/,https://pub.smpte.org/doc/st2032-1/20071214-pub/
ST 2032-2,MDP/XML/HTTP Mapping Specification,ST,"Metadata, captions, subtitles, and identifiers",ST 2032,Ancillary Data; Mapping; Payload,Ancillary Data; Mapping; MDP/XML/HTTP Mapping Specification; Payload; ST 2032; ST 2032-2,stabilized,1,2007-12-14,https://pub.smpte.org/doc/st2032-2/,https://pub.smpte.org/doc/st2032-2/20071214-pub/
ST 2032-3,Basic Target Pull Profile Specification,ST,"Files, wrappers, and interchange",ST 2032,Files,Basic Target Pull Profile Specification; Files; ST 2032; ST 2032-3,stabilized,1,2007-12-14,https://pub.smpte.org/doc/st2032-3/,https://pub.smpte.org/doc/st2032-3/20071214-pub/
ST 2034-1,Part 1: Structure & Semantics,ST,General standards and recommended practices,ST 2034,,Part 1: Structure & Semantics; ST 2034; ST 2034-1,active,2,2017-02-27,https://pub.smpte.org/doc/st2034-1/,https://pub.smpte.org/doc/st2034-1/20170227-pub/
ST 2035,Audio Channel Assignments for Digital Television Recorders (DTRs),ST,Audio,ST 2035,Audio; Loudness; Sound,Audio; Audio Channel Assignments for Digital Television Recorders (DTRs); Loudness; Sound; ST 2035,active,3,2020-10-15,https://pub.smpte.org/doc/st2035/,https://pub.smpte.org/doc/st2035/20201015-pub/
ST 2036-1,Image Parameter Values for Program Production,ST,General standards and recommended practices,ST 2036,,Image Parameter Values for Program Production; ST 2036; ST 2036-1,stabilized,3,2014-10-13,https://pub.smpte.org/doc/st2036-1/,https://pub.smpte.org/doc/st2036-1/20141013-pub/
ST 2036-2,Audio Characteristics and Audio Channel Mapping for Program Production,ST,Audio,ST 2036,Ancillary Data; Audio; Loudness; Mapping; Payload; Sound,Ancillary Data; Audio; Audio Characteristics and Audio Channel Mapping for Program Production; Loudness; Mapping; Payload; Sound; ST 2036; ST 2036-2,stabilized,1,2008-07-09,https://pub.smpte.org/doc/st2036-2/,https://pub.smpte.org/doc/st2036-2/20080709-pub/
ST 2036-3,Mapping into Single-link or Multi-link 10 Gb/s Serial Signal/Data Interface,ST,"Video formats, interfaces, and signal transport",ST 2036,Ancillary Data; Mapping; Payload; SDI; Signal transport; Video interface,Ancillary Data; Mapping; Mapping into Single-link or Multi-link 10 Gb/s Serial Signal/Data Interface; Payload; SDI; serial digital interface; Signal transport; ST 2036; ST 2036-3; Video interface,active,5,2018-04-12,https://pub.smpte.org/doc/st2036-3/,https://pub.smpte.org/doc/st2036-3/20180412-pub/
ST 2036-4,Multi-link 10 Gb/s Signal/Data Interface Using 12-Bit Width Container,ST,"Video formats, interfaces, and signal transport",ST 2036,SDI; Signal transport; Video interface,Multi-link 10 Gb/s Signal/Data Interface Using 12-Bit Width Container; SDI; serial digital interface; Signal transport; ST 2036; ST 2036-4; Video interface,active,2,2019-06-18,https://pub.smpte.org/doc/st2036-4/,https://pub.smpte.org/doc/st2036-4/20190618-pub/
ST 2037,Mapping VC-1 into the MXF Generic Container,ST,"Files, wrappers, and interchange",ST 2037,Ancillary Data; Bitstream; Codec; Compression; Essence; File interchange; Mapping; Material Exchange Format; MXF; Payload; Wrapper,Ancillary Data; Bitstream; Codec; Compression; Essence; File interchange; Mapping; Mapping VC-1 into the MXF Generic Container; Material Exchange Format; MXF; Payload; ST 2037; Wrapper,stabilized,1,2009-05-04,https://pub.smpte.org/doc/st2037/,https://pub.smpte.org/doc/st2037/20090504-pub/
ST 2038,Carriage of Ancillary Data Packets in an MPEG-2 Transport Stream,ST,"Video formats, interfaces, and signal transport",ST 2038,Ancillary Data; Bitstream; Codec; Compression; Mapping; Payload,Ancillary Data; Bitstream; Carriage of Ancillary Data Packets in an MPEG-2 Transport Stream; Codec; Compression; Mapping; Payload; ST 2038,active,2,2020-12-02,https://pub.smpte.org/doc/st2038/,https://pub.smpte.org/doc/st2038/20201202-pub/
ST 2041-1,"Format for Non-PCM Audioin AES3 —MPEG Layer I, II, and III Audio",ST,Audio,ST 2041,Audio; Bitstream; Codec; Compression; Loudness; Sound,"Audio; Bitstream; Codec; Compression; Format for Non-PCM Audioin AES3 —MPEG Layer I, II, and III Audio; Loudness; Sound; ST 2041; ST 2041-1",active,1,2010-08-02,https://pub.smpte.org/doc/st2041-1/,https://pub.smpte.org/doc/st2041-1/20100802-pub/
ST 2041-2,MPEG-2 AAC and HE AAC Audio in ADTS,ST,Audio,ST 2041,Audio; Bitstream; Codec; Compression; Loudness; Sound,Audio; Bitstream; Codec; Compression; Loudness; MPEG-2 AAC and HE AAC Audio in ADTS; Sound; ST 2041; ST 2041-2,active,1,2010-08-02,https://pub.smpte.org/doc/st2041-2/,https://pub.smpte.org/doc/st2041-2/20100802-pub/
ST 2041-3,MPEG-4 AAC and HE AAC Compressed Digital Audio in ADTS and LATM / LOAS Wrappers,ST,"Files, wrappers, and interchange",ST 2041,Audio; Bitstream; Codec; Compression; Loudness; Sound,Audio; Bitstream; Codec; Compression; Loudness; MPEG-4 AAC and HE AAC Compressed Digital Audio in ADTS and LATM / LOAS Wrappers; Sound; ST 2041; ST 2041-3,active,1,2010-08-02,https://pub.smpte.org/doc/st2041-3/,https://pub.smpte.org/doc/st2041-3/20100802-pub/
ST 2042-1,VC-2 Video Compression,ST,"Files, wrappers, and interchange",ST 2042,Bitstream; Codec; Compression,Bitstream; Codec; Compression; ST 2042; ST 2042-1; VC-2 Video Compression,active,4,2022-04-15,https://pub.smpte.org/doc/st2042-1/,https://pub.smpte.org/doc/st2042-1/20220415-pub/
ST 2042-2,VC-2 Level Definitions,ST,"Files, wrappers, and interchange",ST 2042,Bitstream; Codec; Compression,Bitstream; Codec; Compression; ST 2042; ST 2042-2; VC-2 Level Definitions,stabilized,2,2017-11-23,https://pub.smpte.org/doc/st2042-2/,https://pub.smpte.org/doc/st2042-2/20171123-pub/
ST 2042-4,Mapping a VC-2 Stream into the MXF Generic Container,ST,"Files, wrappers, and interchange",ST 2042,Ancillary Data; Bitstream; Codec; Compression; Essence; File interchange; Mapping; Material Exchange Format; MXF; Payload; Wrapper,Ancillary Data; Bitstream; Codec; Compression; Essence; File interchange; Mapping; Mapping a VC-2 Stream into the MXF Generic Container; Material Exchange Format; MXF; Payload; ST 2042; ST 2042-4; Wrapper,active,2,2018-11-20,https://pub.smpte.org/doc/st2042-4/,https://pub.smpte.org/doc/st2042-4/20181120-pub/
ST 2045,Register Interchange Format,ST,"Files, wrappers, and interchange",ST 2045,Files,Files; Register Interchange Format; ST 2045,withdrawn,1,2010-09-03,https://pub.smpte.org/doc/st2045/,https://pub.smpte.org/doc/st2045/20100903-pub/
ST 2046-1,Specifications for Safe Action and Safe Title Areasfor Television,ST,"Video formats, interfaces, and signal transport",ST 2046,Video formats,Specifications for Safe Action and Safe Title Areasfor Television; ST 2046; ST 2046-1; Video formats,active,1,2009-11-23,https://pub.smpte.org/doc/st2046-1/,https://pub.smpte.org/doc/st2046-1/20091123-pub/
ST 2047-2,Carriage of VC-2 CompressedVideo over HD-SDI,ST,"Video formats, interfaces, and signal transport",ST 2047,Bitstream; Codec; Compression; SDI; Signal transport; Video interface,Bitstream; Carriage of VC-2 CompressedVideo over HD-SDI; Codec; Compression; SDI; serial digital interface; Signal transport; ST 2047; ST 2047-2; Video interface,active,1,2010-01-12,https://pub.smpte.org/doc/st2047-2/,https://pub.smpte.org/doc/st2047-2/20100112-pub/
ST 2047-4,Carriage of Level 65 VC-2 Compressed VideoOver the SDTV SDI,ST,"Video formats, interfaces, and signal transport",ST 2047,Bitstream; Codec; Compression; SDI; Signal transport; Video interface,Bitstream; Carriage of Level 65 VC-2 Compressed VideoOver the SDTV SDI; Codec; Compression; SDI; serial digital interface; Signal transport; ST 2047; ST 2047-4; Video interface,active,1,2011-06-30,https://pub.smpte.org/doc/st2047-4/,https://pub.smpte.org/doc/st2047-4/20110630-pub/
ST 2048-1,2048 × 1080 and 4096 × 2160 Digital Cinematography Production Image Formats FS/709,ST,"Cinema, film, projection, and mastering",ST 2048,Cinema package; D-Cinema; DCP; Digital Cinema,2048 × 1080 and 4096 × 2160 Digital Cinematography Production Image Formats FS/709; Cinema package; D-Cinema; DCP; digital cinema; digital cinema package; ST 2048; ST 2048-1,active,3,2024-08-28,https://pub.smpte.org/doc/st2048-1/,https://pub.smpte.org/doc/st2048-1/20240828-pub/
ST 2048-2,2048 × 1080 Digital Cinematography Production Image FS/709 Formatting for Serial Digital Interface,ST,"Cinema, film, projection, and mastering",ST 2048,Cinema package; D-Cinema; DCP; Digital Cinema; SDI; Signal transport; Video interface,2048 × 1080 Digital Cinematography Production Image FS/709 Formatting for Serial Digital Interface; Cinema package; D-Cinema; DCP; digital cinema; digital cinema package; SDI; serial digital interface; Signal transport; ST 2048; ST 2048-2; Video interface,active,2,2024-08-28,https://pub.smpte.org/doc/st2048-2/,https://pub.smpte.org/doc/st2048-2/20240828-pub/
ST 2048-3,Mapping into Multi-link 10 Gb/s Serial Signal/Data Interface,ST,"Video formats, interfaces, and signal transport",ST 2048,Ancillary Data; Mapping; Payload; SDI; Signal transport; Video interface,Ancillary Data; Mapping; Mapping into Multi-link 10 Gb/s Serial Signal/Data Interface; Payload; SDI; serial digital interface; Signal transport; ST 2048; ST 2048-3; Video interface,active,2,2024-08-28,https://pub.smpte.org/doc/st2048-3/,https://pub.smpte.org/doc/st2048-3/20240828-pub/
ST 2049,Low Latency Streaming MXF OP 1a,ST,"Files, wrappers, and interchange",ST 2049,Essence; File interchange; Material Exchange Format; MXF; Wrapper,Essence; File interchange; Low Latency Streaming MXF OP 1a; Material Exchange Format; MXF; ST 2049; Wrapper,active,1,2012-04-24,https://pub.smpte.org/doc/st2049/,https://pub.smpte.org/doc/st2049/20120424-pub/
ST 2051,"Two-Frame Marker for 48(/1.001)-Hz, 50-Hz, and 60(/1.001)-Hz Progressive Digital Video Signals on 1.5 Gb/s and 3 Gb/s Interfaces",ST,"Video formats, interfaces, and signal transport",ST 2051,SDI; Signal transport; Video interface,"SDI; serial digital interface; Signal transport; ST 2051; Two-Frame Marker for 48(/1.001)-Hz, 50-Hz, and 60(/1.001)-Hz Progressive Digital Video Signals on 1.5 Gb/s and 3 Gb/s Interfaces; Video interface",stabilized,3,2014-02-20,https://pub.smpte.org/doc/st2051/,https://pub.smpte.org/doc/st2051/20140220-pub/
ST 2052-1,Timed Text Format (SMPTE-TT),ST,General standards and recommended practices,ST 2052,,ST 2052; ST 2052-1; Timed Text Format (SMPTE-TT),stabilized,2,2013-06-05,https://pub.smpte.org/doc/st2052-1/,https://pub.smpte.org/doc/st2052-1/20130605-pub/
ST 2053,"Media Package for Storage, Distribution and Playback of Multimedia File Sets and Internet Resources",ST,"Files, wrappers, and interchange",ST 2053,Archive; Recording; Storage,"Archive; Media Package for Storage, Distribution and Playback of Multimedia File Sets and Internet Resources; Recording; ST 2053; Storage",stabilized,1,2011-07-13,https://pub.smpte.org/doc/st2053/,https://pub.smpte.org/doc/st2053/20110713-pub/
ST 2056,MPEG TS Packets Carried in VANC,ST,"Files, wrappers, and interchange",ST 2056,Ancillary Data; Bitstream; Codec; Compression; Mapping; Payload,Ancillary Data; Bitstream; Codec; Compression; Mapping; MPEG TS Packets Carried in VANC; Payload; ST 2056,active,1,2011-06-29,https://pub.smpte.org/doc/st2056/,https://pub.smpte.org/doc/st2056/20110629-pub/
ST 2058-1,VC-4 Layered Video Extension Bitstream Format and Decoding Process,ST,"Video formats, interfaces, and signal transport",ST 2058,Bitstream; Codec; Compression,Bitstream; Codec; Compression; ST 2058; ST 2058-1; VC-4 Layered Video Extension Bitstream Format and Decoding Process,stabilized,1,2011-03-07,https://pub.smpte.org/doc/st2058-1/,https://pub.smpte.org/doc/st2058-1/20110307-pub/
ST 2059-1,Generation and Alignment of Interface Signals to the SMPTE Epoch,ST,"Measurement, calibration, and test methods",ST 2059,Calibration; Measurement; SDI; Signal transport; Test Method; Video interface,Calibration; Generation and Alignment of Interface Signals to the SMPTE Epoch; Measurement; SDI; serial digital interface; Signal transport; ST 2059; ST 2059-1; Test Method; Video interface,active,2,2020-12-09,https://pub.smpte.org/doc/st2059-1/,https://pub.smpte.org/doc/st2059-1/20201209-pub/
ST 2059-2,SMPTE Profile for Use of IEEE-1588 Precision Time Protocol in Professional Broadcast Applications,ST,"Files, wrappers, and interchange",ST 2059,Files,Files; SMPTE Profile for Use of IEEE-1588 Precision Time Protocol in Professional Broadcast Applications; ST 2059; ST 2059-2,active,2,2020-12-09,https://pub.smpte.org/doc/st2059-2/,https://pub.smpte.org/doc/st2059-2/20201209-pub/
ST 2063,Stereoscopic 3D Full Resolution Contribution Link Based on MPEG-2 TS,ST,"Files, wrappers, and interchange",ST 2063,Bitstream; Codec; Compression,Bitstream; Codec; Compression; ST 2063; Stereoscopic 3D Full Resolution Contribution Link Based on MPEG-2 TS,active,1,2012-01-12,https://pub.smpte.org/doc/st2063/,https://pub.smpte.org/doc/st2063/20120112-pub/
ST 2064-1,Fingerprint Generation,ST,General standards and recommended practices,ST 2064,,Fingerprint Generation; ST 2064; ST 2064-1,stabilized,1,2015-10-09,https://pub.smpte.org/doc/st2064-1/,https://pub.smpte.org/doc/st2064-1/20151009-pub/
ST 2064-2,Fingerprint Transport,ST,"Video formats, interfaces, and signal transport",ST 2064,Video formats,Fingerprint Transport; ST 2064; ST 2064-2; Video formats,stabilized,1,2015-10-09,https://pub.smpte.org/doc/st2064-2/,https://pub.smpte.org/doc/st2064-2/20151009-pub/
ST 2065-1,Academy Color Encoding Specification (ACES),ST,"Color, HDR, imaging, and display",ST 2065,Color; Display; Imaging,Academy Color Encoding Specification (ACES); Color; Display; Imaging; ST 2065; ST 2065-1,active,2,2020-09-09,https://pub.smpte.org/doc/st2065-1/,https://pub.smpte.org/doc/st2065-1/20200909-pub/
ST 2065-2,"Spectral Responsivities, Reference Measurement Device and Spectral Calculation",ST,"Measurement, calibration, and test methods",ST 2065,Calibration; Measurement; Test Method,"Calibration; Measurement; Spectral Responsivities, Reference Measurement Device and Spectral Calculation; ST 2065; ST 2065-2; Test Method",active,2,2020-05-27,https://pub.smpte.org/doc/st2065-2/,https://pub.smpte.org/doc/st2065-2/20200527-pub/
ST 2065-3,Encoding Academy Printing Density (APD) Values,ST,General standards and recommended practices,ST 2065,,Encoding Academy Printing Density (APD) Values; ST 2065; ST 2065-3,active,2,2020-09-09,https://pub.smpte.org/doc/st2065-3/,https://pub.smpte.org/doc/st2065-3/20200909-pub/
ST 2065-4,ACES Image Container File Layout,ST,"Files, wrappers, and interchange",ST 2065,Files,ACES Image Container File Layout; Files; ST 2065; ST 2065-4,active,2,2022-04-04,https://pub.smpte.org/doc/st2065-4/,https://pub.smpte.org/doc/st2065-4/20220404-pub/
ST 2065-5,Mapping ACES Image Sequences into the MXF Generic Container,ST,"Files, wrappers, and interchange",ST 2065,Ancillary Data; Essence; File interchange; Mapping; Material Exchange Format; MXF; Payload; Wrapper,Ancillary Data; Essence; File interchange; Mapping; Mapping ACES Image Sequences into the MXF Generic Container; Material Exchange Format; MXF; Payload; ST 2065; ST 2065-5; Wrapper,active,2,2023-02-28,https://pub.smpte.org/doc/st2065-5/,https://pub.smpte.org/doc/st2065-5/20230228-pub/
ST 2066,Disparity Map Representation for Stereoscopic 3D,ST,General standards and recommended practices,ST 2066,,Disparity Map Representation for Stereoscopic 3D; ST 2066,stabilized,1,2012-08-02,https://pub.smpte.org/doc/st2066/,https://pub.smpte.org/doc/st2066/20120802-pub/
ST 2067-2,Core Constraints,ST,General standards and recommended practices,ST 2067,File interchange; IMF; Interoperable Master Format; Mastering,Core Constraints; File interchange; IMF; interoperable master format; Mastering; ST 2067; ST 2067-2,active,3,2020-04-07,https://pub.smpte.org/doc/st2067-2/,https://pub.smpte.org/doc/st2067-2/20200407-pub/
ST 2067-3,Composition Playlist,ST,"Cinema, film, projection, and mastering",ST 2067,Cinema package; D-Cinema; DCP; Digital Cinema; File interchange; IMF; Interoperable Master Format; Mastering,Cinema package; Composition Playlist; D-Cinema; DCP; digital cinema; digital cinema package; File interchange; IMF; interoperable master format; Mastering; ST 2067; ST 2067-3,active,3,2020-04-07,https://pub.smpte.org/doc/st2067-3/,https://pub.smpte.org/doc/st2067-3/20200407-pub/
ST 2067-5,Essence Component,ST,"Files, wrappers, and interchange",ST 2067,File interchange; IMF; Interoperable Master Format; Mastering,Essence Component; File interchange; IMF; interoperable master format; Mastering; ST 2067; ST 2067-5,active,3,2020-04-07,https://pub.smpte.org/doc/st2067-5/,https://pub.smpte.org/doc/st2067-5/20200407-pub/
ST 2067-8,Common Audio Labels,ST,Audio,ST 2067,Audio; File interchange; Identifier; IMF; Interoperable Master Format; Loudness; Mastering; Metadata; Registry; Sound,Audio; Common Audio Labels; File interchange; Identifier; IMF; interoperable master format; Loudness; Mastering; meta data; Metadata; Registry; Sound; ST 2067; ST 2067-8,stabilized,1,2013-08-29,https://pub.smpte.org/doc/st2067-8/,https://pub.smpte.org/doc/st2067-8/20130829-pub/
ST 2067-9,Sidecar Composition Map,ST,General standards and recommended practices,ST 2067,File interchange; IMF; Interoperable Master Format; Mastering,File interchange; IMF; interoperable master format; Mastering; Sidecar Composition Map; ST 2067; ST 2067-9,stabilized,1,2018-05-22,https://pub.smpte.org/doc/st2067-9/,https://pub.smpte.org/doc/st2067-9/20180522-pub/
ST 2067-20,Application #2,ST,General standards and recommended practices,ST 2067,File interchange; IMF; Interoperable Master Format; Mastering,Application #2; File interchange; IMF; interoperable master format; Mastering; ST 2067; ST 2067-20,withdrawn,2,2016-05-18,https://pub.smpte.org/doc/st2067-20/,https://pub.smpte.org/doc/st2067-20/20160518-pub/
ST 2067-21,Application #2E,ST,General standards and recommended practices,ST 2067,File interchange; IMF; Interoperable Master Format; Mastering,Application #2E; File interchange; IMF; interoperable master format; Mastering; ST 2067; ST 2067-21,active,5,2022-11-24,https://pub.smpte.org/doc/st2067-21/,https://pub.smpte.org/doc/st2067-21/20221124-pub/
ST 2067-30,Application #3,ST,General standards and recommended practices,ST 2067,File interchange; IMF; Interoperable Master Format; Mastering,Application #3; File interchange; IMF; interoperable master format; Mastering; ST 2067; ST 2067-30,stabilized,1,2013-08-29,https://pub.smpte.org/doc/st2067-30/,https://pub.smpte.org/doc/st2067-30/20130829-pub/
ST 2067-40,Application #4 Cinema Mezzanine,ST,"Cinema, film, projection, and mastering",ST 2067,File interchange; IMF; Interoperable Master Format; Mastering,Application #4 Cinema Mezzanine; File interchange; IMF; interoperable master format; Mastering; ST 2067; ST 2067-40,active,3,2021-07-01,https://pub.smpte.org/doc/st2067-40/,https://pub.smpte.org/doc/st2067-40/20210701-pub/
ST 2067-50,Application #5 ACES,ST,General standards and recommended practices,ST 2067,File interchange; IMF; Interoperable Master Format; Mastering,Application #5 ACES; File interchange; IMF; interoperable master format; Mastering; ST 2067; ST 2067-50,active,1,2018-02-12,https://pub.smpte.org/doc/st2067-50/,https://pub.smpte.org/doc/st2067-50/20180212-pub/
ST 2067-60,Application #6 UHDTV Program Workflow (AVC),ST,"Files, wrappers, and interchange",ST 2067,Bitstream; Codec; Compression; File interchange; IMF; Interoperable Master Format; Mastering,Application #6 UHDTV Program Workflow (AVC); Bitstream; Codec; Compression; File interchange; IMF; interoperable master format; Mastering; ST 2067; ST 2067-60,active,1,2022-05-25,https://pub.smpte.org/doc/st2067-60/,https://pub.smpte.org/doc/st2067-60/20220525-pub/
ST 2067-70,Application SMPTE ST 2019-1 (VC-3),ST,"Files, wrappers, and interchange",ST 2067,Bitstream; Codec; Compression; File interchange; IMF; Interoperable Master Format; Mastering,Application SMPTE ST 2019-1 (VC-3); Bitstream; Codec; Compression; File interchange; IMF; interoperable master format; Mastering; ST 2067; ST 2067-70,active,1,2024-08-21,https://pub.smpte.org/doc/st2067-70/,https://pub.smpte.org/doc/st2067-70/20240821-pub/
ST 2067-71,Application SMPTE ST 2117-1 (VC-6),ST,"Files, wrappers, and interchange",ST 2067,Bitstream; Codec; Compression; File interchange; IMF; Interoperable Master Format; Mastering,Application SMPTE ST 2117-1 (VC-6); Bitstream; Codec; Compression; File interchange; IMF; interoperable master format; Mastering; ST 2067; ST 2067-71,active,1,2024-07-01,https://pub.smpte.org/doc/st2067-71/,https://pub.smpte.org/doc/st2067-71/20240701-pub/
ST 2067-100,Output Profile List,ST,"Files, wrappers, and interchange",ST 2067,File interchange; IMF; Interoperable Master Format; Mastering,File interchange; IMF; interoperable master format; Mastering; Output Profile List; ST 2067; ST 2067-100,active,1,2014-12-12,https://pub.smpte.org/doc/st2067-100/,https://pub.smpte.org/doc/st2067-100/20141212-pub/
ST 2067-101,Common Image Definitions and Macros,ST,General standards and recommended practices,ST 2067,File interchange; IMF; Interoperable Master Format; Mastering,Common Image Definitions and Macros; File interchange; IMF; interoperable master format; Mastering; ST 2067; ST 2067-101,active,2,2018-02-22,https://pub.smpte.org/doc/st2067-101/,https://pub.smpte.org/doc/st2067-101/20180222-pub/
ST 2067-102,Common Image Pixel Color Schemes,ST,"Color, HDR, imaging, and display",ST 2067,Color; Display; File interchange; Imaging; IMF; Interoperable Master Format; Mastering,Color; Common Image Pixel Color Schemes; Display; File interchange; Imaging; IMF; interoperable master format; Mastering; ST 2067; ST 2067-102,active,3,2022-04-04,https://pub.smpte.org/doc/st2067-102/,https://pub.smpte.org/doc/st2067-102/20220404-pub/
ST 2067-103,Common Audio Definition and Macros,ST,Audio,ST 2067,Audio; File interchange; IMF; Interoperable Master Format; Loudness; Mastering; Sound,Audio; Common Audio Definition and Macros; File interchange; IMF; interoperable master format; Loudness; Mastering; Sound; ST 2067; ST 2067-103,active,2,2020-11-09,https://pub.smpte.org/doc/st2067-103/,https://pub.smpte.org/doc/st2067-103/20201109-pub/
ST 2067-200,Dynamic Metadata for Color Volume Transform (DMCVT) Plug-in,ST,"Color, HDR, imaging, and display",ST 2067,Color; Display; File interchange; Identifier; Imaging; IMF; Interoperable Master Format; Mastering; Metadata; Registry,Color; Display; Dynamic Metadata for Color Volume Transform (DMCVT) Plug-in; File interchange; Identifier; Imaging; IMF; interoperable master format; Mastering; meta data; Metadata; Registry; ST 2067; ST 2067-200,active,1,2018-06-09,https://pub.smpte.org/doc/st2067-200/,https://pub.smpte.org/doc/st2067-200/20180609-pub/
ST 2067-201,Immersive Audio Bitstream Level 0 Plug-in,ST,Audio,ST 2067,Audio; Bitstream; Codec; Compression; File interchange; IMF; Interoperable Master Format; Loudness; Mastering; Sound,Audio; Bitstream; Codec; Compression; File interchange; IMF; Immersive Audio Bitstream Level 0 Plug-in; interoperable master format; Loudness; Mastering; Sound; ST 2067; ST 2067-201,active,3,2026-03-25,https://pub.smpte.org/doc/st2067-201/,https://pub.smpte.org/doc/st2067-201/20260325-pub/
ST 2067-202,Isochronous Stream of XML Documents (ISXD) Plug-in,ST,"Metadata, captions, subtitles, and identifiers",ST 2067,File interchange; IMF; Interoperable Master Format; Mastering,File interchange; IMF; interoperable master format; Isochronous Stream of XML Documents (ISXD) Plug-in; Mastering; ST 2067; ST 2067-202,active,1,2022-11-24,https://pub.smpte.org/doc/st2067-202/,https://pub.smpte.org/doc/st2067-202/20221124-pub/
ST 2067-203,Audio with Frame-based S-ADM Metadata Plug-in,ST,Audio,ST 2067,Audio; File interchange; Identifier; IMF; Interoperable Master Format; Loudness; Mastering; Metadata; Registry; Sound,Audio; Audio with Frame-based S-ADM Metadata Plug-in; File interchange; Identifier; IMF; interoperable master format; Loudness; Mastering; meta data; Metadata; Registry; Sound; ST 2067; ST 2067-203,active,1,2023-09-27,https://pub.smpte.org/doc/st2067-203/,https://pub.smpte.org/doc/st2067-203/20230927-pub/
ST 2067-204,Audio with ADM Metadata Plug-in,ST,Audio,ST 2067,Audio; File interchange; Identifier; IMF; Interoperable Master Format; Loudness; Mastering; Metadata; Registry; Sound,Audio; Audio with ADM Metadata Plug-in; File interchange; Identifier; IMF; interoperable master format; Loudness; Mastering; meta data; Metadata; Registry; Sound; ST 2067; ST 2067-204,active,1,2026-05-27,https://pub.smpte.org/doc/st2067-204/,https://pub.smpte.org/doc/st2067-204/20260527-pub/
ST 2068,Stereoscopic 3D Frame Compatible Packing and Signaling for HDTV,ST,General standards and recommended practices,ST 2068,,ST 2068; Stereoscopic 3D Frame Compatible Packing and Signaling for HDTV,stabilized,1,2013-07-09,https://pub.smpte.org/doc/st2068/,https://pub.smpte.org/doc/st2068/20130709-pub/
ST 2070-1,Common Provisions,ST,General standards and recommended practices,ST 2070,,Common Provisions; ST 2070; ST 2070-1,active,1,2014-05-13,https://pub.smpte.org/doc/st2070-1/,https://pub.smpte.org/doc/st2070-1/20140513-pub/
ST 2070-2,OP1a Mapping,ST,"Video formats, interfaces, and signal transport",ST 2070,Ancillary Data; Mapping; Payload,Ancillary Data; Mapping; OP1a Mapping; Payload; ST 2070; ST 2070-2,active,1,2014-05-13,https://pub.smpte.org/doc/st2070-2/,https://pub.smpte.org/doc/st2070-2/20140513-pub/
ST 2070-3,OP-Atom or Single Track OP-1a Mapping,ST,"Video formats, interfaces, and signal transport",ST 2070,Ancillary Data; Mapping; Payload,Ancillary Data; Mapping; OP-Atom or Single Track OP-1a Mapping; Payload; ST 2070; ST 2070-3,active,1,2014-05-13,https://pub.smpte.org/doc/st2070-3/,https://pub.smpte.org/doc/st2070-3/20140513-pub/
ST 2071-1,Media Device Control Framework (MDCF),ST,General standards and recommended practices,ST 2071,,Media Device Control Framework (MDCF); ST 2071; ST 2071-1,stabilized,3,2016-05-19,https://pub.smpte.org/doc/st2071-1/,https://pub.smpte.org/doc/st2071-1/20160519-pub/
ST 2071-2,Media Device Control Protocol (MDCP),ST,"Cinema, film, projection, and mastering",ST 2071,Cinema package; D-Cinema; DCP; Digital Cinema,Cinema package; D-Cinema; DCP; digital cinema; digital cinema package; Media Device Control Protocol (MDCP); ST 2071; ST 2071-2,stabilized,3,2016-05-19,https://pub.smpte.org/doc/st2071-2/,https://pub.smpte.org/doc/st2071-2/20160519-pub/
ST 2071-3,Media Device Control Discovery (MDCD),ST,General standards and recommended practices,ST 2071,,Media Device Control Discovery (MDCD); ST 2071; ST 2071-3,stabilized,1,2014-05-13,https://pub.smpte.org/doc/st2071-3/,https://pub.smpte.org/doc/st2071-3/20140513-pub/
ST 2073-1,Part 1: Elementary Bitstream,ST,"Video formats, interfaces, and signal transport",ST 2073,Bitstream; Codec; Compression,Bitstream; Codec; Compression; Part 1: Elementary Bitstream; ST 2073; ST 2073-1,stabilized,2,2017-04-05,https://pub.smpte.org/doc/st2073-1/,https://pub.smpte.org/doc/st2073-1/20170405-pub/
ST 2073-3,Part 3: Image Formats,ST,General standards and recommended practices,ST 2073,,Part 3: Image Formats; ST 2073; ST 2073-3,active,1,2015-01-02,https://pub.smpte.org/doc/st2073-3/,https://pub.smpte.org/doc/st2073-3/20150102-pub/
ST 2073-4,Part 4: Subsampled Color Difference Components,ST,"Color, HDR, imaging, and display",ST 2073,Color; Display; Imaging,Color; Display; Imaging; Part 4: Subsampled Color Difference Components; ST 2073; ST 2073-4,active,1,2015-01-02,https://pub.smpte.org/doc/st2073-4/,https://pub.smpte.org/doc/st2073-4/20150102-pub/
ST 2073-5,Part 5: Layers,ST,General standards and recommended practices,ST 2073,,Part 5: Layers; ST 2073; ST 2073-5,stabilized,1,2015-10-23,https://pub.smpte.org/doc/st2073-5/,https://pub.smpte.org/doc/st2073-5/20151023-pub/
ST 2073-6,Part 6: Sections,ST,General standards and recommended practices,ST 2073,,Part 6: Sections; ST 2073; ST 2073-6,stabilized,1,2015-10-23,https://pub.smpte.org/doc/st2073-6/,https://pub.smpte.org/doc/st2073-6/20151023-pub/
ST 2073-7,VC-5 Video Essence Part 7. Metadata,ST,"Files, wrappers, and interchange",ST 2073,Bitstream; Codec; Compression; Identifier; Metadata; Registry,Bitstream; Codec; Compression; Identifier; meta data; Metadata; Registry; ST 2073; ST 2073-7; VC-5 Video Essence Part 7. Metadata,active,1,2022-02-08,https://pub.smpte.org/doc/st2073-7/,https://pub.smpte.org/doc/st2073-7/20220208-pub/
ST 2073-10,Mapping VC-5 Video Essence into the MXF Generic Container,ST,"Files, wrappers, and interchange",ST 2073,Ancillary Data; Bitstream; Codec; Compression; Essence; File interchange; Mapping; Material Exchange Format; MXF; Payload; Wrapper,Ancillary Data; Bitstream; Codec; Compression; Essence; File interchange; Mapping; Mapping VC-5 Video Essence into the MXF Generic Container; Material Exchange Format; MXF; Payload; ST 2073; ST 2073-10; Wrapper,active,1,2017-02-17,https://pub.smpte.org/doc/st2073-10/,https://pub.smpte.org/doc/st2073-10/20170217-pub/
ST 2075,Mapping EBU TECH 3264 (STL) into the MXF Generic Stream Container,ST,"Files, wrappers, and interchange",ST 2075,Ancillary Data; Essence; File interchange; Mapping; Material Exchange Format; MXF; Payload; Wrapper,Ancillary Data; Essence; File interchange; Mapping; Mapping EBU TECH 3264 (STL) into the MXF Generic Stream Container; Material Exchange Format; MXF; Payload; ST 2075; Wrapper,active,1,2013-06-06,https://pub.smpte.org/doc/st2075/,https://pub.smpte.org/doc/st2075/20130606-pub/
ST 2080-1,Reference White Luminance Level and Chromaticity for HDTV,ST,"Color, HDR, imaging, and display",ST 2080,Color; Display; Imaging,Color; Display; Imaging; Reference White Luminance Level and Chromaticity for HDTV; ST 2080; ST 2080-1,active,1,2014-11-24,https://pub.smpte.org/doc/st2080-1/,https://pub.smpte.org/doc/st2080-1/20141124-pub/
ST 2080-3,Reference Viewing Environment for Evaluation of HDTV Images,ST,"Measurement, calibration, and test methods",ST 2080,Measurement,Measurement; Reference Viewing Environment for Evaluation of HDTV Images; ST 2080; ST 2080-3,stabilized,1,2017-04-13,https://pub.smpte.org/doc/st2080-3/,https://pub.smpte.org/doc/st2080-3/20170413-pub/
ST 2081-1,Electrical,ST,General standards and recommended practices,ST 2081,,Electrical; ST 2081; ST 2081-1,active,3,2023-10-20,https://pub.smpte.org/doc/st2081-1/,https://pub.smpte.org/doc/st2081-1/20231020-pub/
ST 2081-10,2160-line and 1080-line Source Image and Ancillary Data Mapping for 6G-SDI,ST,"Video formats, interfaces, and signal transport",ST 2081,Ancillary Data; Mapping; Payload; SDI; Signal transport; Video interface,2160-line and 1080-line Source Image and Ancillary Data Mapping for 6G-SDI; Ancillary Data; Mapping; Payload; SDI; serial digital interface; Signal transport; ST 2081; ST 2081-10; Video interface,active,2,2018-01-02,https://pub.smpte.org/doc/st2081-10/,https://pub.smpte.org/doc/st2081-10/20180102-pub/
ST 2081-11,2160-line and 1080-line Source Image and Ancillary Data Mapping for Dual-link 6G-SDI,ST,"Video formats, interfaces, and signal transport",ST 2081,Ancillary Data; Mapping; Payload; SDI; Signal transport; Video interface,2160-line and 1080-line Source Image and Ancillary Data Mapping for Dual-link 6G-SDI; Ancillary Data; Mapping; Payload; SDI; serial digital interface; Signal transport; ST 2081; ST 2081-11; Video interface,active,2,2019-06-24,https://pub.smpte.org/doc/st2081-11/,https://pub.smpte.org/doc/st2081-11/20190624-pub/
ST 2081-12,4320-line and 2160-line Source Image and Ancillary Data Mapping for Quad-link 6G-SDI,ST,"Video formats, interfaces, and signal transport",ST 2081,Ancillary Data; Mapping; Payload; SDI; Signal transport; Video interface,4320-line and 2160-line Source Image and Ancillary Data Mapping for Quad-link 6G-SDI; Ancillary Data; Mapping; Payload; SDI; serial digital interface; Signal transport; ST 2081; ST 2081-12; Video interface,active,2,2019-06-24,https://pub.smpte.org/doc/st2081-12/,https://pub.smpte.org/doc/st2081-12/20190624-pub/
ST 2081-30,Transport of Multiple 3Gb/s or 1.5Gb/s signals on a 6G-SDI link,ST,"Video formats, interfaces, and signal transport",ST 2081,IP Video; Networking; PTP; RTP; SDI; Signal transport; Video interface,IP Video; Networking; precision time protocol; PTP; real-time transport protocol; RTP; SDI; serial digital interface; Signal transport; smpte 2110; ST 2081; ST 2081-30; st 2110; Transport of Multiple 3Gb/s or 1.5Gb/s signals on a 6G-SDI link; Video interface,active,1,2017-08-09,https://pub.smpte.org/doc/st2081-30/,https://pub.smpte.org/doc/st2081-30/20170809-pub/
ST 2082-1,Electrical,ST,General standards and recommended practices,ST 2082,,Electrical; ST 2082; ST 2082-1,active,3,2023-11-15,https://pub.smpte.org/doc/st2082-1/,https://pub.smpte.org/doc/st2082-1/20231115-pub/
ST 2082-10,2160-line and 1080-line Source Image and Ancillary Data Mapping for 12G-SDI,ST,"Video formats, interfaces, and signal transport",ST 2082,Ancillary Data; Mapping; Payload; SDI; Signal transport; Video interface,2160-line and 1080-line Source Image and Ancillary Data Mapping for 12G-SDI; Ancillary Data; Mapping; Payload; SDI; serial digital interface; Signal transport; ST 2082; ST 2082-10; Video interface,active,2,2018-01-02,https://pub.smpte.org/doc/st2082-10/,https://pub.smpte.org/doc/st2082-10/20180102-pub/
ST 2082-11,4320-line and 2160-line Source Image and Ancillary Data Mapping for Dual-link 12G-SDI,ST,"Video formats, interfaces, and signal transport",ST 2082,Ancillary Data; Mapping; Payload; SDI; Signal transport; Video interface,4320-line and 2160-line Source Image and Ancillary Data Mapping for Dual-link 12G-SDI; Ancillary Data; Mapping; Payload; SDI; serial digital interface; Signal transport; ST 2082; ST 2082-11; Video interface,active,2,2019-06-24,https://pub.smpte.org/doc/st2082-11/,https://pub.smpte.org/doc/st2082-11/20190624-pub/
ST 2082-12,4320-line and 2160-line Source Image and Ancillary Data Mapping for Quad-link 12G-SDI,ST,"Video formats, interfaces, and signal transport",ST 2082,Ancillary Data; Mapping; Payload; SDI; Signal transport; Video interface,4320-line and 2160-line Source Image and Ancillary Data Mapping for Quad-link 12G-SDI; Ancillary Data; Mapping; Payload; SDI; serial digital interface; Signal transport; ST 2082; ST 2082-12; Video interface,active,2,2019-06-24,https://pub.smpte.org/doc/st2082-12/,https://pub.smpte.org/doc/st2082-12/20190624-pub/
ST 2082-30,"Transport of Multiple 6Gb/s, 3Gb/s or 1.5Gb/s signals on a 12G-SDI link",ST,"Video formats, interfaces, and signal transport",ST 2082,IP Video; Networking; PTP; RTP; SDI; Signal transport; Video interface,"IP Video; Networking; precision time protocol; PTP; real-time transport protocol; RTP; SDI; serial digital interface; Signal transport; smpte 2110; ST 2082; ST 2082-30; st 2110; Transport of Multiple 6Gb/s, 3Gb/s or 1.5Gb/s signals on a 12G-SDI link; Video interface",active,1,2017-08-09,https://pub.smpte.org/doc/st2082-30/,https://pub.smpte.org/doc/st2082-30/20170809-pub/
ST 2084,High Dynamic Range Electro-Optical Transfer Function of Mastering Reference Displays,ST,"Color, HDR, imaging, and display",ST 2084,Color; Display; HDR; Imaging; Perceptual Quantizer; PQ,Color; Display; HDR; high dynamic range; High Dynamic Range Electro-Optical Transfer Function of Mastering Reference Displays; Imaging; Perceptual Quantizer; PQ; ST 2084,stabilized,1,2014-08-16,https://pub.smpte.org/doc/st2084/,https://pub.smpte.org/doc/st2084/20140816-pub/
ST 2085,Y′D′ZD′X Color-Difference Computations for High Dynamic Range X′Y′Z′ Signals,ST,"Color, HDR, imaging, and display",ST 2085,Color; Display; HDR; Imaging; Perceptual Quantizer; PQ,Color; Display; HDR; high dynamic range; Imaging; Perceptual Quantizer; PQ; ST 2085; Y′D′ZD′X Color-Difference Computations for High Dynamic Range X′Y′Z′ Signals,stabilized,1,2015-03-26,https://pub.smpte.org/doc/st2085/,https://pub.smpte.org/doc/st2085/20150326-pub/
ST 2086,Mastering Display Color Volume Metadata Supporting High Luminance and Wide Color Gamut Images,ST,"Color, HDR, imaging, and display",ST 2086,Color; Display; Identifier; Imaging; Metadata; Registry,Color; Display; Identifier; Imaging; Mastering Display Color Volume Metadata Supporting High Luminance and Wide Color Gamut Images; meta data; Metadata; Registry; ST 2086,stabilized,2,2018-04-09,https://pub.smpte.org/doc/st2086/,https://pub.smpte.org/doc/st2086/20180409-pub/
ST 2087,Depth Map Representation,ST,General standards and recommended practices,ST 2087,,Depth Map Representation; ST 2087,stabilized,1,2016-07-29,https://pub.smpte.org/doc/st2087/,https://pub.smpte.org/doc/st2087/20160729-pub/
ST 2088,Essence Element Key Register Structure,ST,"Files, wrappers, and interchange",ST 2088,Files,Essence Element Key Register Structure; Files; ST 2088,stabilized,1,2019-07-09,https://pub.smpte.org/doc/st2088/,https://pub.smpte.org/doc/st2088/20190709-pub/
ST 2091-1,Ruggedized Fiber-Optic Connectors for HDTV and UHDTV SDI,ST,"Video formats, interfaces, and signal transport",ST 2091,SDI; Signal transport; Video interface,Ruggedized Fiber-Optic Connectors for HDTV and UHDTV SDI; SDI; serial digital interface; Signal transport; ST 2091; ST 2091-1; Video interface,active,1,2017-01-06,https://pub.smpte.org/doc/st2091-1/,https://pub.smpte.org/doc/st2091-1/20170106-pub/
ST 2094-1,Core Components,ST,General standards and recommended practices,ST 2094,,Core Components; ST 2094; ST 2094-1,stabilized,1,2016-05-18,https://pub.smpte.org/doc/st2094-1/,https://pub.smpte.org/doc/st2094-1/20160518-pub/
ST 2094-2,KLV Encoding and MXF Mapping,ST,"Files, wrappers, and interchange",ST 2094,Ancillary Data; Essence; File interchange; Mapping; Material Exchange Format; MXF; Payload; Wrapper,Ancillary Data; Essence; File interchange; KLV Encoding and MXF Mapping; Mapping; Material Exchange Format; MXF; Payload; ST 2094; ST 2094-2; Wrapper,active,2,2023-04-05,https://pub.smpte.org/doc/st2094-2/,https://pub.smpte.org/doc/st2094-2/20230405-pub/
ST 2094-10,Application #1,ST,General standards and recommended practices,ST 2094,,Application #1; ST 2094; ST 2094-10,stabilized,2,2020-12-02,https://pub.smpte.org/doc/st2094-10/,https://pub.smpte.org/doc/st2094-10/20201202-pub/
ST 2094-20,Application #2,ST,General standards and recommended practices,ST 2094,,Application #2; ST 2094; ST 2094-20,stabilized,1,2016-07-06,https://pub.smpte.org/doc/st2094-20/,https://pub.smpte.org/doc/st2094-20/20160706-pub/
ST 2094-30,Application #3,ST,General standards and recommended practices,ST 2094,,Application #3; ST 2094; ST 2094-30,stabilized,1,2016-07-06,https://pub.smpte.org/doc/st2094-30/,https://pub.smpte.org/doc/st2094-30/20160706-pub/
ST 2094-40,Application #4,ST,General standards and recommended practices,ST 2094,,Application #4; ST 2094; ST 2094-40,stabilized,2,2020-04-09,https://pub.smpte.org/doc/st2094-40/,https://pub.smpte.org/doc/st2094-40/20200409-pub/
ST 2094-60,Application #6,ST,General standards and recommended practices,ST 2094,,Application #6; ST 2094; ST 2094-60,active,1,2025-12-09,https://pub.smpte.org/doc/st2094-60/,https://pub.smpte.org/doc/st2094-60/20251209-pub/
ST 2095-1,Calibration Reference Wideband Digital Pink Noise Signal,ST,"Measurement, calibration, and test methods",ST 2095,Calibration; Measurement; Test Method,Calibration; Calibration Reference Wideband Digital Pink Noise Signal; Measurement; ST 2095; ST 2095-1; Test Method,active,2,2023-09-27,https://pub.smpte.org/doc/st2095-1/,https://pub.smpte.org/doc/st2095-1/20230927-pub/
ST 2098-1,Immersive Audio Metadata,ST,Audio,ST 2098,Audio; Identifier; Loudness; Metadata; Registry; Sound,Audio; Identifier; Immersive Audio Metadata; Loudness; meta data; Metadata; Registry; Sound; ST 2098; ST 2098-1,active,1,2018-06-18,https://pub.smpte.org/doc/st2098-1/,https://pub.smpte.org/doc/st2098-1/20180618-pub/
ST 2098-2,Immersive Audio Bitstream Specification,ST,Audio,ST 2098,Audio; Bitstream; Codec; Compression; Loudness; Sound,Audio; Bitstream; Codec; Compression; Immersive Audio Bitstream Specification; Loudness; Sound; ST 2098; ST 2098-2,active,3,2022-05-25,https://pub.smpte.org/doc/st2098-2/,https://pub.smpte.org/doc/st2098-2/20220525-pub/
ST 2098-5,D-Cinema Immersive Audio Channels and Soundfield Groups,ST,Audio,ST 2098,Audio; Cinema package; D-Cinema; DCP; Digital Cinema; Loudness; Sound,Audio; Cinema package; D-Cinema; D-Cinema Immersive Audio Channels and Soundfield Groups; DCP; digital cinema; digital cinema package; Loudness; Sound; ST 2098; ST 2098-5,active,1,2018-02-15,https://pub.smpte.org/doc/st2098-5/,https://pub.smpte.org/doc/st2098-5/20180215-pub/
ST 2100-1,Definition and Representation of Haptic-Tactile Essence for Broadcast Production Applications,ST,"Files, wrappers, and interchange",ST 2100,Files,Definition and Representation of Haptic-Tactile Essence for Broadcast Production Applications; Files; ST 2100; ST 2100-1,stabilized,1,2017-06-27,https://pub.smpte.org/doc/st2100-1/,https://pub.smpte.org/doc/st2100-1/20170627-pub/
ST 2101,Format for Non-PCM Audio and Data in AES3 - AC-4 Data Type,ST,Audio,ST 2101,Audio; Loudness; Sound,Audio; Format for Non-PCM Audio and Data in AES3 - AC-4 Data Type; Loudness; Sound; ST 2101,active,1,2015-11-06,https://pub.smpte.org/doc/st2101/,https://pub.smpte.org/doc/st2101/20151106-pub/
ST 2102,SMPTE Core Metadata,ST,"Metadata, captions, subtitles, and identifiers",ST 2102,Identifier; Metadata; Registry,Identifier; meta data; Metadata; Registry; SMPTE Core Metadata; ST 2102,active,1,2017-10-23,https://pub.smpte.org/doc/st2102/,https://pub.smpte.org/doc/st2102/20171023-pub/
ST 2106,Format for Non-PCM Audio in AES3 - Type17 Compressed Audio,ST,Audio,ST 2106,Audio; Loudness; Sound,Audio; Format for Non-PCM Audio in AES3 - Type17 Compressed Audio; Loudness; Sound; ST 2106,active,1,2016-07-15,https://pub.smpte.org/doc/st2106/,https://pub.smpte.org/doc/st2106/20160715-pub/
ST 2108-1,HDR/WCG Metadata Packing and Signaling in the Vertical Ancillary Data Space,ST,"Color, HDR, imaging, and display",ST 2108,Ancillary Data; Display; HDR; Identifier; Mapping; Metadata; Payload; Perceptual Quantizer; PQ; Registry,Ancillary Data; Display; HDR; HDR/WCG Metadata Packing and Signaling in the Vertical Ancillary Data Space; high dynamic range; Identifier; Mapping; meta data; Metadata; Payload; Perceptual Quantizer; PQ; Registry; ST 2108; ST 2108-1,active,1,2018-08-30,https://pub.smpte.org/doc/st2108-1/,https://pub.smpte.org/doc/st2108-1/20180830-pub/
ST 2108-2,Vertical Ancillary Data Mapping of KLV Formatted HDR/WCG Metadata,ST,"Video formats, interfaces, and signal transport",ST 2108,Ancillary Data; Display; HDR; Identifier; Mapping; Metadata; Payload; Perceptual Quantizer; PQ; Registry,Ancillary Data; Display; HDR; high dynamic range; Identifier; Mapping; meta data; Metadata; Payload; Perceptual Quantizer; PQ; Registry; ST 2108; ST 2108-2; Vertical Ancillary Data Mapping of KLV Formatted HDR/WCG Metadata,active,1,2019-05-28,https://pub.smpte.org/doc/st2108-2/,https://pub.smpte.org/doc/st2108-2/20190528-pub/
ST 2109,Format for Non-PCM Audio and Data in AES3 — Audio Metadata,ST,Audio,ST 2109,Audio; Identifier; Loudness; Metadata; Registry; Sound,Audio; Format for Non-PCM Audio and Data in AES3 — Audio Metadata; Identifier; Loudness; meta data; Metadata; Registry; Sound; ST 2109,active,1,2019-07-09,https://pub.smpte.org/doc/st2109/,https://pub.smpte.org/doc/st2109/20190709-pub/
ST 2110-10,System Timing and Definitions,ST,General standards and recommended practices,ST 2110,IP Video; Networking; PTP; RTP,IP Video; Networking; precision time protocol; PTP; real-time transport protocol; RTP; smpte 2110; ST 2110; ST 2110-10; System Timing and Definitions,active,2,2022-03-28,https://pub.smpte.org/doc/st2110-10/,https://pub.smpte.org/doc/st2110-10/20220328-pub/
ST 2110-20,Uncompressed Active Video,ST,"Video formats, interfaces, and signal transport",ST 2110,IP Video; Networking; PTP; RTP,IP Video; Networking; precision time protocol; PTP; real-time transport protocol; RTP; smpte 2110; ST 2110; ST 2110-20; Uncompressed Active Video,active,2,2022-12-14,https://pub.smpte.org/doc/st2110-20/,https://pub.smpte.org/doc/st2110-20/20221214-pub/
ST 2110-21,Traffic Shaping and Delivery Timing for Video,ST,"Video formats, interfaces, and signal transport",ST 2110,IP Video; Networking; PTP; RTP,IP Video; Networking; precision time protocol; PTP; real-time transport protocol; RTP; smpte 2110; ST 2110; ST 2110-21; Traffic Shaping and Delivery Timing for Video,active,2,2022-12-14,https://pub.smpte.org/doc/st2110-21/,https://pub.smpte.org/doc/st2110-21/20221214-pub/
ST 2110-22,Constant Bit-Rate Compressed Video,ST,"Video formats, interfaces, and signal transport",ST 2110,IP Video; Networking; PTP; RTP,Constant Bit-Rate Compressed Video; IP Video; Networking; precision time protocol; PTP; real-time transport protocol; RTP; smpte 2110; ST 2110; ST 2110-22,active,2,2022-03-31,https://pub.smpte.org/doc/st2110-22/,https://pub.smpte.org/doc/st2110-22/20220331-pub/
ST 2110-30,PCM Digital Audio,ST,Audio,ST 2110,Audio; IP Video; Loudness; Networking; PTP; RTP; Sound,Audio; IP Video; Loudness; Networking; PCM Digital Audio; precision time protocol; PTP; real-time transport protocol; RTP; smpte 2110; Sound; ST 2110; ST 2110-30,active,2,2025-10-01,https://pub.smpte.org/doc/st2110-30/,https://pub.smpte.org/doc/st2110-30/20251001-pub/
ST 2110-31,AES3 Transparent Transport,ST,Audio,ST 2110,IP Video; Networking; PTP; RTP,AES3 Transparent Transport; IP Video; Networking; precision time protocol; PTP; real-time transport protocol; RTP; smpte 2110; ST 2110; ST 2110-31,active,2,2022-06-24,https://pub.smpte.org/doc/st2110-31/,https://pub.smpte.org/doc/st2110-31/20220624-pub/
ST 2110-40,SMPTE ST 291-1 Ancillary Data,ST,"Video formats, interfaces, and signal transport",ST 2110,Ancillary Data; IP Video; Mapping; Networking; Payload; PTP; RTP,Ancillary Data; IP Video; Mapping; Networking; Payload; precision time protocol; PTP; real-time transport protocol; RTP; smpte 2110; SMPTE ST 291-1 Ancillary Data; ST 2110; ST 2110-40,active,2,2023-12-31,https://pub.smpte.org/doc/st2110-40/,https://pub.smpte.org/doc/st2110-40/20231231-pub/
ST 2110-41,Fast Metadata Framework,ST,"Metadata, captions, subtitles, and identifiers",ST 2110,Identifier; IP Video; Metadata; Networking; PTP; Registry; RTP,Fast Metadata Framework; Identifier; IP Video; meta data; Metadata; Networking; precision time protocol; PTP; real-time transport protocol; Registry; RTP; smpte 2110; ST 2110; ST 2110-41,active,1,2024-03-08,https://pub.smpte.org/doc/st2110-41/,https://pub.smpte.org/doc/st2110-41/20240308-pub/
ST 2110-43,Timed Text Markup Language for Captions and Subtitles,ST,"Metadata, captions, subtitles, and identifiers",ST 2110,Accessibility; Captions; IP Video; Networking; PTP; RTP; Subtitles,Accessibility; Captions; IP Video; Networking; precision time protocol; PTP; real-time transport protocol; RTP; smpte 2110; ST 2110; ST 2110-43; Subtitles; Timed Text Markup Language for Captions and Subtitles,active,1,2021-05-14,https://pub.smpte.org/doc/st2110-43/,https://pub.smpte.org/doc/st2110-43/20210514-pub/
ST 2112-10,Open Binding of Content Identifiers (OBID),ST,"Metadata, captions, subtitles, and identifiers",ST 2112,Identifier; Metadata; Registry,Identifier; meta data; Metadata; Open Binding of Content Identifiers (OBID); Registry; ST 2112; ST 2112-10,active,2,2020-07-26,https://pub.smpte.org/doc/st2112-10/,https://pub.smpte.org/doc/st2112-10/20200726-pub/
ST 2112-20,Open Binding of Distribution Channel IDs and Timestamps (OBID-TLC),ST,Audio,ST 2112,Audio,Audio; Open Binding of Distribution Channel IDs and Timestamps (OBID-TLC); ST 2112; ST 2112-20,active,2,2020-03-02,https://pub.smpte.org/doc/st2112-20/,https://pub.smpte.org/doc/st2112-20/20200302-pub/
ST 2113,Colorimetry of P3 Color Spaces,ST,"Color, HDR, imaging, and display",ST 2113,Color; Display; Imaging,Color; Colorimetry of P3 Color Spaces; Display; Imaging; ST 2113,stabilized,1,2018-12-10,https://pub.smpte.org/doc/st2113/,https://pub.smpte.org/doc/st2113/20181210-pub/
ST 2114,Unique Digital Media Identifier (C4 ID),ST,"Metadata, captions, subtitles, and identifiers",ST 2114,Identifier; Metadata; Registry,Identifier; meta data; Metadata; Registry; ST 2114; Unique Digital Media Identifier (C4 ID),active,1,2017-07-21,https://pub.smpte.org/doc/st2114/,https://pub.smpte.org/doc/st2114/20170721-pub/
ST 2115,Free Scale Gamut and Free Scale Log Characteristics of Camera Signals,ST,General standards and recommended practices,ST 2115,,Free Scale Gamut and Free Scale Log Characteristics of Camera Signals; ST 2115,active,2,2020-06-01,https://pub.smpte.org/doc/st2115/,https://pub.smpte.org/doc/st2115/20200601-pub/
ST 2116,Format for Non-PCM Audio and Data in AES3 — Carriage of Metadata of Serial ADM (Audio Definition Model),ST,Audio,ST 2116,Audio; Identifier; Loudness; Metadata; Registry; Sound,Audio; Format for Non-PCM Audio and Data in AES3 — Carriage of Metadata of Serial ADM (Audio Definition Model); Identifier; Loudness; meta data; Metadata; Registry; Sound; ST 2116,active,1,2019-10-18,https://pub.smpte.org/doc/st2116/,https://pub.smpte.org/doc/st2116/20191018-pub/
ST 2117-1,Part 1. Elementary Bitstream,ST,"Video formats, interfaces, and signal transport",ST 2117,Bitstream; Codec; Compression,Bitstream; Codec; Compression; Part 1. Elementary Bitstream; ST 2117; ST 2117-1,active,2,2022-12-30,https://pub.smpte.org/doc/st2117-1/,https://pub.smpte.org/doc/st2117-1/20221230-pub/
ST 2117-10,Mapping VC-6 into the MXF Generic Container,ST,"Files, wrappers, and interchange",ST 2117,Ancillary Data; Bitstream; Codec; Compression; Essence; File interchange; Mapping; Material Exchange Format; MXF; Payload; Wrapper,Ancillary Data; Bitstream; Codec; Compression; Essence; File interchange; Mapping; Mapping VC-6 into the MXF Generic Container; Material Exchange Format; MXF; Payload; ST 2117; ST 2117-10; Wrapper,active,1,2024-07-01,https://pub.smpte.org/doc/st2117-10/,https://pub.smpte.org/doc/st2117-10/20240701-pub/
ST 2120-1,Structure,ST,General standards and recommended practices,ST 2120,,ST 2120; ST 2120-1; Structure,active,1,2026-03-10,https://pub.smpte.org/doc/st2120-1/,https://pub.smpte.org/doc/st2120-1/20260310-pub/
ST 2122,Spectral Similarity Index (SSI),ST,General standards and recommended practices,ST 2122,,Spectral Similarity Index (SSI); ST 2122,active,1,2020-06-08,https://pub.smpte.org/doc/st2122/,https://pub.smpte.org/doc/st2122/20200608-pub/
ST 2123,SMPTE Metadata Registers,ST,"Metadata, captions, subtitles, and identifiers",ST 2123,Identifier; Metadata; Registry,Identifier; meta data; Metadata; Registry; SMPTE Metadata Registers; ST 2123,active,5,2025-03-13,https://pub.smpte.org/doc/st2123/,https://pub.smpte.org/doc/st2123/20250313-pub/
ST 2124,Material Exchange Format — Mapping JPEG XS Codestreams into the MXF Generic Container,ST,"Files, wrappers, and interchange",ST 2124,Ancillary Data; Bitstream; Codec; Compression; Essence; File interchange; Mapping; Material Exchange Format; MXF; Payload; Wrapper,Ancillary Data; Bitstream; Codec; Compression; Essence; File interchange; Mapping; Material Exchange Format; Material Exchange Format — Mapping JPEG XS Codestreams into the MXF Generic Container; MXF; Payload; ST 2124; Wrapper,active,1,2020-09-29,https://pub.smpte.org/doc/st2124/,https://pub.smpte.org/doc/st2124/20200929-pub/
ST 2126,Microservice Status Reporting and Logging,ST,General standards and recommended practices,ST 2126,,Microservice Status Reporting and Logging; ST 2126,active,1,2025-08-29,https://pub.smpte.org/doc/st2126/,https://pub.smpte.org/doc/st2126/20250829-pub/
ST 2127-1,Mapping Metadata-Guided Audio (MGA) signals into the MXF Constrained Generic Container,ST,Audio,ST 2127,Ancillary Data; Audio; Essence; File interchange; Identifier; Loudness; Mapping; Material Exchange Format; Metadata; MXF; Payload; Registry; Sound; Wrapper,Ancillary Data; Audio; Essence; File interchange; Identifier; Loudness; Mapping; Mapping Metadata-Guided Audio (MGA) signals into the MXF Constrained Generic Container; Material Exchange Format; meta data; Metadata; MXF; Payload; Registry; Sound; ST 2127; ST 2127-1; Wrapper,active,1,2022-03-09,https://pub.smpte.org/doc/st2127-1/,https://pub.smpte.org/doc/st2127-1/20220309-pub/
ST 2127-2,Mapping MGA Audio Metadata to ST 2110-41,ST,Audio,ST 2127,Ancillary Data; Audio; Identifier; IP Video; Loudness; Mapping; Metadata; Networking; Payload; PTP; Registry; RTP; Sound,Ancillary Data; Audio; Identifier; IP Video; Loudness; Mapping; Mapping MGA Audio Metadata to ST 2110-41; meta data; Metadata; Networking; Payload; precision time protocol; PTP; real-time transport protocol; Registry; RTP; smpte 2110; Sound; st 2110; ST 2127; ST 2127-2,active,1,2024-03-08,https://pub.smpte.org/doc/st2127-2/,https://pub.smpte.org/doc/st2127-2/20240308-pub/
ST 2127-10,Mapping Metadata-Guided Audio (MGA) signals with S-ADM Metadata into the MXF Constrained Generic Container,ST,Audio,ST 2127,Ancillary Data; Audio; Essence; File interchange; Identifier; Loudness; Mapping; Material Exchange Format; Metadata; MXF; Payload; Registry; Sound; Wrapper,Ancillary Data; Audio; Essence; File interchange; Identifier; Loudness; Mapping; Mapping Metadata-Guided Audio (MGA) signals with S-ADM Metadata into the MXF Constrained Generic Container; Material Exchange Format; meta data; Metadata; MXF; Payload; Registry; Sound; ST 2127; ST 2127-10; Wrapper,active,1,2022-03-09,https://pub.smpte.org/doc/st2127-10/,https://pub.smpte.org/doc/st2127-10/20220309-pub/
ST 2131,Mapping Audio Definition Model (ADM) and other audio metadata RIFF Chunks to MXF,ST,Audio,ST 2131,Ancillary Data; Audio; Essence; File interchange; Identifier; Loudness; Mapping; Material Exchange Format; Metadata; MXF; Payload; Registry; Sound; Wrapper,Ancillary Data; Audio; Essence; File interchange; Identifier; Loudness; Mapping; Mapping Audio Definition Model (ADM) and other audio metadata RIFF Chunks to MXF; Material Exchange Format; meta data; Metadata; MXF; Payload; Registry; Sound; ST 2131; Wrapper,active,1,2026-05-01,https://pub.smpte.org/doc/st2131/,https://pub.smpte.org/doc/st2131/20260501-pub/
ST 2134,MXF Descriptive Metadata Scheme for Compatible Time Labels (DMS-TLC),ST,"Metadata, captions, subtitles, and identifiers",ST 2134,Essence; File interchange; Identifier; IP Video; Material Exchange Format; Metadata; MXF; Networking; PTP; Registry; RTP; Wrapper,Essence; File interchange; Identifier; IP Video; Material Exchange Format; meta data; Metadata; MXF; MXF Descriptive Metadata Scheme for Compatible Time Labels (DMS-TLC); Networking; precision time protocol; PTP; real-time transport protocol; Registry; RTP; smpte 2110; st 2110; ST 2134; Wrapper,active,1,2025-01-29,https://pub.smpte.org/doc/st2134/,https://pub.smpte.org/doc/st2134/20250129-pub/
ST 2136-1,Core Specification,ST,General standards and recommended practices,ST 2136,,Core Specification; ST 2136; ST 2136-1,active,1,2026-02-26,https://pub.smpte.org/doc/st2136-1/,https://pub.smpte.org/doc/st2136-1/20260226-pub/
ST 2139,Signal Sync Alternate Mode,ST,"Timing, synchronization, and control",ST 2139,Timing,Signal Sync Alternate Mode; ST 2139; Timing,active,1,2025-12-09,https://pub.smpte.org/doc/st2139/,https://pub.smpte.org/doc/st2139/20251209-pub/
